FLastName, Attempt #,Attempt Start,Attempt End,Section #,Q #,Q Type,Q Title,Q Text,Bonus?,Difficulty,Answer,Answer Match,Score,Out Of
MAgha, 1,8/27/2026 11:07 AM,8/27/2026 11:11 AM,,1,MC,,"What is the answer to life, the universe, and everything?",False,1,38,UnChecked,0,1
MAgha, 1,8/27/2026 11:07 AM,8/27/2026 11:11 AM,,1,MC,,"What is the answer to life, the universe, and everything?",False,1,39,UnChecked,0,1
MAgha, 1,8/27/2026 11:07 AM,8/27/2026 11:11 AM,,1,MC,,"What is the answer to life, the universe, and everything?",False,1,40,Checked,0,1
MAgha, 1,8/27/2026 11:07 AM,8/27/2026 11:11 AM,,1,MC,,"What is the answer to life, the universe, and everything?",False,1,41,UnChecked,0,1
MAgha, 1,8/27/2026 11:07 AM,8/27/2026 11:11 AM,,2,MC,,"If you choose the answer to this question at random, what is the chance you will be correct?",False,1,25%,Checked,0,1
MAgha, 1,8/27/2026 11:07 AM,8/27/2026 11:11 AM,,2,MC,,"If you choose the answer to this question at random, what is the chance you will be correct?",False,1,50%,UnChecked,0,1
MAgha, 1,8/27/2026 11:07 AM,8/27/2026 11:11 AM,,2,MC,,"If you choose the answer to this question at random, what is the chance you will be correct?",False,1,60%,UnChecked,0,1
MAgha, 1,8/27/2026 11:07 AM,8/27/2026 11:11 AM,,2,MC,,"If you choose the answer to this question at random, what is the chance you will be correct?",False,1,25%,UnChecked,0,1
MAgha, 1,8/27/2026 11:07 AM,8/27/2026 11:11 AM,,3,T/F,,"Should the word ""Abbreviation"" be shorter?",False,1,True,UnChecked,0,1
MAgha, 1,8/27/2026 11:07 AM,8/27/2026 11:11 AM,,3,T/F,,"Should the word ""Abbreviation"" be shorter?",False,1,False,Checked,0,1
MAgha, 1,8/27/2026 11:07 AM,8/27/2026 11:11 AM,,4,MC,,How many letters are in the alphabet?,False,1,11,UnChecked,0,1
MAgha, 1,8/27/2026 11:07 AM,8/27/2026 11:11 AM,,4,MC,,How many letters are in the alphabet?,False,1,7,UnChecked,0,1
MAgha, 1,8/27/2026 11:07 AM,8/27/2026 11:11 AM,,4,MC,,How many letters are in the alphabet?,False,1,26,UnChecked,0,1
MAgha, 1,8/27/2026 11:07 AM,8/27/2026 11:11 AM,,4,MC,,How many letters are in the alphabet?,False,1,11010,Checked,0,1
MAgha, 1,8/27/2026 11:07 AM,8/27/2026 11:11 AM,,5,MC,,"If you take a ship and replaced all of the parts until none of the original parts of this ship are a part of the ship, what happens?",False,1,Disney sues you,UnChecked,0,1
MAgha, 1,8/27/2026 11:07 AM,8/27/2026 11:11 AM,,5,MC,,"If you take a ship and replaced all of the parts until none of the original parts of this ship are a part of the ship, what happens?",False,1,Paul Bettany joins you,Checked,0,1
MAgha, 1,8/27/2026 11:07 AM,8/27/2026 11:11 AM,,5,MC,,"If you take a ship and replaced all of the parts until none of the original parts of this ship are a part of the ship, what happens?",False,1,You have two ships,UnChecked,0,1
MAgha, 1,8/27/2026 11:07 AM,8/27/2026 11:11 AM,,6,T/F,,Something can be both New and Improved,False,1,True,Checked,0,1
MAgha, 1,8/27/2026 11:07 AM,8/27/2026 11:11 AM,,6,T/F,,Something can be both New and Improved,False,1,False,UnChecked,0,1
MAgha, 1,8/27/2026 11:07 AM,8/27/2026 11:11 AM,,7,FIB,,"My bologna has a first name, it's _______ my bologna has a second name, it's _______ ",False,1,Answer for blank # 1,My,0,1
MAgha, 1,8/27/2026 11:07 AM,8/27/2026 11:11 AM,,7,FIB,,"My bologna has a first name, it's _______ my bologna has a second name, it's _______ ",False,1,Answer for blank # 2,bologna,0,1
MAgha, 1,8/27/2026 11:07 AM,8/27/2026 11:11 AM,,8,MC,,Is your answer to this question 'no'?,False,1,yes,Checked,1,1
MAgha, 1,8/27/2026 11:07 AM,8/27/2026 11:11 AM,,8,MC,,Is your answer to this question 'no'?,False,1,no,UnChecked,1,1
MAgha, 1,8/27/2026 11:07 AM,8/27/2026 11:11 AM,,9,MC,,"In the word ""scent"", which letter is silent?",False,1,s,UnChecked,0,1
MAgha, 1,8/27/2026 11:07 AM,8/27/2026 11:11 AM,,9,MC,,"In the word ""scent"", which letter is silent?",False,1,c,Checked,0,1
MAgha, 1,8/27/2026 11:07 AM,8/27/2026 11:11 AM,,9,MC,,"In the word ""scent"", which letter is silent?",False,1,a,UnChecked,0,1
MAgha, 1,8/27/2026 11:07 AM,8/27/2026 11:11 AM,,9,MC,,"In the word ""scent"", which letter is silent?",False,1,p,UnChecked,0,1
MAgha, 1,8/27/2026 11:07 AM,8/27/2026 11:11 AM,,10,MC,,"If revenge is a dish best served cold, and revenge is sweet, then revenge is:",False,1,ice cream,UnChecked,0,1
MAgha, 1,8/27/2026 11:07 AM,8/27/2026 11:11 AM,,10,MC,,"If revenge is a dish best served cold, and revenge is sweet, then revenge is:",False,1,a popsicle,UnChecked,0,1
MAgha, 1,8/27/2026 11:07 AM,8/27/2026 11:11 AM,,10,MC,,"If revenge is a dish best served cold, and revenge is sweet, then revenge is:",False,1,coca cola,Checked,0,1
MAgha, 1,8/27/2026 11:07 AM,8/27/2026 11:11 AM,,10,MC,,"If revenge is a dish best served cold, and revenge is sweet, then revenge is:",False,1,frozen yogurt,UnChecked,0,1
SAquino, 1,8/27/2026 11:07 AM,8/27/2026 11:12 AM,,1,MC,,"What is the answer to life, the universe, and everything?",False,1,38,Checked,0,1
SAquino, 1,8/27/2026 11:07 AM,8/27/2026 11:12 AM,,1,MC,,"What is the answer to life, the universe, and everything?",False,1,39,UnChecked,0,1
SAquino, 1,8/27/2026 11:07 AM,8/27/2026 11:12 AM,,1,MC,,"What is the answer to life, the universe, and everything?",False,1,40,UnChecked,0,1
SAquino, 1,8/27/2026 11:07 AM,8/27/2026 11:12 AM,,1,MC,,"What is the answer to life, the universe, and everything?",False,1,41,UnChecked,0,1
SAquino, 1,8/27/2026 11:07 AM,8/27/2026 11:12 AM,,2,MC,,"If you choose the answer to this question at random, what is the chance you will be correct?",False,1,25%,Checked,0,1
SAquino, 1,8/27/2026 11:07 AM,8/27/2026 11:12 AM,,2,MC,,"If you choose the answer to this question at random, what is the chance you will be correct?",False,1,50%,UnChecked,0,1
SAquino, 1,8/27/2026 11:07 AM,8/27/2026 11:12 AM,,2,MC,,"If you choose the answer to this question at random, what is the chance you will be correct?",False,1,60%,UnChecked,0,1
SAquino, 1,8/27/2026 11:07 AM,8/27/2026 11:12 AM,,2,MC,,"If you choose the answer to this question at random, what is the chance you will be correct?",False,1,25%,UnChecked,0,1
SAquino, 1,8/27/2026 11:07 AM,8/27/2026 11:12 AM,,3,T/F,,"Should the word ""Abbreviation"" be shorter?",False,1,True,Checked,1,1
SAquino, 1,8/27/2026 11:07 AM,8/27/2026 11:12 AM,,3,T/F,,"Should the word ""Abbreviation"" be shorter?",False,1,False,UnChecked,1,1
SAquino, 1,8/27/2026 11:07 AM,8/27/2026 11:12 AM,,4,MC,,How many letters are in the alphabet?,False,1,11,UnChecked,0,1
SAquino, 1,8/27/2026 11:07 AM,8/27/2026 11:12 AM,,4,MC,,How many letters are in the alphabet?,False,1,7,UnChecked,0,1
SAquino, 1,8/27/2026 11:07 AM,8/27/2026 11:12 AM,,4,MC,,How many letters are in the alphabet?,False,1,26,Checked,0,1
SAquino, 1,8/27/2026 11:07 AM,8/27/2026 11:12 AM,,4,MC,,How many letters are in the alphabet?,False,1,11010,UnChecked,0,1
SAquino, 1,8/27/2026 11:07 AM,8/27/2026 11:12 AM,,5,MC,,"If you take a ship and replaced all of the parts until none of the original parts of this ship are a part of the ship, what happens?",False,1,Disney sues you,UnChecked,0,1
SAquino, 1,8/27/2026 11:07 AM,8/27/2026 11:12 AM,,5,MC,,"If you take a ship and replaced all of the parts until none of the original parts of this ship are a part of the ship, what happens?",False,1,Paul Bettany joins you,Checked,0,1
SAquino, 1,8/27/2026 11:07 AM,8/27/2026 11:12 AM,,5,MC,,"If you take a ship and replaced all of the parts until none of the original parts of this ship are a part of the ship, what happens?",False,1,You have two ships,UnChecked,0,1
SAquino, 1,8/27/2026 11:07 AM,8/27/2026 11:12 AM,,6,T/F,,Something can be both New and Improved,False,1,True,Checked,0,1
SAquino, 1,8/27/2026 11:07 AM,8/27/2026 11:12 AM,,6,T/F,,Something can be both New and Improved,False,1,False,UnChecked,0,1
SAquino, 1,8/27/2026 11:07 AM,8/27/2026 11:12 AM,,7,FIB,,"My bologna has a first name, it's _______ my bologna has a second name, it's _______ ",False,1,Answer for blank # 1,Peter,0,1
SAquino, 1,8/27/2026 11:07 AM,8/27/2026 11:12 AM,,7,FIB,,"My bologna has a first name, it's _______ my bologna has a second name, it's _______ ",False,1,Answer for blank # 2,Pater,0,1
SAquino, 1,8/27/2026 11:07 AM,8/27/2026 11:12 AM,,8,MC,,Is your answer to this question 'no'?,False,1,yes,UnChecked,0,1
SAquino, 1,8/27/2026 11:07 AM,8/27/2026 11:12 AM,,8,MC,,Is your answer to this question 'no'?,False,1,no,Checked,0,1
SAquino, 1,8/27/2026 11:07 AM,8/27/2026 11:12 AM,,9,MC,,"In the word ""scent"", which letter is silent?",False,1,s,UnChecked,0,1
SAquino, 1,8/27/2026 11:07 AM,8/27/2026 11:12 AM,,9,MC,,"In the word ""scent"", which letter is silent?",False,1,c,Checked,0,1
SAquino, 1,8/27/2026 11:07 AM,8/27/2026 11:12 AM,,9,MC,,"In the word ""scent"", which letter is silent?",False,1,a,UnChecked,0,1
SAquino, 1,8/27/2026 11:07 AM,8/27/2026 11:12 AM,,9,MC,,"In the word ""scent"", which letter is silent?",False,1,p,UnChecked,0,1
SAquino, 1,8/27/2026 11:07 AM,8/27/2026 11:12 AM,,10,MC,,"If revenge is a dish best served cold, and revenge is sweet, then revenge is:",False,1,ice cream,UnChecked,0,1
SAquino, 1,8/27/2026 11:07 AM,8/27/2026 11:12 AM,,10,MC,,"If revenge is a dish best served cold, and revenge is sweet, then revenge is:",False,1,a popsicle,Checked,0,1
SAquino, 1,8/27/2026 11:07 AM,8/27/2026 11:12 AM,,10,MC,,"If revenge is a dish best served cold, and revenge is sweet, then revenge is:",False,1,coca cola,UnChecked,0,1
SAquino, 1,8/27/2026 11:07 AM,8/27/2026 11:12 AM,,10,MC,,"If revenge is a dish best served cold, and revenge is sweet, then revenge is:",False,1,frozen yogurt,UnChecked,0,1
CBenevich, 1,8/27/2026 11:08 AM,8/27/2026 11:11 AM,,1,MC,,"What is the answer to life, the universe, and everything?",False,1,38,UnChecked,0,1
CBenevich, 1,8/27/2026 11:08 AM,8/27/2026 11:11 AM,,1,MC,,"What is the answer to life, the universe, and everything?",False,1,39,UnChecked,0,1
CBenevich, 1,8/27/2026 11:08 AM,8/27/2026 11:11 AM,,1,MC,,"What is the answer to life, the universe, and everything?",False,1,40,Checked,0,1
CBenevich, 1,8/27/2026 11:08 AM,8/27/2026 11:11 AM,,1,MC,,"What is the answer to life, the universe, and everything?",False,1,41,UnChecked,0,1
CBenevich, 1,8/27/2026 11:08 AM,8/27/2026 11:11 AM,,2,MC,,"If you choose the answer to this question at random, what is the chance you will be correct?",False,1,25%,UnChecked,0,1
CBenevich, 1,8/27/2026 11:08 AM,8/27/2026 11:11 AM,,2,MC,,"If you choose the answer to this question at random, what is the chance you will be correct?",False,1,50%,Checked,0,1
CBenevich, 1,8/27/2026 11:08 AM,8/27/2026 11:11 AM,,2,MC,,"If you choose the answer to this question at random, what is the chance you will be correct?",False,1,60%,UnChecked,0,1
CBenevich, 1,8/27/2026 11:08 AM,8/27/2026 11:11 AM,,2,MC,,"If you choose the answer to this question at random, what is the chance you will be correct?",False,1,25%,UnChecked,0,1
CBenevich, 1,8/27/2026 11:08 AM,8/27/2026 11:11 AM,,3,T/F,,"Should the word ""Abbreviation"" be shorter?",False,1,True,UnChecked,0,1
CBenevich, 1,8/27/2026 11:08 AM,8/27/2026 11:11 AM,,3,T/F,,"Should the word ""Abbreviation"" be shorter?",False,1,False,Checked,0,1
CBenevich, 1,8/27/2026 11:08 AM,8/27/2026 11:11 AM,,4,MC,,How many letters are in the alphabet?,False,1,11,UnChecked,0,1
CBenevich, 1,8/27/2026 11:08 AM,8/27/2026 11:11 AM,,4,MC,,How many letters are in the alphabet?,False,1,7,UnChecked,0,1
CBenevich, 1,8/27/2026 11:08 AM,8/27/2026 11:11 AM,,4,MC,,How many letters are in the alphabet?,False,1,26,Checked,0,1
CBenevich, 1,8/27/2026 11:08 AM,8/27/2026 11:11 AM,,4,MC,,How many letters are in the alphabet?,False,1,11010,UnChecked,0,1
CBenevich, 1,8/27/2026 11:08 AM,8/27/2026 11:11 AM,,5,MC,,"If you take a ship and replaced all of the parts until none of the original parts of this ship are a part of the ship, what happens?",False,1,Disney sues you,Checked,0,1
CBenevich, 1,8/27/2026 11:08 AM,8/27/2026 11:11 AM,,5,MC,,"If you take a ship and replaced all of the parts until none of the original parts of this ship are a part of the ship, what happens?",False,1,Paul Bettany joins you,UnChecked,0,1
CBenevich, 1,8/27/2026 11:08 AM,8/27/2026 11:11 AM,,5,MC,,"If you take a ship and replaced all of the parts until none of the original parts of this ship are a part of the ship, what happens?",False,1,You have two ships,UnChecked,0,1
CBenevich, 1,8/27/2026 11:08 AM,8/27/2026 11:11 AM,,6,T/F,,Something can be both New and Improved,False,1,True,Checked,0,1
CBenevich, 1,8/27/2026 11:08 AM,8/27/2026 11:11 AM,,6,T/F,,Something can be both New and Improved,False,1,False,UnChecked,0,1
CBenevich, 1,8/27/2026 11:08 AM,8/27/2026 11:11 AM,,7,FIB,,"My bologna has a first name, it's _______ my bologna has a second name, it's _______ ",False,1,Answer for blank # 1,Jif,0,1
CBenevich, 1,8/27/2026 11:08 AM,8/27/2026 11:11 AM,,7,FIB,,"My bologna has a first name, it's _______ my bologna has a second name, it's _______ ",False,1,Answer for blank # 2,Bob,0,1
CBenevich, 1,8/27/2026 11:08 AM,8/27/2026 11:11 AM,,8,MC,,Is your answer to this question 'no'?,False,1,yes,UnChecked,0,1
CBenevich, 1,8/27/2026 11:08 AM,8/27/2026 11:11 AM,,8,MC,,Is your answer to this question 'no'?,False,1,no,Checked,0,1
CBenevich, 1,8/27/2026 11:08 AM,8/27/2026 11:11 AM,,9,MC,,"In the word ""scent"", which letter is silent?",False,1,s,UnChecked,0,1
CBenevich, 1,8/27/2026 11:08 AM,8/27/2026 11:11 AM,,9,MC,,"In the word ""scent"", which letter is silent?",False,1,c,Checked,0,1
CBenevich, 1,8/27/2026 11:08 AM,8/27/2026 11:11 AM,,9,MC,,"In the word ""scent"", which letter is silent?",False,1,a,UnChecked,0,1
CBenevich, 1,8/27/2026 11:08 AM,8/27/2026 11:11 AM,,9,MC,,"In the word ""scent"", which letter is silent?",False,1,p,UnChecked,0,1
CBenevich, 1,8/27/2026 11:08 AM,8/27/2026 11:11 AM,,10,MC,,"If revenge is a dish best served cold, and revenge is sweet, then revenge is:",False,1,frozen yogurt,UnChecked,1,1
CBenevich, 1,8/27/2026 11:08 AM,8/27/2026 11:11 AM,,10,MC,,"If revenge is a dish best served cold, and revenge is sweet, then revenge is:",False,1,a popsicle,UnChecked,1,1
CBenevich, 1,8/27/2026 11:08 AM,8/27/2026 11:11 AM,,10,MC,,"If revenge is a dish best served cold, and revenge is sweet, then revenge is:",False,1,coca cola,UnChecked,1,1
CBenevich, 1,8/27/2026 11:08 AM,8/27/2026 11:11 AM,,10,MC,,"If revenge is a dish best served cold, and revenge is sweet, then revenge is:",False,1,ice cream,Checked,1,1
MBowling, 1,8/27/2026 11:01 AM,8/27/2026 11:03 AM,,1,MC,,"What is the answer to life, the universe, and everything?",False,1,38,UnChecked,0,1
MBowling, 1,8/27/2026 11:01 AM,8/27/2026 11:03 AM,,1,MC,,"What is the answer to life, the universe, and everything?",False,1,39,UnChecked,0,1
MBowling, 1,8/27/2026 11:01 AM,8/27/2026 11:03 AM,,1,MC,,"What is the answer to life, the universe, and everything?",False,1,40,Checked,0,1
MBowling, 1,8/27/2026 11:01 AM,8/27/2026 11:03 AM,,1,MC,,"What is the answer to life, the universe, and everything?",False,1,41,UnChecked,0,1
MBowling, 1,8/27/2026 11:01 AM,8/27/2026 11:03 AM,,2,MC,,"If you choose the answer to this question at random, what is the chance you will be correct?",False,1,25%,UnChecked,1,1
MBowling, 1,8/27/2026 11:01 AM,8/27/2026 11:03 AM,,2,MC,,"If you choose the answer to this question at random, what is the chance you will be correct?",False,1,50%,UnChecked,1,1
MBowling, 1,8/27/2026 11:01 AM,8/27/2026 11:03 AM,,2,MC,,"If you choose the answer to this question at random, what is the chance you will be correct?",False,1,60%,Checked,1,1
MBowling, 1,8/27/2026 11:01 AM,8/27/2026 11:03 AM,,2,MC,,"If you choose the answer to this question at random, what is the chance you will be correct?",False,1,25%,UnChecked,1,1
MBowling, 1,8/27/2026 11:01 AM,8/27/2026 11:03 AM,,3,T/F,,"Should the word ""Abbreviation"" be shorter?",False,1,True,Checked,1,1
MBowling, 1,8/27/2026 11:01 AM,8/27/2026 11:03 AM,,3,T/F,,"Should the word ""Abbreviation"" be shorter?",False,1,False,UnChecked,1,1
MBowling, 1,8/27/2026 11:01 AM,8/27/2026 11:03 AM,,4,MC,,How many letters are in the alphabet?,False,1,11,UnChecked,0,1
MBowling, 1,8/27/2026 11:01 AM,8/27/2026 11:03 AM,,4,MC,,How many letters are in the alphabet?,False,1,7,UnChecked,0,1
MBowling, 1,8/27/2026 11:01 AM,8/27/2026 11:03 AM,,4,MC,,How many letters are in the alphabet?,False,1,26,Checked,0,1
MBowling, 1,8/27/2026 11:01 AM,8/27/2026 11:03 AM,,4,MC,,How many letters are in the alphabet?,False,1,11010,UnChecked,0,1
MBowling, 1,8/27/2026 11:01 AM,8/27/2026 11:03 AM,,5,MC,,"If you take a ship and replaced all of the parts until none of the original parts of this ship are a part of the ship, what happens?",False,1,Disney sues you,Checked,0,1
MBowling, 1,8/27/2026 11:01 AM,8/27/2026 11:03 AM,,5,MC,,"If you take a ship and replaced all of the parts until none of the original parts of this ship are a part of the ship, what happens?",False,1,Paul Bettany joins you,UnChecked,0,1
MBowling, 1,8/27/2026 11:01 AM,8/27/2026 11:03 AM,,5,MC,,"If you take a ship and replaced all of the parts until none of the original parts of this ship are a part of the ship, what happens?",False,1,You have two ships,UnChecked,0,1
MBowling, 1,8/27/2026 11:01 AM,8/27/2026 11:03 AM,,6,T/F,,Something can be both New and Improved,False,1,True,Checked,0,1
MBowling, 1,8/27/2026 11:01 AM,8/27/2026 11:03 AM,,6,T/F,,Something can be both New and Improved,False,1,False,UnChecked,0,1
MBowling, 1,8/27/2026 11:01 AM,8/27/2026 11:03 AM,,7,FIB,,"My bologna has a first name, it's _______ my bologna has a second name, it's _______ ",False,1,Answer for blank # 1,Helen,0,1
MBowling, 1,8/27/2026 11:01 AM,8/27/2026 11:03 AM,,7,FIB,,"My bologna has a first name, it's _______ my bologna has a second name, it's _______ ",False,1,Answer for blank # 2,Keller,0,1
MBowling, 1,8/27/2026 11:01 AM,8/27/2026 11:03 AM,,8,MC,,Is your answer to this question 'no'?,False,1,yes,Checked,1,1
MBowling, 1,8/27/2026 11:01 AM,8/27/2026 11:03 AM,,8,MC,,Is your answer to this question 'no'?,False,1,no,UnChecked,1,1
MBowling, 1,8/27/2026 11:01 AM,8/27/2026 11:03 AM,,9,MC,,"In the word ""scent"", which letter is silent?",False,1,s,UnChecked,0,1
MBowling, 1,8/27/2026 11:01 AM,8/27/2026 11:03 AM,,9,MC,,"In the word ""scent"", which letter is silent?",False,1,c,Checked,0,1
MBowling, 1,8/27/2026 11:01 AM,8/27/2026 11:03 AM,,9,MC,,"In the word ""scent"", which letter is silent?",False,1,a,UnChecked,0,1
MBowling, 1,8/27/2026 11:01 AM,8/27/2026 11:03 AM,,9,MC,,"In the word ""scent"", which letter is silent?",False,1,p,UnChecked,0,1
MBowling, 1,8/27/2026 11:01 AM,8/27/2026 11:03 AM,,10,MC,,"If revenge is a dish best served cold, and revenge is sweet, then revenge is:",False,1,coca cola,UnChecked,1,1
MBowling, 1,8/27/2026 11:01 AM,8/27/2026 11:03 AM,,10,MC,,"If revenge is a dish best served cold, and revenge is sweet, then revenge is:",False,1,a popsicle,UnChecked,1,1
MBowling, 1,8/27/2026 11:01 AM,8/27/2026 11:03 AM,,10,MC,,"If revenge is a dish best served cold, and revenge is sweet, then revenge is:",False,1,frozen yogurt,UnChecked,1,1
MBowling, 1,8/27/2026 11:01 AM,8/27/2026 11:03 AM,,10,MC,,"If revenge is a dish best served cold, and revenge is sweet, then revenge is:",False,1,ice cream,Checked,1,1
BDuffy, 1,8/27/2026 11:07 AM,8/27/2026 11:10 AM,,1,MC,,"What is the answer to life, the universe, and everything?",False,1,38,UnChecked,0,1
BDuffy, 1,8/27/2026 11:07 AM,8/27/2026 11:10 AM,,1,MC,,"What is the answer to life, the universe, and everything?",False,1,39,UnChecked,0,1
BDuffy, 1,8/27/2026 11:07 AM,8/27/2026 11:10 AM,,1,MC,,"What is the answer to life, the universe, and everything?",False,1,40,UnChecked,0,1
BDuffy, 1,8/27/2026 11:07 AM,8/27/2026 11:10 AM,,1,MC,,"What is the answer to life, the universe, and everything?",False,1,41,Checked,0,1
BDuffy, 1,8/27/2026 11:07 AM,8/27/2026 11:10 AM,,2,MC,,"If you choose the answer to this question at random, what is the chance you will be correct?",False,1,25%,UnChecked,0,1
BDuffy, 1,8/27/2026 11:07 AM,8/27/2026 11:10 AM,,2,MC,,"If you choose the answer to this question at random, what is the chance you will be correct?",False,1,50%,Checked,0,1
BDuffy, 1,8/27/2026 11:07 AM,8/27/2026 11:10 AM,,2,MC,,"If you choose the answer to this question at random, what is the chance you will be correct?",False,1,60%,UnChecked,0,1
BDuffy, 1,8/27/2026 11:07 AM,8/27/2026 11:10 AM,,2,MC,,"If you choose the answer to this question at random, what is the chance you will be correct?",False,1,25%,UnChecked,0,1
BDuffy, 1,8/27/2026 11:07 AM,8/27/2026 11:10 AM,,3,T/F,,"Should the word ""Abbreviation"" be shorter?",False,1,True,Checked,1,1
BDuffy, 1,8/27/2026 11:07 AM,8/27/2026 11:10 AM,,3,T/F,,"Should the word ""Abbreviation"" be shorter?",False,1,False,UnChecked,1,1
BDuffy, 1,8/27/2026 11:07 AM,8/27/2026 11:10 AM,,4,MC,,How many letters are in the alphabet?,False,1,11,UnChecked,0,1
BDuffy, 1,8/27/2026 11:07 AM,8/27/2026 11:10 AM,,4,MC,,How many letters are in the alphabet?,False,1,7,UnChecked,0,1
BDuffy, 1,8/27/2026 11:07 AM,8/27/2026 11:10 AM,,4,MC,,How many letters are in the alphabet?,False,1,26,UnChecked,0,1
BDuffy, 1,8/27/2026 11:07 AM,8/27/2026 11:10 AM,,4,MC,,How many letters are in the alphabet?,False,1,11010,Checked,0,1
BDuffy, 1,8/27/2026 11:07 AM,8/27/2026 11:10 AM,,5,MC,,"If you take a ship and replaced all of the parts until none of the original parts of this ship are a part of the ship, what happens?",False,1,Disney sues you,UnChecked,1,1
BDuffy, 1,8/27/2026 11:07 AM,8/27/2026 11:10 AM,,5,MC,,"If you take a ship and replaced all of the parts until none of the original parts of this ship are a part of the ship, what happens?",False,1,Paul Bettany joins you,UnChecked,1,1
BDuffy, 1,8/27/2026 11:07 AM,8/27/2026 11:10 AM,,5,MC,,"If you take a ship and replaced all of the parts until none of the original parts of this ship are a part of the ship, what happens?",False,1,You have two ships,Checked,1,1
BDuffy, 1,8/27/2026 11:07 AM,8/27/2026 11:10 AM,,6,T/F,,Something can be both New and Improved,False,1,True,Checked,0,1
BDuffy, 1,8/27/2026 11:07 AM,8/27/2026 11:10 AM,,6,T/F,,Something can be both New and Improved,False,1,False,UnChecked,0,1
BDuffy, 1,8/27/2026 11:07 AM,8/27/2026 11:10 AM,,7,FIB,,"My bologna has a first name, it's _______ my bologna has a second name, it's _______ ",False,1,Answer for blank # 1,OSCAR,0,1
BDuffy, 1,8/27/2026 11:07 AM,8/27/2026 11:10 AM,,7,FIB,,"My bologna has a first name, it's _______ my bologna has a second name, it's _______ ",False,1,Answer for blank # 2,MEYER,0,1
BDuffy, 1,8/27/2026 11:07 AM,8/27/2026 11:10 AM,,8,MC,,Is your answer to this question 'no'?,False,1,yes,Checked,1,1
BDuffy, 1,8/27/2026 11:07 AM,8/27/2026 11:10 AM,,8,MC,,Is your answer to this question 'no'?,False,1,no,UnChecked,1,1
BDuffy, 1,8/27/2026 11:07 AM,8/27/2026 11:10 AM,,9,MC,,"In the word ""scent"", which letter is silent?",False,1,s,UnChecked,0,1
BDuffy, 1,8/27/2026 11:07 AM,8/27/2026 11:10 AM,,9,MC,,"In the word ""scent"", which letter is silent?",False,1,c,UnChecked,0,1
BDuffy, 1,8/27/2026 11:07 AM,8/27/2026 11:10 AM,,9,MC,,"In the word ""scent"", which letter is silent?",False,1,a,UnChecked,0,1
BDuffy, 1,8/27/2026 11:07 AM,8/27/2026 11:10 AM,,9,MC,,"In the word ""scent"", which letter is silent?",False,1,p,Checked,0,1
BDuffy, 1,8/27/2026 11:07 AM,8/27/2026 11:10 AM,,10,MC,,"If revenge is a dish best served cold, and revenge is sweet, then revenge is:",False,1,coca cola,UnChecked,1,1
BDuffy, 1,8/27/2026 11:07 AM,8/27/2026 11:10 AM,,10,MC,,"If revenge is a dish best served cold, and revenge is sweet, then revenge is:",False,1,a popsicle,UnChecked,1,1
BDuffy, 1,8/27/2026 11:07 AM,8/27/2026 11:10 AM,,10,MC,,"If revenge is a dish best served cold, and revenge is sweet, then revenge is:",False,1,frozen yogurt,UnChecked,1,1
BDuffy, 1,8/27/2026 11:07 AM,8/27/2026 11:10 AM,,10,MC,,"If revenge is a dish best served cold, and revenge is sweet, then revenge is:",False,1,ice cream,Checked,1,1
ZEllison, 1,8/27/2026 11:07 AM,8/27/2026 11:09 AM,,1,MC,,"What is the answer to life, the universe, and everything?",False,1,38,UnChecked,0,1
ZEllison, 1,8/27/2026 11:07 AM,8/27/2026 11:09 AM,,1,MC,,"What is the answer to life, the universe, and everything?",False,1,39,UnChecked,0,1
ZEllison, 1,8/27/2026 11:07 AM,8/27/2026 11:09 AM,,1,MC,,"What is the answer to life, the universe, and everything?",False,1,40,Checked,0,1
ZEllison, 1,8/27/2026 11:07 AM,8/27/2026 11:09 AM,,1,MC,,"What is the answer to life, the universe, and everything?",False,1,41,UnChecked,0,1
ZEllison, 1,8/27/2026 11:07 AM,8/27/2026 11:09 AM,,2,MC,,"If you choose the answer to this question at random, what is the chance you will be correct?",False,1,25%,Checked,0,1
ZEllison, 1,8/27/2026 11:07 AM,8/27/2026 11:09 AM,,2,MC,,"If you choose the answer to this question at random, what is the chance you will be correct?",False,1,50%,UnChecked,0,1
ZEllison, 1,8/27/2026 11:07 AM,8/27/2026 11:09 AM,,2,MC,,"If you choose the answer to this question at random, what is the chance you will be correct?",False,1,60%,UnChecked,0,1
ZEllison, 1,8/27/2026 11:07 AM,8/27/2026 11:09 AM,,2,MC,,"If you choose the answer to this question at random, what is the chance you will be correct?",False,1,25%,UnChecked,0,1
ZEllison, 1,8/27/2026 11:07 AM,8/27/2026 11:09 AM,,3,T/F,,"Should the word ""Abbreviation"" be shorter?",False,1,True,Checked,1,1
ZEllison, 1,8/27/2026 11:07 AM,8/27/2026 11:09 AM,,3,T/F,,"Should the word ""Abbreviation"" be shorter?",False,1,False,UnChecked,1,1
ZEllison, 1,8/27/2026 11:07 AM,8/27/2026 11:09 AM,,4,MC,,How many letters are in the alphabet?,False,1,11,UnChecked,0,1
ZEllison, 1,8/27/2026 11:07 AM,8/27/2026 11:09 AM,,4,MC,,How many letters are in the alphabet?,False,1,7,UnChecked,0,1
ZEllison, 1,8/27/2026 11:07 AM,8/27/2026 11:09 AM,,4,MC,,How many letters are in the alphabet?,False,1,26,Checked,0,1
ZEllison, 1,8/27/2026 11:07 AM,8/27/2026 11:09 AM,,4,MC,,How many letters are in the alphabet?,False,1,11010,UnChecked,0,1
ZEllison, 1,8/27/2026 11:07 AM,8/27/2026 11:09 AM,,5,MC,,"If you take a ship and replaced all of the parts until none of the original parts of this ship are a part of the ship, what happens?",False,1,Disney sues you,Checked,0,1
ZEllison, 1,8/27/2026 11:07 AM,8/27/2026 11:09 AM,,5,MC,,"If you take a ship and replaced all of the parts until none of the original parts of this ship are a part of the ship, what happens?",False,1,Paul Bettany joins you,UnChecked,0,1
ZEllison, 1,8/27/2026 11:07 AM,8/27/2026 11:09 AM,,5,MC,,"If you take a ship and replaced all of the parts until none of the original parts of this ship are a part of the ship, what happens?",False,1,You have two ships,UnChecked,0,1
ZEllison, 1,8/27/2026 11:07 AM,8/27/2026 11:09 AM,,6,T/F,,Something can be both New and Improved,False,1,True,Checked,0,1
ZEllison, 1,8/27/2026 11:07 AM,8/27/2026 11:09 AM,,6,T/F,,Something can be both New and Improved,False,1,False,UnChecked,0,1
ZEllison, 1,8/27/2026 11:07 AM,8/27/2026 11:09 AM,,7,FIB,,"My bologna has a first name, it's _______ my bologna has a second name, it's _______ ",False,1,Answer for blank # 1,steve,0,1
ZEllison, 1,8/27/2026 11:07 AM,8/27/2026 11:09 AM,,7,FIB,,"My bologna has a first name, it's _______ my bologna has a second name, it's _______ ",False,1,Answer for blank # 2,jeff,0,1
ZEllison, 1,8/27/2026 11:07 AM,8/27/2026 11:09 AM,,8,MC,,Is your answer to this question 'no'?,False,1,yes,Checked,1,1
ZEllison, 1,8/27/2026 11:07 AM,8/27/2026 11:09 AM,,8,MC,,Is your answer to this question 'no'?,False,1,no,UnChecked,1,1
ZEllison, 1,8/27/2026 11:07 AM,8/27/2026 11:09 AM,,9,MC,,"In the word ""scent"", which letter is silent?",False,1,s,UnChecked,0,1
ZEllison, 1,8/27/2026 11:07 AM,8/27/2026 11:09 AM,,9,MC,,"In the word ""scent"", which letter is silent?",False,1,c,Checked,0,1
ZEllison, 1,8/27/2026 11:07 AM,8/27/2026 11:09 AM,,9,MC,,"In the word ""scent"", which letter is silent?",False,1,a,UnChecked,0,1
ZEllison, 1,8/27/2026 11:07 AM,8/27/2026 11:09 AM,,9,MC,,"In the word ""scent"", which letter is silent?",False,1,p,UnChecked,0,1
ZEllison, 1,8/27/2026 11:07 AM,8/27/2026 11:09 AM,,10,MC,,"If revenge is a dish best served cold, and revenge is sweet, then revenge is:",False,1,coca cola,UnChecked,1,1
ZEllison, 1,8/27/2026 11:07 AM,8/27/2026 11:09 AM,,10,MC,,"If revenge is a dish best served cold, and revenge is sweet, then revenge is:",False,1,ice cream,Checked,1,1
ZEllison, 1,8/27/2026 11:07 AM,8/27/2026 11:09 AM,,10,MC,,"If revenge is a dish best served cold, and revenge is sweet, then revenge is:",False,1,a popsicle,UnChecked,1,1
ZEllison, 1,8/27/2026 11:07 AM,8/27/2026 11:09 AM,,10,MC,,"If revenge is a dish best served cold, and revenge is sweet, then revenge is:",False,1,frozen yogurt,UnChecked,1,1
NFairweather, 1,8/27/2026 11:07 AM,8/27/2026 11:10 AM,,1,MC,,"What is the answer to life, the universe, and everything?",False,1,38,UnChecked,0,1
NFairweather, 1,8/27/2026 11:07 AM,8/27/2026 11:10 AM,,1,MC,,"What is the answer to life, the universe, and everything?",False,1,39,UnChecked,0,1
NFairweather, 1,8/27/2026 11:07 AM,8/27/2026 11:10 AM,,1,MC,,"What is the answer to life, the universe, and everything?",False,1,40,UnChecked,0,1
NFairweather, 1,8/27/2026 11:07 AM,8/27/2026 11:10 AM,,1,MC,,"What is the answer to life, the universe, and everything?",False,1,41,Checked,0,1
NFairweather, 1,8/27/2026 11:07 AM,8/27/2026 11:10 AM,,2,MC,,"If you choose the answer to this question at random, what is the chance you will be correct?",False,1,25%,Checked,0,1
NFairweather, 1,8/27/2026 11:07 AM,8/27/2026 11:10 AM,,2,MC,,"If you choose the answer to this question at random, what is the chance you will be correct?",False,1,50%,UnChecked,0,1
NFairweather, 1,8/27/2026 11:07 AM,8/27/2026 11:10 AM,,2,MC,,"If you choose the answer to this question at random, what is the chance you will be correct?",False,1,60%,UnChecked,0,1
NFairweather, 1,8/27/2026 11:07 AM,8/27/2026 11:10 AM,,2,MC,,"If you choose the answer to this question at random, what is the chance you will be correct?",False,1,25%,UnChecked,0,1
NFairweather, 1,8/27/2026 11:07 AM,8/27/2026 11:10 AM,,3,T/F,,"Should the word ""Abbreviation"" be shorter?",False,1,True,Checked,1,1
NFairweather, 1,8/27/2026 11:07 AM,8/27/2026 11:10 AM,,3,T/F,,"Should the word ""Abbreviation"" be shorter?",False,1,False,UnChecked,1,1
NFairweather, 1,8/27/2026 11:07 AM,8/27/2026 11:10 AM,,4,MC,,How many letters are in the alphabet?,False,1,11,UnChecked,0,1
NFairweather, 1,8/27/2026 11:07 AM,8/27/2026 11:10 AM,,4,MC,,How many letters are in the alphabet?,False,1,7,UnChecked,0,1
NFairweather, 1,8/27/2026 11:07 AM,8/27/2026 11:10 AM,,4,MC,,How many letters are in the alphabet?,False,1,26,UnChecked,0,1
NFairweather, 1,8/27/2026 11:07 AM,8/27/2026 11:10 AM,,4,MC,,How many letters are in the alphabet?,False,1,11010,Checked,0,1
NFairweather, 1,8/27/2026 11:07 AM,8/27/2026 11:10 AM,,5,MC,,"If you take a ship and replaced all of the parts until none of the original parts of this ship are a part of the ship, what happens?",False,1,Disney sues you,UnChecked,1,1
NFairweather, 1,8/27/2026 11:07 AM,8/27/2026 11:10 AM,,5,MC,,"If you take a ship and replaced all of the parts until none of the original parts of this ship are a part of the ship, what happens?",False,1,Paul Bettany joins you,UnChecked,1,1
NFairweather, 1,8/27/2026 11:07 AM,8/27/2026 11:10 AM,,5,MC,,"If you take a ship and replaced all of the parts until none of the original parts of this ship are a part of the ship, what happens?",False,1,You have two ships,Checked,1,1
NFairweather, 1,8/27/2026 11:07 AM,8/27/2026 11:10 AM,,6,T/F,,Something can be both New and Improved,False,1,True,UnChecked,1,1
NFairweather, 1,8/27/2026 11:07 AM,8/27/2026 11:10 AM,,6,T/F,,Something can be both New and Improved,False,1,False,Checked,1,1
NFairweather, 1,8/27/2026 11:07 AM,8/27/2026 11:10 AM,,7,FIB,,"My bologna has a first name, it's _______ my bologna has a second name, it's _______ ",False,1,Answer for blank # 1,Matthew Kijowski,0,1
NFairweather, 1,8/27/2026 11:07 AM,8/27/2026 11:10 AM,,7,FIB,,"My bologna has a first name, it's _______ my bologna has a second name, it's _______ ",False,1,Answer for blank # 2,Kayleigh Duncan,0,1
NFairweather, 1,8/27/2026 11:07 AM,8/27/2026 11:10 AM,,8,MC,,Is your answer to this question 'no'?,False,1,yes,Checked,1,1
NFairweather, 1,8/27/2026 11:07 AM,8/27/2026 11:10 AM,,8,MC,,Is your answer to this question 'no'?,False,1,no,UnChecked,1,1
NFairweather, 1,8/27/2026 11:07 AM,8/27/2026 11:10 AM,,9,MC,,"In the word ""scent"", which letter is silent?",False,1,s,UnChecked,0,1
NFairweather, 1,8/27/2026 11:07 AM,8/27/2026 11:10 AM,,9,MC,,"In the word ""scent"", which letter is silent?",False,1,c,Checked,0,1
NFairweather, 1,8/27/2026 11:07 AM,8/27/2026 11:10 AM,,9,MC,,"In the word ""scent"", which letter is silent?",False,1,a,UnChecked,0,1
NFairweather, 1,8/27/2026 11:07 AM,8/27/2026 11:10 AM,,9,MC,,"In the word ""scent"", which letter is silent?",False,1,p,UnChecked,0,1
NFairweather, 1,8/27/2026 11:07 AM,8/27/2026 11:10 AM,,10,MC,,"If revenge is a dish best served cold, and revenge is sweet, then revenge is:",False,1,frozen yogurt,Checked,0,1
NFairweather, 1,8/27/2026 11:07 AM,8/27/2026 11:10 AM,,10,MC,,"If revenge is a dish best served cold, and revenge is sweet, then revenge is:",False,1,ice cream,UnChecked,0,1
NFairweather, 1,8/27/2026 11:07 AM,8/27/2026 11:10 AM,,10,MC,,"If revenge is a dish best served cold, and revenge is sweet, then revenge is:",False,1,a popsicle,UnChecked,0,1
NFairweather, 1,8/27/2026 11:07 AM,8/27/2026 11:10 AM,,10,MC,,"If revenge is a dish best served cold, and revenge is sweet, then revenge is:",False,1,coca cola,UnChecked,0,1
AGosnell, 1,8/27/2026 11:07 AM,8/27/2026 11:10 AM,,1,MC,,"What is the answer to life, the universe, and everything?",False,1,38,UnChecked,0,1
AGosnell, 1,8/27/2026 11:07 AM,8/27/2026 11:10 AM,,1,MC,,"What is the answer to life, the universe, and everything?",False,1,39,UnChecked,0,1
AGosnell, 1,8/27/2026 11:07 AM,8/27/2026 11:10 AM,,1,MC,,"What is the answer to life, the universe, and everything?",False,1,40,UnChecked,0,1
AGosnell, 1,8/27/2026 11:07 AM,8/27/2026 11:10 AM,,1,MC,,"What is the answer to life, the universe, and everything?",False,1,41,Checked,0,1
AGosnell, 1,8/27/2026 11:07 AM,8/27/2026 11:10 AM,,2,MC,,"If you choose the answer to this question at random, what is the chance you will be correct?",False,1,25%,UnChecked,0,1
AGosnell, 1,8/27/2026 11:07 AM,8/27/2026 11:10 AM,,2,MC,,"If you choose the answer to this question at random, what is the chance you will be correct?",False,1,50%,Checked,0,1
AGosnell, 1,8/27/2026 11:07 AM,8/27/2026 11:10 AM,,2,MC,,"If you choose the answer to this question at random, what is the chance you will be correct?",False,1,60%,UnChecked,0,1
AGosnell, 1,8/27/2026 11:07 AM,8/27/2026 11:10 AM,,2,MC,,"If you choose the answer to this question at random, what is the chance you will be correct?",False,1,25%,UnChecked,0,1
AGosnell, 1,8/27/2026 11:07 AM,8/27/2026 11:10 AM,,3,T/F,,"Should the word ""Abbreviation"" be shorter?",False,1,True,Checked,1,1
AGosnell, 1,8/27/2026 11:07 AM,8/27/2026 11:10 AM,,3,T/F,,"Should the word ""Abbreviation"" be shorter?",False,1,False,UnChecked,1,1
AGosnell, 1,8/27/2026 11:07 AM,8/27/2026 11:10 AM,,4,MC,,How many letters are in the alphabet?,False,1,11,UnChecked,0,1
AGosnell, 1,8/27/2026 11:07 AM,8/27/2026 11:10 AM,,4,MC,,How many letters are in the alphabet?,False,1,7,UnChecked,0,1
AGosnell, 1,8/27/2026 11:07 AM,8/27/2026 11:10 AM,,4,MC,,How many letters are in the alphabet?,False,1,26,Checked,0,1
AGosnell, 1,8/27/2026 11:07 AM,8/27/2026 11:10 AM,,4,MC,,How many letters are in the alphabet?,False,1,11010,UnChecked,0,1
AGosnell, 1,8/27/2026 11:07 AM,8/27/2026 11:10 AM,,5,MC,,"If you take a ship and replaced all of the parts until none of the original parts of this ship are a part of the ship, what happens?",False,1,Disney sues you,UnChecked,1,1
AGosnell, 1,8/27/2026 11:07 AM,8/27/2026 11:10 AM,,5,MC,,"If you take a ship and replaced all of the parts until none of the original parts of this ship are a part of the ship, what happens?",False,1,Paul Bettany joins you,UnChecked,1,1
AGosnell, 1,8/27/2026 11:07 AM,8/27/2026 11:10 AM,,5,MC,,"If you take a ship and replaced all of the parts until none of the original parts of this ship are a part of the ship, what happens?",False,1,You have two ships,Checked,1,1
AGosnell, 1,8/27/2026 11:07 AM,8/27/2026 11:10 AM,,6,T/F,,Something can be both New and Improved,False,1,True,Checked,0,1
AGosnell, 1,8/27/2026 11:07 AM,8/27/2026 11:10 AM,,6,T/F,,Something can be both New and Improved,False,1,False,UnChecked,0,1
AGosnell, 1,8/27/2026 11:07 AM,8/27/2026 11:10 AM,,7,FIB,,"My bologna has a first name, it's _______ my bologna has a second name, it's _______ ",False,1,Answer for blank # 1,Porky,0,1
AGosnell, 1,8/27/2026 11:07 AM,8/27/2026 11:10 AM,,7,FIB,,"My bologna has a first name, it's _______ my bologna has a second name, it's _______ ",False,1,Answer for blank # 2,Pig,0,1
AGosnell, 1,8/27/2026 11:07 AM,8/27/2026 11:10 AM,,8,MC,,Is your answer to this question 'no'?,False,1,yes,Checked,1,1
AGosnell, 1,8/27/2026 11:07 AM,8/27/2026 11:10 AM,,8,MC,,Is your answer to this question 'no'?,False,1,no,UnChecked,1,1
AGosnell, 1,8/27/2026 11:07 AM,8/27/2026 11:10 AM,,9,MC,,"In the word ""scent"", which letter is silent?",False,1,s,Checked,0,1
AGosnell, 1,8/27/2026 11:07 AM,8/27/2026 11:10 AM,,9,MC,,"In the word ""scent"", which letter is silent?",False,1,c,UnChecked,0,1
AGosnell, 1,8/27/2026 11:07 AM,8/27/2026 11:10 AM,,9,MC,,"In the word ""scent"", which letter is silent?",False,1,a,UnChecked,0,1
AGosnell, 1,8/27/2026 11:07 AM,8/27/2026 11:10 AM,,9,MC,,"In the word ""scent"", which letter is silent?",False,1,p,UnChecked,0,1
AGosnell, 1,8/27/2026 11:07 AM,8/27/2026 11:10 AM,,10,MC,,"If revenge is a dish best served cold, and revenge is sweet, then revenge is:",False,1,coca cola,UnChecked,1,1
AGosnell, 1,8/27/2026 11:07 AM,8/27/2026 11:10 AM,,10,MC,,"If revenge is a dish best served cold, and revenge is sweet, then revenge is:",False,1,ice cream,Checked,1,1
AGosnell, 1,8/27/2026 11:07 AM,8/27/2026 11:10 AM,,10,MC,,"If revenge is a dish best served cold, and revenge is sweet, then revenge is:",False,1,frozen yogurt,UnChecked,1,1
AGosnell, 1,8/27/2026 11:07 AM,8/27/2026 11:10 AM,,10,MC,,"If revenge is a dish best served cold, and revenge is sweet, then revenge is:",False,1,a popsicle,UnChecked,1,1
AGranville, 1,8/27/2026 11:07 AM,8/27/2026 11:09 AM,,1,MC,,"What is the answer to life, the universe, and everything?",False,1,38,UnChecked,0,1
AGranville, 1,8/27/2026 11:07 AM,8/27/2026 11:09 AM,,1,MC,,"What is the answer to life, the universe, and everything?",False,1,39,UnChecked,0,1
AGranville, 1,8/27/2026 11:07 AM,8/27/2026 11:09 AM,,1,MC,,"What is the answer to life, the universe, and everything?",False,1,40,UnChecked,0,1
AGranville, 1,8/27/2026 11:07 AM,8/27/2026 11:09 AM,,1,MC,,"What is the answer to life, the universe, and everything?",False,1,41,Checked,0,1
AGranville, 1,8/27/2026 11:07 AM,8/27/2026 11:09 AM,,2,MC,,"If you choose the answer to this question at random, what is the chance you will be correct?",False,1,25%,Checked,0,1
AGranville, 1,8/27/2026 11:07 AM,8/27/2026 11:09 AM,,2,MC,,"If you choose the answer to this question at random, what is the chance you will be correct?",False,1,50%,UnChecked,0,1
AGranville, 1,8/27/2026 11:07 AM,8/27/2026 11:09 AM,,2,MC,,"If you choose the answer to this question at random, what is the chance you will be correct?",False,1,60%,UnChecked,0,1
AGranville, 1,8/27/2026 11:07 AM,8/27/2026 11:09 AM,,2,MC,,"If you choose the answer to this question at random, what is the chance you will be correct?",False,1,25%,UnChecked,0,1
AGranville, 1,8/27/2026 11:07 AM,8/27/2026 11:09 AM,,3,T/F,,"Should the word ""Abbreviation"" be shorter?",False,1,True,UnChecked,0,1
AGranville, 1,8/27/2026 11:07 AM,8/27/2026 11:09 AM,,3,T/F,,"Should the word ""Abbreviation"" be shorter?",False,1,False,Checked,0,1
AGranville, 1,8/27/2026 11:07 AM,8/27/2026 11:09 AM,,4,MC,,How many letters are in the alphabet?,False,1,11,UnChecked,0,1
AGranville, 1,8/27/2026 11:07 AM,8/27/2026 11:09 AM,,4,MC,,How many letters are in the alphabet?,False,1,7,UnChecked,0,1
AGranville, 1,8/27/2026 11:07 AM,8/27/2026 11:09 AM,,4,MC,,How many letters are in the alphabet?,False,1,26,Checked,0,1
AGranville, 1,8/27/2026 11:07 AM,8/27/2026 11:09 AM,,4,MC,,How many letters are in the alphabet?,False,1,11010,UnChecked,0,1
AGranville, 1,8/27/2026 11:07 AM,8/27/2026 11:09 AM,,5,MC,,"If you take a ship and replaced all of the parts until none of the original parts of this ship are a part of the ship, what happens?",False,1,Disney sues you,UnChecked,1,1
AGranville, 1,8/27/2026 11:07 AM,8/27/2026 11:09 AM,,5,MC,,"If you take a ship and replaced all of the parts until none of the original parts of this ship are a part of the ship, what happens?",False,1,Paul Bettany joins you,UnChecked,1,1
AGranville, 1,8/27/2026 11:07 AM,8/27/2026 11:09 AM,,5,MC,,"If you take a ship and replaced all of the parts until none of the original parts of this ship are a part of the ship, what happens?",False,1,You have two ships,Checked,1,1
AGranville, 1,8/27/2026 11:07 AM,8/27/2026 11:09 AM,,6,T/F,,Something can be both New and Improved,False,1,True,Checked,0,1
AGranville, 1,8/27/2026 11:07 AM,8/27/2026 11:09 AM,,6,T/F,,Something can be both New and Improved,False,1,False,UnChecked,0,1
AGranville, 1,8/27/2026 11:07 AM,8/27/2026 11:09 AM,,7,FIB,,"My bologna has a first name, it's _______ my bologna has a second name, it's _______ ",False,1,Answer for blank # 1,bologna,0,1
AGranville, 1,8/27/2026 11:07 AM,8/27/2026 11:09 AM,,7,FIB,,"My bologna has a first name, it's _______ my bologna has a second name, it's _______ ",False,1,Answer for blank # 2,bologna bologna,0,1
AGranville, 1,8/27/2026 11:07 AM,8/27/2026 11:09 AM,,8,MC,,Is your answer to this question 'no'?,False,1,yes,Checked,1,1
AGranville, 1,8/27/2026 11:07 AM,8/27/2026 11:09 AM,,8,MC,,Is your answer to this question 'no'?,False,1,no,UnChecked,1,1
AGranville, 1,8/27/2026 11:07 AM,8/27/2026 11:09 AM,,9,MC,,"In the word ""scent"", which letter is silent?",False,1,s,UnChecked,0,1
AGranville, 1,8/27/2026 11:07 AM,8/27/2026 11:09 AM,,9,MC,,"In the word ""scent"", which letter is silent?",False,1,c,Checked,0,1
AGranville, 1,8/27/2026 11:07 AM,8/27/2026 11:09 AM,,9,MC,,"In the word ""scent"", which letter is silent?",False,1,a,UnChecked,0,1
AGranville, 1,8/27/2026 11:07 AM,8/27/2026 11:09 AM,,9,MC,,"In the word ""scent"", which letter is silent?",False,1,p,UnChecked,0,1
AGranville, 1,8/27/2026 11:07 AM,8/27/2026 11:09 AM,,10,MC,,"If revenge is a dish best served cold, and revenge is sweet, then revenge is:",False,1,coca cola,UnChecked,0,1
AGranville, 1,8/27/2026 11:07 AM,8/27/2026 11:09 AM,,10,MC,,"If revenge is a dish best served cold, and revenge is sweet, then revenge is:",False,1,frozen yogurt,UnChecked,0,1
AGranville, 1,8/27/2026 11:07 AM,8/27/2026 11:09 AM,,10,MC,,"If revenge is a dish best served cold, and revenge is sweet, then revenge is:",False,1,ice cream,UnChecked,0,1
AGranville, 1,8/27/2026 11:07 AM,8/27/2026 11:09 AM,,10,MC,,"If revenge is a dish best served cold, and revenge is sweet, then revenge is:",False,1,a popsicle,Checked,0,1
RHameed, 1,8/27/2026 11:07 AM,8/27/2026 11:13 AM,,1,MC,,"What is the answer to life, the universe, and everything?",False,1,38,UnChecked,1,1
RHameed, 1,8/27/2026 11:07 AM,8/27/2026 11:13 AM,,1,MC,,"What is the answer to life, the universe, and everything?",False,1,39,Checked,1,1
RHameed, 1,8/27/2026 11:07 AM,8/27/2026 11:13 AM,,1,MC,,"What is the answer to life, the universe, and everything?",False,1,40,UnChecked,1,1
RHameed, 1,8/27/2026 11:07 AM,8/27/2026 11:13 AM,,1,MC,,"What is the answer to life, the universe, and everything?",False,1,41,UnChecked,1,1
RHameed, 1,8/27/2026 11:07 AM,8/27/2026 11:13 AM,,2,MC,,"If you choose the answer to this question at random, what is the chance you will be correct?",False,1,25%,Checked,0,1
RHameed, 1,8/27/2026 11:07 AM,8/27/2026 11:13 AM,,2,MC,,"If you choose the answer to this question at random, what is the chance you will be correct?",False,1,50%,UnChecked,0,1
RHameed, 1,8/27/2026 11:07 AM,8/27/2026 11:13 AM,,2,MC,,"If you choose the answer to this question at random, what is the chance you will be correct?",False,1,60%,UnChecked,0,1
RHameed, 1,8/27/2026 11:07 AM,8/27/2026 11:13 AM,,2,MC,,"If you choose the answer to this question at random, what is the chance you will be correct?",False,1,25%,UnChecked,0,1
RHameed, 1,8/27/2026 11:07 AM,8/27/2026 11:13 AM,,3,T/F,,"Should the word ""Abbreviation"" be shorter?",False,1,True,Checked,1,1
RHameed, 1,8/27/2026 11:07 AM,8/27/2026 11:13 AM,,3,T/F,,"Should the word ""Abbreviation"" be shorter?",False,1,False,UnChecked,1,1
RHameed, 1,8/27/2026 11:07 AM,8/27/2026 11:13 AM,,4,MC,,How many letters are in the alphabet?,False,1,11,UnChecked,0,1
RHameed, 1,8/27/2026 11:07 AM,8/27/2026 11:13 AM,,4,MC,,How many letters are in the alphabet?,False,1,7,UnChecked,0,1
RHameed, 1,8/27/2026 11:07 AM,8/27/2026 11:13 AM,,4,MC,,How many letters are in the alphabet?,False,1,26,Checked,0,1
RHameed, 1,8/27/2026 11:07 AM,8/27/2026 11:13 AM,,4,MC,,How many letters are in the alphabet?,False,1,11010,UnChecked,0,1
RHameed, 1,8/27/2026 11:07 AM,8/27/2026 11:13 AM,,5,MC,,"If you take a ship and replaced all of the parts until none of the original parts of this ship are a part of the ship, what happens?",False,1,Disney sues you,UnChecked,1,1
RHameed, 1,8/27/2026 11:07 AM,8/27/2026 11:13 AM,,5,MC,,"If you take a ship and replaced all of the parts until none of the original parts of this ship are a part of the ship, what happens?",False,1,Paul Bettany joins you,UnChecked,1,1
RHameed, 1,8/27/2026 11:07 AM,8/27/2026 11:13 AM,,5,MC,,"If you take a ship and replaced all of the parts until none of the original parts of this ship are a part of the ship, what happens?",False,1,You have two ships,Checked,1,1
RHameed, 1,8/27/2026 11:07 AM,8/27/2026 11:13 AM,,6,T/F,,Something can be both New and Improved,False,1,True,Checked,0,1
RHameed, 1,8/27/2026 11:07 AM,8/27/2026 11:13 AM,,6,T/F,,Something can be both New and Improved,False,1,False,UnChecked,0,1
RHameed, 1,8/27/2026 11:07 AM,8/27/2026 11:13 AM,,7,FIB,,"My bologna has a first name, it's _______ my bologna has a second name, it's _______ ",False,1,Answer for blank # 1,first name,0,1
RHameed, 1,8/27/2026 11:07 AM,8/27/2026 11:13 AM,,7,FIB,,"My bologna has a first name, it's _______ my bologna has a second name, it's _______ ",False,1,Answer for blank # 2,second name,0,1
RHameed, 1,8/27/2026 11:07 AM,8/27/2026 11:13 AM,,8,MC,,Is your answer to this question 'no'?,False,1,yes,Checked,1,1
RHameed, 1,8/27/2026 11:07 AM,8/27/2026 11:13 AM,,8,MC,,Is your answer to this question 'no'?,False,1,no,UnChecked,1,1
RHameed, 1,8/27/2026 11:07 AM,8/27/2026 11:13 AM,,9,MC,,"In the word ""scent"", which letter is silent?",False,1,s,UnChecked,0,1
RHameed, 1,8/27/2026 11:07 AM,8/27/2026 11:13 AM,,9,MC,,"In the word ""scent"", which letter is silent?",False,1,c,UnChecked,0,1
RHameed, 1,8/27/2026 11:07 AM,8/27/2026 11:13 AM,,9,MC,,"In the word ""scent"", which letter is silent?",False,1,a,UnChecked,0,1
RHameed, 1,8/27/2026 11:07 AM,8/27/2026 11:13 AM,,9,MC,,"In the word ""scent"", which letter is silent?",False,1,p,Checked,0,1
RHameed, 1,8/27/2026 11:07 AM,8/27/2026 11:13 AM,,10,MC,,"If revenge is a dish best served cold, and revenge is sweet, then revenge is:",False,1,frozen yogurt,UnChecked,1,1
RHameed, 1,8/27/2026 11:07 AM,8/27/2026 11:13 AM,,10,MC,,"If revenge is a dish best served cold, and revenge is sweet, then revenge is:",False,1,coca cola,UnChecked,1,1
RHameed, 1,8/27/2026 11:07 AM,8/27/2026 11:13 AM,,10,MC,,"If revenge is a dish best served cold, and revenge is sweet, then revenge is:",False,1,a popsicle,UnChecked,1,1
RHameed, 1,8/27/2026 11:07 AM,8/27/2026 11:13 AM,,10,MC,,"If revenge is a dish best served cold, and revenge is sweet, then revenge is:",False,1,ice cream,Checked,1,1
AHorton, 1,8/27/2026 11:07 AM,8/27/2026 11:08 AM,,1,MC,,"What is the answer to life, the universe, and everything?",False,1,38,UnChecked,0,1
AHorton, 1,8/27/2026 11:07 AM,8/27/2026 11:08 AM,,1,MC,,"What is the answer to life, the universe, and everything?",False,1,39,UnChecked,0,1
AHorton, 1,8/27/2026 11:07 AM,8/27/2026 11:08 AM,,1,MC,,"What is the answer to life, the universe, and everything?",False,1,40,UnChecked,0,1
AHorton, 1,8/27/2026 11:07 AM,8/27/2026 11:08 AM,,1,MC,,"What is the answer to life, the universe, and everything?",False,1,41,Checked,0,1
AHorton, 1,8/27/2026 11:07 AM,8/27/2026 11:08 AM,,2,MC,,"If you choose the answer to this question at random, what is the chance you will be correct?",False,1,25%,UnChecked,0,1
AHorton, 1,8/27/2026 11:07 AM,8/27/2026 11:08 AM,,2,MC,,"If you choose the answer to this question at random, what is the chance you will be correct?",False,1,50%,UnChecked,0,1
AHorton, 1,8/27/2026 11:07 AM,8/27/2026 11:08 AM,,2,MC,,"If you choose the answer to this question at random, what is the chance you will be correct?",False,1,60%,UnChecked,0,1
AHorton, 1,8/27/2026 11:07 AM,8/27/2026 11:08 AM,,2,MC,,"If you choose the answer to this question at random, what is the chance you will be correct?",False,1,25%,Checked,0,1
AHorton, 1,8/27/2026 11:07 AM,8/27/2026 11:08 AM,,3,T/F,,"Should the word ""Abbreviation"" be shorter?",False,1,True,Checked,1,1
AHorton, 1,8/27/2026 11:07 AM,8/27/2026 11:08 AM,,3,T/F,,"Should the word ""Abbreviation"" be shorter?",False,1,False,UnChecked,1,1
AHorton, 1,8/27/2026 11:07 AM,8/27/2026 11:08 AM,,4,MC,,How many letters are in the alphabet?,False,1,11,UnChecked,0,1
AHorton, 1,8/27/2026 11:07 AM,8/27/2026 11:08 AM,,4,MC,,How many letters are in the alphabet?,False,1,7,UnChecked,0,1
AHorton, 1,8/27/2026 11:07 AM,8/27/2026 11:08 AM,,4,MC,,How many letters are in the alphabet?,False,1,26,UnChecked,0,1
AHorton, 1,8/27/2026 11:07 AM,8/27/2026 11:08 AM,,4,MC,,How many letters are in the alphabet?,False,1,11010,Checked,0,1
AHorton, 1,8/27/2026 11:07 AM,8/27/2026 11:08 AM,,5,MC,,"If you take a ship and replaced all of the parts until none of the original parts of this ship are a part of the ship, what happens?",False,1,Disney sues you,Checked,0,1
AHorton, 1,8/27/2026 11:07 AM,8/27/2026 11:08 AM,,5,MC,,"If you take a ship and replaced all of the parts until none of the original parts of this ship are a part of the ship, what happens?",False,1,Paul Bettany joins you,UnChecked,0,1
AHorton, 1,8/27/2026 11:07 AM,8/27/2026 11:08 AM,,5,MC,,"If you take a ship and replaced all of the parts until none of the original parts of this ship are a part of the ship, what happens?",False,1,You have two ships,UnChecked,0,1
AHorton, 1,8/27/2026 11:07 AM,8/27/2026 11:08 AM,,6,T/F,,Something can be both New and Improved,False,1,True,Checked,0,1
AHorton, 1,8/27/2026 11:07 AM,8/27/2026 11:08 AM,,6,T/F,,Something can be both New and Improved,False,1,False,UnChecked,0,1
AHorton, 1,8/27/2026 11:07 AM,8/27/2026 11:08 AM,,7,FIB,,"My bologna has a first name, it's _______ my bologna has a second name, it's _______ ",False,1,Answer for blank # 1,angoloB,0,1
AHorton, 1,8/27/2026 11:07 AM,8/27/2026 11:08 AM,,7,FIB,,"My bologna has a first name, it's _______ my bologna has a second name, it's _______ ",False,1,Answer for blank # 2,Angolob,0,1
AHorton, 1,8/27/2026 11:07 AM,8/27/2026 11:08 AM,,8,MC,,Is your answer to this question 'no'?,False,1,yes,Checked,1,1
AHorton, 1,8/27/2026 11:07 AM,8/27/2026 11:08 AM,,8,MC,,Is your answer to this question 'no'?,False,1,no,UnChecked,1,1
AHorton, 1,8/27/2026 11:07 AM,8/27/2026 11:08 AM,,9,MC,,"In the word ""scent"", which letter is silent?",False,1,s,UnChecked,0,1
AHorton, 1,8/27/2026 11:07 AM,8/27/2026 11:08 AM,,9,MC,,"In the word ""scent"", which letter is silent?",False,1,c,UnChecked,0,1
AHorton, 1,8/27/2026 11:07 AM,8/27/2026 11:08 AM,,9,MC,,"In the word ""scent"", which letter is silent?",False,1,a,UnChecked,0,1
AHorton, 1,8/27/2026 11:07 AM,8/27/2026 11:08 AM,,9,MC,,"In the word ""scent"", which letter is silent?",False,1,p,Checked,0,1
AHorton, 1,8/27/2026 11:07 AM,8/27/2026 11:08 AM,,10,MC,,"If revenge is a dish best served cold, and revenge is sweet, then revenge is:",False,1,a popsicle,UnChecked,0,1
AHorton, 1,8/27/2026 11:07 AM,8/27/2026 11:08 AM,,10,MC,,"If revenge is a dish best served cold, and revenge is sweet, then revenge is:",False,1,coca cola,UnChecked,0,1
AHorton, 1,8/27/2026 11:07 AM,8/27/2026 11:08 AM,,10,MC,,"If revenge is a dish best served cold, and revenge is sweet, then revenge is:",False,1,ice cream,UnChecked,0,1
AHorton, 1,8/27/2026 11:07 AM,8/27/2026 11:08 AM,,10,MC,,"If revenge is a dish best served cold, and revenge is sweet, then revenge is:",False,1,frozen yogurt,Checked,0,1
TJones, 1,8/27/2026 11:08 AM,8/27/2026 11:11 AM,,1,MC,,"What is the answer to life, the universe, and everything?",False,1,38,UnChecked,0,1
TJones, 1,8/27/2026 11:08 AM,8/27/2026 11:11 AM,,1,MC,,"What is the answer to life, the universe, and everything?",False,1,39,UnChecked,0,1
TJones, 1,8/27/2026 11:08 AM,8/27/2026 11:11 AM,,1,MC,,"What is the answer to life, the universe, and everything?",False,1,40,UnChecked,0,1
TJones, 1,8/27/2026 11:08 AM,8/27/2026 11:11 AM,,1,MC,,"What is the answer to life, the universe, and everything?",False,1,41,Checked,0,1
TJones, 1,8/27/2026 11:08 AM,8/27/2026 11:11 AM,,2,MC,,"If you choose the answer to this question at random, what is the chance you will be correct?",False,1,25%,Checked,0,1
TJones, 1,8/27/2026 11:08 AM,8/27/2026 11:11 AM,,2,MC,,"If you choose the answer to this question at random, what is the chance you will be correct?",False,1,50%,UnChecked,0,1
TJones, 1,8/27/2026 11:08 AM,8/27/2026 11:11 AM,,2,MC,,"If you choose the answer to this question at random, what is the chance you will be correct?",False,1,60%,UnChecked,0,1
TJones, 1,8/27/2026 11:08 AM,8/27/2026 11:11 AM,,2,MC,,"If you choose the answer to this question at random, what is the chance you will be correct?",False,1,25%,UnChecked,0,1
TJones, 1,8/27/2026 11:08 AM,8/27/2026 11:11 AM,,3,T/F,,"Should the word ""Abbreviation"" be shorter?",False,1,True,Checked,1,1
TJones, 1,8/27/2026 11:08 AM,8/27/2026 11:11 AM,,3,T/F,,"Should the word ""Abbreviation"" be shorter?",False,1,False,UnChecked,1,1
TJones, 1,8/27/2026 11:08 AM,8/27/2026 11:11 AM,,4,MC,,How many letters are in the alphabet?,False,1,11,UnChecked,0,1
TJones, 1,8/27/2026 11:08 AM,8/27/2026 11:11 AM,,4,MC,,How many letters are in the alphabet?,False,1,7,UnChecked,0,1
TJones, 1,8/27/2026 11:08 AM,8/27/2026 11:11 AM,,4,MC,,How many letters are in the alphabet?,False,1,26,Checked,0,1
TJones, 1,8/27/2026 11:08 AM,8/27/2026 11:11 AM,,4,MC,,How many letters are in the alphabet?,False,1,11010,UnChecked,0,1
TJones, 1,8/27/2026 11:08 AM,8/27/2026 11:11 AM,,5,MC,,"If you take a ship and replaced all of the parts until none of the original parts of this ship are a part of the ship, what happens?",False,1,Disney sues you,Checked,0,1
TJones, 1,8/27/2026 11:08 AM,8/27/2026 11:11 AM,,5,MC,,"If you take a ship and replaced all of the parts until none of the original parts of this ship are a part of the ship, what happens?",False,1,Paul Bettany joins you,UnChecked,0,1
TJones, 1,8/27/2026 11:08 AM,8/27/2026 11:11 AM,,5,MC,,"If you take a ship and replaced all of the parts until none of the original parts of this ship are a part of the ship, what happens?",False,1,You have two ships,UnChecked,0,1
TJones, 1,8/27/2026 11:08 AM,8/27/2026 11:11 AM,,6,T/F,,Something can be both New and Improved,False,1,True,Checked,0,1
TJones, 1,8/27/2026 11:08 AM,8/27/2026 11:11 AM,,6,T/F,,Something can be both New and Improved,False,1,False,UnChecked,0,1
TJones, 1,8/27/2026 11:08 AM,8/27/2026 11:11 AM,,7,FIB,,"My bologna has a first name, it's _______ my bologna has a second name, it's _______ ",False,1,Answer for blank # 1,john,0,1
TJones, 1,8/27/2026 11:08 AM,8/27/2026 11:11 AM,,7,FIB,,"My bologna has a first name, it's _______ my bologna has a second name, it's _______ ",False,1,Answer for blank # 2,stockton,0,1
TJones, 1,8/27/2026 11:08 AM,8/27/2026 11:11 AM,,8,MC,,Is your answer to this question 'no'?,False,1,yes,UnChecked,0,1
TJones, 1,8/27/2026 11:08 AM,8/27/2026 11:11 AM,,8,MC,,Is your answer to this question 'no'?,False,1,no,Checked,0,1
TJones, 1,8/27/2026 11:08 AM,8/27/2026 11:11 AM,,9,MC,,"In the word ""scent"", which letter is silent?",False,1,s,UnChecked,0,1
TJones, 1,8/27/2026 11:08 AM,8/27/2026 11:11 AM,,9,MC,,"In the word ""scent"", which letter is silent?",False,1,c,Checked,0,1
TJones, 1,8/27/2026 11:08 AM,8/27/2026 11:11 AM,,9,MC,,"In the word ""scent"", which letter is silent?",False,1,a,UnChecked,0,1
TJones, 1,8/27/2026 11:08 AM,8/27/2026 11:11 AM,,9,MC,,"In the word ""scent"", which letter is silent?",False,1,p,UnChecked,0,1
TJones, 1,8/27/2026 11:08 AM,8/27/2026 11:11 AM,,10,MC,,"If revenge is a dish best served cold, and revenge is sweet, then revenge is:",False,1,ice cream,Checked,1,1
TJones, 1,8/27/2026 11:08 AM,8/27/2026 11:11 AM,,10,MC,,"If revenge is a dish best served cold, and revenge is sweet, then revenge is:",False,1,coca cola,UnChecked,1,1
TJones, 1,8/27/2026 11:08 AM,8/27/2026 11:11 AM,,10,MC,,"If revenge is a dish best served cold, and revenge is sweet, then revenge is:",False,1,a popsicle,UnChecked,1,1
TJones, 1,8/27/2026 11:08 AM,8/27/2026 11:11 AM,,10,MC,,"If revenge is a dish best served cold, and revenge is sweet, then revenge is:",False,1,frozen yogurt,UnChecked,1,1
DJung, 1,8/27/2026 11:07 AM,8/27/2026 11:09 AM,,1,MC,,"What is the answer to life, the universe, and everything?",False,1,38,UnChecked,1,1
DJung, 1,8/27/2026 11:07 AM,8/27/2026 11:09 AM,,1,MC,,"What is the answer to life, the universe, and everything?",False,1,39,Checked,1,1
DJung, 1,8/27/2026 11:07 AM,8/27/2026 11:09 AM,,1,MC,,"What is the answer to life, the universe, and everything?",False,1,40,UnChecked,1,1
DJung, 1,8/27/2026 11:07 AM,8/27/2026 11:09 AM,,1,MC,,"What is the answer to life, the universe, and everything?",False,1,41,UnChecked,1,1
DJung, 1,8/27/2026 11:07 AM,8/27/2026 11:09 AM,,2,MC,,"If you choose the answer to this question at random, what is the chance you will be correct?",False,1,25%,UnChecked,0,1
DJung, 1,8/27/2026 11:07 AM,8/27/2026 11:09 AM,,2,MC,,"If you choose the answer to this question at random, what is the chance you will be correct?",False,1,50%,Checked,0,1
DJung, 1,8/27/2026 11:07 AM,8/27/2026 11:09 AM,,2,MC,,"If you choose the answer to this question at random, what is the chance you will be correct?",False,1,60%,UnChecked,0,1
DJung, 1,8/27/2026 11:07 AM,8/27/2026 11:09 AM,,2,MC,,"If you choose the answer to this question at random, what is the chance you will be correct?",False,1,25%,UnChecked,0,1
DJung, 1,8/27/2026 11:07 AM,8/27/2026 11:09 AM,,3,T/F,,"Should the word ""Abbreviation"" be shorter?",False,1,True,Checked,1,1
DJung, 1,8/27/2026 11:07 AM,8/27/2026 11:09 AM,,3,T/F,,"Should the word ""Abbreviation"" be shorter?",False,1,False,UnChecked,1,1
DJung, 1,8/27/2026 11:07 AM,8/27/2026 11:09 AM,,4,MC,,How many letters are in the alphabet?,False,1,11,UnChecked,0,1
DJung, 1,8/27/2026 11:07 AM,8/27/2026 11:09 AM,,4,MC,,How many letters are in the alphabet?,False,1,7,UnChecked,0,1
DJung, 1,8/27/2026 11:07 AM,8/27/2026 11:09 AM,,4,MC,,How many letters are in the alphabet?,False,1,26,Checked,0,1
DJung, 1,8/27/2026 11:07 AM,8/27/2026 11:09 AM,,4,MC,,How many letters are in the alphabet?,False,1,11010,UnChecked,0,1
DJung, 1,8/27/2026 11:07 AM,8/27/2026 11:09 AM,,5,MC,,"If you take a ship and replaced all of the parts until none of the original parts of this ship are a part of the ship, what happens?",False,1,Disney sues you,Checked,0,1
DJung, 1,8/27/2026 11:07 AM,8/27/2026 11:09 AM,,5,MC,,"If you take a ship and replaced all of the parts until none of the original parts of this ship are a part of the ship, what happens?",False,1,Paul Bettany joins you,UnChecked,0,1
DJung, 1,8/27/2026 11:07 AM,8/27/2026 11:09 AM,,5,MC,,"If you take a ship and replaced all of the parts until none of the original parts of this ship are a part of the ship, what happens?",False,1,You have two ships,UnChecked,0,1
DJung, 1,8/27/2026 11:07 AM,8/27/2026 11:09 AM,,6,T/F,,Something can be both New and Improved,False,1,True,Checked,0,1
DJung, 1,8/27/2026 11:07 AM,8/27/2026 11:09 AM,,6,T/F,,Something can be both New and Improved,False,1,False,UnChecked,0,1
DJung, 1,8/27/2026 11:07 AM,8/27/2026 11:09 AM,,7,FIB,,"My bologna has a first name, it's _______ my bologna has a second name, it's _______ ",False,1,Answer for blank # 1,Tony,0,1
DJung, 1,8/27/2026 11:07 AM,8/27/2026 11:09 AM,,7,FIB,,"My bologna has a first name, it's _______ my bologna has a second name, it's _______ ",False,1,Answer for blank # 2,Jabroni,0,1
DJung, 1,8/27/2026 11:07 AM,8/27/2026 11:09 AM,,8,MC,,Is your answer to this question 'no'?,False,1,yes,Checked,1,1
DJung, 1,8/27/2026 11:07 AM,8/27/2026 11:09 AM,,8,MC,,Is your answer to this question 'no'?,False,1,no,UnChecked,1,1
DJung, 1,8/27/2026 11:07 AM,8/27/2026 11:09 AM,,9,MC,,"In the word ""scent"", which letter is silent?",False,1,s,Checked,0,1
DJung, 1,8/27/2026 11:07 AM,8/27/2026 11:09 AM,,9,MC,,"In the word ""scent"", which letter is silent?",False,1,c,UnChecked,0,1
DJung, 1,8/27/2026 11:07 AM,8/27/2026 11:09 AM,,9,MC,,"In the word ""scent"", which letter is silent?",False,1,a,UnChecked,0,1
DJung, 1,8/27/2026 11:07 AM,8/27/2026 11:09 AM,,9,MC,,"In the word ""scent"", which letter is silent?",False,1,p,UnChecked,0,1
DJung, 1,8/27/2026 11:07 AM,8/27/2026 11:09 AM,,10,MC,,"If revenge is a dish best served cold, and revenge is sweet, then revenge is:",False,1,ice cream,UnChecked,0,1
DJung, 1,8/27/2026 11:07 AM,8/27/2026 11:09 AM,,10,MC,,"If revenge is a dish best served cold, and revenge is sweet, then revenge is:",False,1,frozen yogurt,Checked,0,1
DJung, 1,8/27/2026 11:07 AM,8/27/2026 11:09 AM,,10,MC,,"If revenge is a dish best served cold, and revenge is sweet, then revenge is:",False,1,coca cola,UnChecked,0,1
DJung, 1,8/27/2026 11:07 AM,8/27/2026 11:09 AM,,10,MC,,"If revenge is a dish best served cold, and revenge is sweet, then revenge is:",False,1,a popsicle,UnChecked,0,1
MLawal, 1,8/27/2026 11:08 AM,8/27/2026 11:10 AM,,1,MC,,"What is the answer to life, the universe, and everything?",False,1,38,UnChecked,0,1
MLawal, 1,8/27/2026 11:08 AM,8/27/2026 11:10 AM,,1,MC,,"What is the answer to life, the universe, and everything?",False,1,39,UnChecked,0,1
MLawal, 1,8/27/2026 11:08 AM,8/27/2026 11:10 AM,,1,MC,,"What is the answer to life, the universe, and everything?",False,1,40,Checked,0,1
MLawal, 1,8/27/2026 11:08 AM,8/27/2026 11:10 AM,,1,MC,,"What is the answer to life, the universe, and everything?",False,1,41,UnChecked,0,1
MLawal, 1,8/27/2026 11:08 AM,8/27/2026 11:10 AM,,2,MC,,"If you choose the answer to this question at random, what is the chance you will be correct?",False,1,25%,UnChecked,1,1
MLawal, 1,8/27/2026 11:08 AM,8/27/2026 11:10 AM,,2,MC,,"If you choose the answer to this question at random, what is the chance you will be correct?",False,1,50%,UnChecked,1,1
MLawal, 1,8/27/2026 11:08 AM,8/27/2026 11:10 AM,,2,MC,,"If you choose the answer to this question at random, what is the chance you will be correct?",False,1,60%,Checked,1,1
MLawal, 1,8/27/2026 11:08 AM,8/27/2026 11:10 AM,,2,MC,,"If you choose the answer to this question at random, what is the chance you will be correct?",False,1,25%,UnChecked,1,1
MLawal, 1,8/27/2026 11:08 AM,8/27/2026 11:10 AM,,3,T/F,,"Should the word ""Abbreviation"" be shorter?",False,1,True,UnChecked,0,1
MLawal, 1,8/27/2026 11:08 AM,8/27/2026 11:10 AM,,3,T/F,,"Should the word ""Abbreviation"" be shorter?",False,1,False,Checked,0,1
MLawal, 1,8/27/2026 11:08 AM,8/27/2026 11:10 AM,,4,MC,,How many letters are in the alphabet?,False,1,11,UnChecked,0,1
MLawal, 1,8/27/2026 11:08 AM,8/27/2026 11:10 AM,,4,MC,,How many letters are in the alphabet?,False,1,7,UnChecked,0,1
MLawal, 1,8/27/2026 11:08 AM,8/27/2026 11:10 AM,,4,MC,,How many letters are in the alphabet?,False,1,26,Checked,0,1
MLawal, 1,8/27/2026 11:08 AM,8/27/2026 11:10 AM,,4,MC,,How many letters are in the alphabet?,False,1,11010,UnChecked,0,1
MLawal, 1,8/27/2026 11:08 AM,8/27/2026 11:10 AM,,5,MC,,"If you take a ship and replaced all of the parts until none of the original parts of this ship are a part of the ship, what happens?",False,1,Disney sues you,UnChecked,0,1
MLawal, 1,8/27/2026 11:08 AM,8/27/2026 11:10 AM,,5,MC,,"If you take a ship and replaced all of the parts until none of the original parts of this ship are a part of the ship, what happens?",False,1,Paul Bettany joins you,Checked,0,1
MLawal, 1,8/27/2026 11:08 AM,8/27/2026 11:10 AM,,5,MC,,"If you take a ship and replaced all of the parts until none of the original parts of this ship are a part of the ship, what happens?",False,1,You have two ships,UnChecked,0,1
MLawal, 1,8/27/2026 11:08 AM,8/27/2026 11:10 AM,,6,T/F,,Something can be both New and Improved,False,1,True,Checked,0,1
MLawal, 1,8/27/2026 11:08 AM,8/27/2026 11:10 AM,,6,T/F,,Something can be both New and Improved,False,1,False,UnChecked,0,1
MLawal, 1,8/27/2026 11:08 AM,8/27/2026 11:10 AM,,7,FIB,,"My bologna has a first name, it's _______ my bologna has a second name, it's _______ ",False,1,Answer for blank # 1,qpeak,0,1
MLawal, 1,8/27/2026 11:08 AM,8/27/2026 11:10 AM,,7,FIB,,"My bologna has a first name, it's _______ my bologna has a second name, it's _______ ",False,1,Answer for blank # 2,midroll,0,1
MLawal, 1,8/27/2026 11:08 AM,8/27/2026 11:10 AM,,8,MC,,Is your answer to this question 'no'?,False,1,yes,UnChecked,0,1
MLawal, 1,8/27/2026 11:08 AM,8/27/2026 11:10 AM,,8,MC,,Is your answer to this question 'no'?,False,1,no,Checked,0,1
MLawal, 1,8/27/2026 11:08 AM,8/27/2026 11:10 AM,,9,MC,,"In the word ""scent"", which letter is silent?",False,1,s,UnChecked,0,1
MLawal, 1,8/27/2026 11:08 AM,8/27/2026 11:10 AM,,9,MC,,"In the word ""scent"", which letter is silent?",False,1,c,UnChecked,0,1
MLawal, 1,8/27/2026 11:08 AM,8/27/2026 11:10 AM,,9,MC,,"In the word ""scent"", which letter is silent?",False,1,a,UnChecked,0,1
MLawal, 1,8/27/2026 11:08 AM,8/27/2026 11:10 AM,,9,MC,,"In the word ""scent"", which letter is silent?",False,1,p,Checked,0,1
MLawal, 1,8/27/2026 11:08 AM,8/27/2026 11:10 AM,,10,MC,,"If revenge is a dish best served cold, and revenge is sweet, then revenge is:",False,1,frozen yogurt,UnChecked,1,1
MLawal, 1,8/27/2026 11:08 AM,8/27/2026 11:10 AM,,10,MC,,"If revenge is a dish best served cold, and revenge is sweet, then revenge is:",False,1,coca cola,UnChecked,1,1
MLawal, 1,8/27/2026 11:08 AM,8/27/2026 11:10 AM,,10,MC,,"If revenge is a dish best served cold, and revenge is sweet, then revenge is:",False,1,a popsicle,UnChecked,1,1
MLawal, 1,8/27/2026 11:08 AM,8/27/2026 11:10 AM,,10,MC,,"If revenge is a dish best served cold, and revenge is sweet, then revenge is:",False,1,ice cream,Checked,1,1
JLee, 1,8/27/2026 11:07 AM,8/27/2026 11:10 AM,,1,MC,,"What is the answer to life, the universe, and everything?",False,1,38,UnChecked,0,1
JLee, 1,8/27/2026 11:07 AM,8/27/2026 11:10 AM,,1,MC,,"What is the answer to life, the universe, and everything?",False,1,39,UnChecked,0,1
JLee, 1,8/27/2026 11:07 AM,8/27/2026 11:10 AM,,1,MC,,"What is the answer to life, the universe, and everything?",False,1,40,Checked,0,1
JLee, 1,8/27/2026 11:07 AM,8/27/2026 11:10 AM,,1,MC,,"What is the answer to life, the universe, and everything?",False,1,41,UnChecked,0,1
JLee, 1,8/27/2026 11:07 AM,8/27/2026 11:10 AM,,2,MC,,"If you choose the answer to this question at random, what is the chance you will be correct?",False,1,25%,Checked,0,1
JLee, 1,8/27/2026 11:07 AM,8/27/2026 11:10 AM,,2,MC,,"If you choose the answer to this question at random, what is the chance you will be correct?",False,1,50%,UnChecked,0,1
JLee, 1,8/27/2026 11:07 AM,8/27/2026 11:10 AM,,2,MC,,"If you choose the answer to this question at random, what is the chance you will be correct?",False,1,60%,UnChecked,0,1
JLee, 1,8/27/2026 11:07 AM,8/27/2026 11:10 AM,,2,MC,,"If you choose the answer to this question at random, what is the chance you will be correct?",False,1,25%,UnChecked,0,1
JLee, 1,8/27/2026 11:07 AM,8/27/2026 11:10 AM,,3,T/F,,"Should the word ""Abbreviation"" be shorter?",False,1,True,Checked,1,1
JLee, 1,8/27/2026 11:07 AM,8/27/2026 11:10 AM,,3,T/F,,"Should the word ""Abbreviation"" be shorter?",False,1,False,UnChecked,1,1
JLee, 1,8/27/2026 11:07 AM,8/27/2026 11:10 AM,,4,MC,,How many letters are in the alphabet?,False,1,11,UnChecked,0,1
JLee, 1,8/27/2026 11:07 AM,8/27/2026 11:10 AM,,4,MC,,How many letters are in the alphabet?,False,1,7,UnChecked,0,1
JLee, 1,8/27/2026 11:07 AM,8/27/2026 11:10 AM,,4,MC,,How many letters are in the alphabet?,False,1,26,UnChecked,0,1
JLee, 1,8/27/2026 11:07 AM,8/27/2026 11:10 AM,,4,MC,,How many letters are in the alphabet?,False,1,11010,Checked,0,1
JLee, 1,8/27/2026 11:07 AM,8/27/2026 11:10 AM,,5,MC,,"If you take a ship and replaced all of the parts until none of the original parts of this ship are a part of the ship, what happens?",False,1,Disney sues you,Checked,0,1
JLee, 1,8/27/2026 11:07 AM,8/27/2026 11:10 AM,,5,MC,,"If you take a ship and replaced all of the parts until none of the original parts of this ship are a part of the ship, what happens?",False,1,Paul Bettany joins you,UnChecked,0,1
JLee, 1,8/27/2026 11:07 AM,8/27/2026 11:10 AM,,5,MC,,"If you take a ship and replaced all of the parts until none of the original parts of this ship are a part of the ship, what happens?",False,1,You have two ships,UnChecked,0,1
JLee, 1,8/27/2026 11:07 AM,8/27/2026 11:10 AM,,6,T/F,,Something can be both New and Improved,False,1,True,Checked,0,1
JLee, 1,8/27/2026 11:07 AM,8/27/2026 11:10 AM,,6,T/F,,Something can be both New and Improved,False,1,False,UnChecked,0,1
JLee, 1,8/27/2026 11:07 AM,8/27/2026 11:10 AM,,7,FIB,,"My bologna has a first name, it's _______ my bologna has a second name, it's _______ ",False,1,Answer for blank # 1,sammy,0,1
JLee, 1,8/27/2026 11:07 AM,8/27/2026 11:10 AM,,7,FIB,,"My bologna has a first name, it's _______ my bologna has a second name, it's _______ ",False,1,Answer for blank # 2,sammy,0,1
JLee, 1,8/27/2026 11:07 AM,8/27/2026 11:10 AM,,8,MC,,Is your answer to this question 'no'?,False,1,yes,Checked,1,1
JLee, 1,8/27/2026 11:07 AM,8/27/2026 11:10 AM,,8,MC,,Is your answer to this question 'no'?,False,1,no,UnChecked,1,1
JLee, 1,8/27/2026 11:07 AM,8/27/2026 11:10 AM,,9,MC,,"In the word ""scent"", which letter is silent?",False,1,s,UnChecked,0,1
JLee, 1,8/27/2026 11:07 AM,8/27/2026 11:10 AM,,9,MC,,"In the word ""scent"", which letter is silent?",False,1,c,Checked,0,1
JLee, 1,8/27/2026 11:07 AM,8/27/2026 11:10 AM,,9,MC,,"In the word ""scent"", which letter is silent?",False,1,a,UnChecked,0,1
JLee, 1,8/27/2026 11:07 AM,8/27/2026 11:10 AM,,9,MC,,"In the word ""scent"", which letter is silent?",False,1,p,UnChecked,0,1
JLee, 1,8/27/2026 11:07 AM,8/27/2026 11:10 AM,,10,MC,,"If revenge is a dish best served cold, and revenge is sweet, then revenge is:",False,1,frozen yogurt,UnChecked,0,1
JLee, 1,8/27/2026 11:07 AM,8/27/2026 11:10 AM,,10,MC,,"If revenge is a dish best served cold, and revenge is sweet, then revenge is:",False,1,a popsicle,UnChecked,0,1
JLee, 1,8/27/2026 11:07 AM,8/27/2026 11:10 AM,,10,MC,,"If revenge is a dish best served cold, and revenge is sweet, then revenge is:",False,1,ice cream,UnChecked,0,1
JLee, 1,8/27/2026 11:07 AM,8/27/2026 11:10 AM,,10,MC,,"If revenge is a dish best served cold, and revenge is sweet, then revenge is:",False,1,coca cola,Checked,0,1
RLong, 1,8/27/2026 11:03 AM,8/27/2026 11:05 AM,,1,MC,,"What is the answer to life, the universe, and everything?",False,1,38,UnChecked,0,1
RLong, 1,8/27/2026 11:03 AM,8/27/2026 11:05 AM,,1,MC,,"What is the answer to life, the universe, and everything?",False,1,39,UnChecked,0,1
RLong, 1,8/27/2026 11:03 AM,8/27/2026 11:05 AM,,1,MC,,"What is the answer to life, the universe, and everything?",False,1,40,UnChecked,0,1
RLong, 1,8/27/2026 11:03 AM,8/27/2026 11:05 AM,,1,MC,,"What is the answer to life, the universe, and everything?",False,1,41,Checked,0,1
RLong, 1,8/27/2026 11:03 AM,8/27/2026 11:05 AM,,2,MC,,"If you choose the answer to this question at random, what is the chance you will be correct?",False,1,25%,Checked,0,1
RLong, 1,8/27/2026 11:03 AM,8/27/2026 11:05 AM,,2,MC,,"If you choose the answer to this question at random, what is the chance you will be correct?",False,1,50%,UnChecked,0,1
RLong, 1,8/27/2026 11:03 AM,8/27/2026 11:05 AM,,2,MC,,"If you choose the answer to this question at random, what is the chance you will be correct?",False,1,60%,UnChecked,0,1
RLong, 1,8/27/2026 11:03 AM,8/27/2026 11:05 AM,,2,MC,,"If you choose the answer to this question at random, what is the chance you will be correct?",False,1,25%,UnChecked,0,1
RLong, 1,8/27/2026 11:03 AM,8/27/2026 11:05 AM,,3,T/F,,"Should the word ""Abbreviation"" be shorter?",False,1,True,UnChecked,0,1
RLong, 1,8/27/2026 11:03 AM,8/27/2026 11:05 AM,,3,T/F,,"Should the word ""Abbreviation"" be shorter?",False,1,False,Checked,0,1
RLong, 1,8/27/2026 11:03 AM,8/27/2026 11:05 AM,,4,MC,,How many letters are in the alphabet?,False,1,11,UnChecked,0,1
RLong, 1,8/27/2026 11:03 AM,8/27/2026 11:05 AM,,4,MC,,How many letters are in the alphabet?,False,1,7,UnChecked,0,1
RLong, 1,8/27/2026 11:03 AM,8/27/2026 11:05 AM,,4,MC,,How many letters are in the alphabet?,False,1,26,Checked,0,1
RLong, 1,8/27/2026 11:03 AM,8/27/2026 11:05 AM,,4,MC,,How many letters are in the alphabet?,False,1,11010,UnChecked,0,1
RLong, 1,8/27/2026 11:03 AM,8/27/2026 11:05 AM,,5,MC,,"If you take a ship and replaced all of the parts until none of the original parts of this ship are a part of the ship, what happens?",False,1,Disney sues you,UnChecked,1,1
RLong, 1,8/27/2026 11:03 AM,8/27/2026 11:05 AM,,5,MC,,"If you take a ship and replaced all of the parts until none of the original parts of this ship are a part of the ship, what happens?",False,1,Paul Bettany joins you,UnChecked,1,1
RLong, 1,8/27/2026 11:03 AM,8/27/2026 11:05 AM,,5,MC,,"If you take a ship and replaced all of the parts until none of the original parts of this ship are a part of the ship, what happens?",False,1,You have two ships,Checked,1,1
RLong, 1,8/27/2026 11:03 AM,8/27/2026 11:05 AM,,6,T/F,,Something can be both New and Improved,False,1,True,Checked,0,1
RLong, 1,8/27/2026 11:03 AM,8/27/2026 11:05 AM,,6,T/F,,Something can be both New and Improved,False,1,False,UnChecked,0,1
RLong, 1,8/27/2026 11:03 AM,8/27/2026 11:05 AM,,7,FIB,,"My bologna has a first name, it's _______ my bologna has a second name, it's _______ ",False,1,Answer for blank # 1,Bobby,0,1
RLong, 1,8/27/2026 11:03 AM,8/27/2026 11:05 AM,,7,FIB,,"My bologna has a first name, it's _______ my bologna has a second name, it's _______ ",False,1,Answer for blank # 2,Bobby Jr,0,1
RLong, 1,8/27/2026 11:03 AM,8/27/2026 11:05 AM,,8,MC,,Is your answer to this question 'no'?,False,1,yes,UnChecked,0,1
RLong, 1,8/27/2026 11:03 AM,8/27/2026 11:05 AM,,8,MC,,Is your answer to this question 'no'?,False,1,no,Checked,0,1
RLong, 1,8/27/2026 11:03 AM,8/27/2026 11:05 AM,,9,MC,,"In the word ""scent"", which letter is silent?",False,1,s,UnChecked,0,1
RLong, 1,8/27/2026 11:03 AM,8/27/2026 11:05 AM,,9,MC,,"In the word ""scent"", which letter is silent?",False,1,c,Checked,0,1
RLong, 1,8/27/2026 11:03 AM,8/27/2026 11:05 AM,,9,MC,,"In the word ""scent"", which letter is silent?",False,1,a,UnChecked,0,1
RLong, 1,8/27/2026 11:03 AM,8/27/2026 11:05 AM,,9,MC,,"In the word ""scent"", which letter is silent?",False,1,p,UnChecked,0,1
RLong, 1,8/27/2026 11:03 AM,8/27/2026 11:05 AM,,10,MC,,"If revenge is a dish best served cold, and revenge is sweet, then revenge is:",False,1,ice cream,UnChecked,0,1
RLong, 1,8/27/2026 11:03 AM,8/27/2026 11:05 AM,,10,MC,,"If revenge is a dish best served cold, and revenge is sweet, then revenge is:",False,1,a popsicle,Checked,0,1
RLong, 1,8/27/2026 11:03 AM,8/27/2026 11:05 AM,,10,MC,,"If revenge is a dish best served cold, and revenge is sweet, then revenge is:",False,1,coca cola,UnChecked,0,1
RLong, 1,8/27/2026 11:03 AM,8/27/2026 11:05 AM,,10,MC,,"If revenge is a dish best served cold, and revenge is sweet, then revenge is:",False,1,frozen yogurt,UnChecked,0,1
ALykins, 1,8/27/2026 11:08 AM,8/27/2026 11:11 AM,,1,MC,,"What is the answer to life, the universe, and everything?",False,1,38,UnChecked,0,1
ALykins, 1,8/27/2026 11:08 AM,8/27/2026 11:11 AM,,1,MC,,"What is the answer to life, the universe, and everything?",False,1,39,UnChecked,0,1
ALykins, 1,8/27/2026 11:08 AM,8/27/2026 11:11 AM,,1,MC,,"What is the answer to life, the universe, and everything?",False,1,40,UnChecked,0,1
ALykins, 1,8/27/2026 11:08 AM,8/27/2026 11:11 AM,,1,MC,,"What is the answer to life, the universe, and everything?",False,1,41,Checked,0,1
ALykins, 1,8/27/2026 11:08 AM,8/27/2026 11:11 AM,,2,MC,,"If you choose the answer to this question at random, what is the chance you will be correct?",False,1,25%,Checked,0,1
ALykins, 1,8/27/2026 11:08 AM,8/27/2026 11:11 AM,,2,MC,,"If you choose the answer to this question at random, what is the chance you will be correct?",False,1,50%,UnChecked,0,1
ALykins, 1,8/27/2026 11:08 AM,8/27/2026 11:11 AM,,2,MC,,"If you choose the answer to this question at random, what is the chance you will be correct?",False,1,60%,UnChecked,0,1
ALykins, 1,8/27/2026 11:08 AM,8/27/2026 11:11 AM,,2,MC,,"If you choose the answer to this question at random, what is the chance you will be correct?",False,1,25%,UnChecked,0,1
ALykins, 1,8/27/2026 11:08 AM,8/27/2026 11:11 AM,,3,T/F,,"Should the word ""Abbreviation"" be shorter?",False,1,True,UnChecked,0,1
ALykins, 1,8/27/2026 11:08 AM,8/27/2026 11:11 AM,,3,T/F,,"Should the word ""Abbreviation"" be shorter?",False,1,False,Checked,0,1
ALykins, 1,8/27/2026 11:08 AM,8/27/2026 11:11 AM,,4,MC,,How many letters are in the alphabet?,False,1,11,UnChecked,0,1
ALykins, 1,8/27/2026 11:08 AM,8/27/2026 11:11 AM,,4,MC,,How many letters are in the alphabet?,False,1,7,UnChecked,0,1
ALykins, 1,8/27/2026 11:08 AM,8/27/2026 11:11 AM,,4,MC,,How many letters are in the alphabet?,False,1,26,UnChecked,0,1
ALykins, 1,8/27/2026 11:08 AM,8/27/2026 11:11 AM,,4,MC,,How many letters are in the alphabet?,False,1,11010,Checked,0,1
ALykins, 1,8/27/2026 11:08 AM,8/27/2026 11:11 AM,,5,MC,,"If you take a ship and replaced all of the parts until none of the original parts of this ship are a part of the ship, what happens?",False,1,Disney sues you,UnChecked,1,1
ALykins, 1,8/27/2026 11:08 AM,8/27/2026 11:11 AM,,5,MC,,"If you take a ship and replaced all of the parts until none of the original parts of this ship are a part of the ship, what happens?",False,1,Paul Bettany joins you,UnChecked,1,1
ALykins, 1,8/27/2026 11:08 AM,8/27/2026 11:11 AM,,5,MC,,"If you take a ship and replaced all of the parts until none of the original parts of this ship are a part of the ship, what happens?",False,1,You have two ships,Checked,1,1
ALykins, 1,8/27/2026 11:08 AM,8/27/2026 11:11 AM,,6,T/F,,Something can be both New and Improved,False,1,True,Checked,0,1
ALykins, 1,8/27/2026 11:08 AM,8/27/2026 11:11 AM,,6,T/F,,Something can be both New and Improved,False,1,False,UnChecked,0,1
ALykins, 1,8/27/2026 11:08 AM,8/27/2026 11:11 AM,,7,FIB,,"My bologna has a first name, it's _______ my bologna has a second name, it's _______ ",False,1,Answer for blank # 1,Oscar,0,1
ALykins, 1,8/27/2026 11:08 AM,8/27/2026 11:11 AM,,7,FIB,,"My bologna has a first name, it's _______ my bologna has a second name, it's _______ ",False,1,Answer for blank # 2,Mayer,0,1
ALykins, 1,8/27/2026 11:08 AM,8/27/2026 11:11 AM,,8,MC,,Is your answer to this question 'no'?,False,1,yes,Checked,1,1
ALykins, 1,8/27/2026 11:08 AM,8/27/2026 11:11 AM,,8,MC,,Is your answer to this question 'no'?,False,1,no,UnChecked,1,1
ALykins, 1,8/27/2026 11:08 AM,8/27/2026 11:11 AM,,9,MC,,"In the word ""scent"", which letter is silent?",False,1,s,UnChecked,0,1
ALykins, 1,8/27/2026 11:08 AM,8/27/2026 11:11 AM,,9,MC,,"In the word ""scent"", which letter is silent?",False,1,c,Checked,0,1
ALykins, 1,8/27/2026 11:08 AM,8/27/2026 11:11 AM,,9,MC,,"In the word ""scent"", which letter is silent?",False,1,a,UnChecked,0,1
ALykins, 1,8/27/2026 11:08 AM,8/27/2026 11:11 AM,,9,MC,,"In the word ""scent"", which letter is silent?",False,1,p,UnChecked,0,1
ALykins, 1,8/27/2026 11:08 AM,8/27/2026 11:11 AM,,10,MC,,"If revenge is a dish best served cold, and revenge is sweet, then revenge is:",False,1,ice cream,Checked,1,1
ALykins, 1,8/27/2026 11:08 AM,8/27/2026 11:11 AM,,10,MC,,"If revenge is a dish best served cold, and revenge is sweet, then revenge is:",False,1,coca cola,UnChecked,1,1
ALykins, 1,8/27/2026 11:08 AM,8/27/2026 11:11 AM,,10,MC,,"If revenge is a dish best served cold, and revenge is sweet, then revenge is:",False,1,a popsicle,UnChecked,1,1
ALykins, 1,8/27/2026 11:08 AM,8/27/2026 11:11 AM,,10,MC,,"If revenge is a dish best served cold, and revenge is sweet, then revenge is:",False,1,frozen yogurt,UnChecked,1,1
CMcElheny, 1,8/27/2026 11:07 AM,8/27/2026 11:09 AM,,1,MC,,"What is the answer to life, the universe, and everything?",False,1,38,UnChecked,0,1
CMcElheny, 1,8/27/2026 11:07 AM,8/27/2026 11:09 AM,,1,MC,,"What is the answer to life, the universe, and everything?",False,1,39,UnChecked,0,1
CMcElheny, 1,8/27/2026 11:07 AM,8/27/2026 11:09 AM,,1,MC,,"What is the answer to life, the universe, and everything?",False,1,40,UnChecked,0,1
CMcElheny, 1,8/27/2026 11:07 AM,8/27/2026 11:09 AM,,1,MC,,"What is the answer to life, the universe, and everything?",False,1,41,Checked,0,1
CMcElheny, 1,8/27/2026 11:07 AM,8/27/2026 11:09 AM,,2,MC,,"If you choose the answer to this question at random, what is the chance you will be correct?",False,1,25%,UnChecked,0,1
CMcElheny, 1,8/27/2026 11:07 AM,8/27/2026 11:09 AM,,2,MC,,"If you choose the answer to this question at random, what is the chance you will be correct?",False,1,50%,UnChecked,0,1
CMcElheny, 1,8/27/2026 11:07 AM,8/27/2026 11:09 AM,,2,MC,,"If you choose the answer to this question at random, what is the chance you will be correct?",False,1,60%,UnChecked,0,1
CMcElheny, 1,8/27/2026 11:07 AM,8/27/2026 11:09 AM,,2,MC,,"If you choose the answer to this question at random, what is the chance you will be correct?",False,1,25%,Checked,0,1
CMcElheny, 1,8/27/2026 11:07 AM,8/27/2026 11:09 AM,,3,T/F,,"Should the word ""Abbreviation"" be shorter?",False,1,True,UnChecked,0,1
CMcElheny, 1,8/27/2026 11:07 AM,8/27/2026 11:09 AM,,3,T/F,,"Should the word ""Abbreviation"" be shorter?",False,1,False,Checked,0,1
CMcElheny, 1,8/27/2026 11:07 AM,8/27/2026 11:09 AM,,4,MC,,How many letters are in the alphabet?,False,1,11,UnChecked,0,1
CMcElheny, 1,8/27/2026 11:07 AM,8/27/2026 11:09 AM,,4,MC,,How many letters are in the alphabet?,False,1,7,UnChecked,0,1
CMcElheny, 1,8/27/2026 11:07 AM,8/27/2026 11:09 AM,,4,MC,,How many letters are in the alphabet?,False,1,26,Checked,0,1
CMcElheny, 1,8/27/2026 11:07 AM,8/27/2026 11:09 AM,,4,MC,,How many letters are in the alphabet?,False,1,11010,UnChecked,0,1
CMcElheny, 1,8/27/2026 11:07 AM,8/27/2026 11:09 AM,,5,MC,,"If you take a ship and replaced all of the parts until none of the original parts of this ship are a part of the ship, what happens?",False,1,Disney sues you,UnChecked,1,1
CMcElheny, 1,8/27/2026 11:07 AM,8/27/2026 11:09 AM,,5,MC,,"If you take a ship and replaced all of the parts until none of the original parts of this ship are a part of the ship, what happens?",False,1,Paul Bettany joins you,UnChecked,1,1
CMcElheny, 1,8/27/2026 11:07 AM,8/27/2026 11:09 AM,,5,MC,,"If you take a ship and replaced all of the parts until none of the original parts of this ship are a part of the ship, what happens?",False,1,You have two ships,Checked,1,1
CMcElheny, 1,8/27/2026 11:07 AM,8/27/2026 11:09 AM,,6,T/F,,Something can be both New and Improved,False,1,True,Checked,0,1
CMcElheny, 1,8/27/2026 11:07 AM,8/27/2026 11:09 AM,,6,T/F,,Something can be both New and Improved,False,1,False,UnChecked,0,1
CMcElheny, 1,8/27/2026 11:07 AM,8/27/2026 11:09 AM,,7,FIB,,"My bologna has a first name, it's _______ my bologna has a second name, it's _______ ",False,1,Answer for blank # 1,a,0,1
CMcElheny, 1,8/27/2026 11:07 AM,8/27/2026 11:09 AM,,7,FIB,,"My bologna has a first name, it's _______ my bologna has a second name, it's _______ ",False,1,Answer for blank # 2,b,0,1
CMcElheny, 1,8/27/2026 11:07 AM,8/27/2026 11:09 AM,,8,MC,,Is your answer to this question 'no'?,False,1,yes,UnChecked,0,1
CMcElheny, 1,8/27/2026 11:07 AM,8/27/2026 11:09 AM,,8,MC,,Is your answer to this question 'no'?,False,1,no,Checked,0,1
CMcElheny, 1,8/27/2026 11:07 AM,8/27/2026 11:09 AM,,9,MC,,"In the word ""scent"", which letter is silent?",False,1,s,UnChecked,0,1
CMcElheny, 1,8/27/2026 11:07 AM,8/27/2026 11:09 AM,,9,MC,,"In the word ""scent"", which letter is silent?",False,1,c,Checked,0,1
CMcElheny, 1,8/27/2026 11:07 AM,8/27/2026 11:09 AM,,9,MC,,"In the word ""scent"", which letter is silent?",False,1,a,UnChecked,0,1
CMcElheny, 1,8/27/2026 11:07 AM,8/27/2026 11:09 AM,,9,MC,,"In the word ""scent"", which letter is silent?",False,1,p,UnChecked,0,1
CMcElheny, 1,8/27/2026 11:07 AM,8/27/2026 11:09 AM,,10,MC,,"If revenge is a dish best served cold, and revenge is sweet, then revenge is:",False,1,frozen yogurt,UnChecked,1,1
CMcElheny, 1,8/27/2026 11:07 AM,8/27/2026 11:09 AM,,10,MC,,"If revenge is a dish best served cold, and revenge is sweet, then revenge is:",False,1,ice cream,Checked,1,1
CMcElheny, 1,8/27/2026 11:07 AM,8/27/2026 11:09 AM,,10,MC,,"If revenge is a dish best served cold, and revenge is sweet, then revenge is:",False,1,coca cola,UnChecked,1,1
CMcElheny, 1,8/27/2026 11:07 AM,8/27/2026 11:09 AM,,10,MC,,"If revenge is a dish best served cold, and revenge is sweet, then revenge is:",False,1,a popsicle,UnChecked,1,1
CMcGuire, 1,8/27/2026 11:07 AM,8/27/2026 11:09 AM,,1,MC,,"What is the answer to life, the universe, and everything?",False,1,38,UnChecked,0,1
CMcGuire, 1,8/27/2026 11:07 AM,8/27/2026 11:09 AM,,1,MC,,"What is the answer to life, the universe, and everything?",False,1,39,UnChecked,0,1
CMcGuire, 1,8/27/2026 11:07 AM,8/27/2026 11:09 AM,,1,MC,,"What is the answer to life, the universe, and everything?",False,1,40,UnChecked,0,1
CMcGuire, 1,8/27/2026 11:07 AM,8/27/2026 11:09 AM,,1,MC,,"What is the answer to life, the universe, and everything?",False,1,41,Checked,0,1
CMcGuire, 1,8/27/2026 11:07 AM,8/27/2026 11:09 AM,,2,MC,,"If you choose the answer to this question at random, what is the chance you will be correct?",False,1,25%,Checked,0,1
CMcGuire, 1,8/27/2026 11:07 AM,8/27/2026 11:09 AM,,2,MC,,"If you choose the answer to this question at random, what is the chance you will be correct?",False,1,50%,UnChecked,0,1
CMcGuire, 1,8/27/2026 11:07 AM,8/27/2026 11:09 AM,,2,MC,,"If you choose the answer to this question at random, what is the chance you will be correct?",False,1,60%,UnChecked,0,1
CMcGuire, 1,8/27/2026 11:07 AM,8/27/2026 11:09 AM,,2,MC,,"If you choose the answer to this question at random, what is the chance you will be correct?",False,1,25%,UnChecked,0,1
CMcGuire, 1,8/27/2026 11:07 AM,8/27/2026 11:09 AM,,3,T/F,,"Should the word ""Abbreviation"" be shorter?",False,1,True,UnChecked,0,1
CMcGuire, 1,8/27/2026 11:07 AM,8/27/2026 11:09 AM,,3,T/F,,"Should the word ""Abbreviation"" be shorter?",False,1,False,Checked,0,1
CMcGuire, 1,8/27/2026 11:07 AM,8/27/2026 11:09 AM,,4,MC,,How many letters are in the alphabet?,False,1,11,UnChecked,0,1
CMcGuire, 1,8/27/2026 11:07 AM,8/27/2026 11:09 AM,,4,MC,,How many letters are in the alphabet?,False,1,7,UnChecked,0,1
CMcGuire, 1,8/27/2026 11:07 AM,8/27/2026 11:09 AM,,4,MC,,How many letters are in the alphabet?,False,1,26,UnChecked,0,1
CMcGuire, 1,8/27/2026 11:07 AM,8/27/2026 11:09 AM,,4,MC,,How many letters are in the alphabet?,False,1,11010,Checked,0,1
CMcGuire, 1,8/27/2026 11:07 AM,8/27/2026 11:09 AM,,5,MC,,"If you take a ship and replaced all of the parts until none of the original parts of this ship are a part of the ship, what happens?",False,1,Disney sues you,Checked,0,1
CMcGuire, 1,8/27/2026 11:07 AM,8/27/2026 11:09 AM,,5,MC,,"If you take a ship and replaced all of the parts until none of the original parts of this ship are a part of the ship, what happens?",False,1,Paul Bettany joins you,UnChecked,0,1
CMcGuire, 1,8/27/2026 11:07 AM,8/27/2026 11:09 AM,,5,MC,,"If you take a ship and replaced all of the parts until none of the original parts of this ship are a part of the ship, what happens?",False,1,You have two ships,UnChecked,0,1
CMcGuire, 1,8/27/2026 11:07 AM,8/27/2026 11:09 AM,,6,T/F,,Something can be both New and Improved,False,1,True,Checked,0,1
CMcGuire, 1,8/27/2026 11:07 AM,8/27/2026 11:09 AM,,6,T/F,,Something can be both New and Improved,False,1,False,UnChecked,0,1
CMcGuire, 1,8/27/2026 11:07 AM,8/27/2026 11:09 AM,,7,FIB,,"My bologna has a first name, it's _______ my bologna has a second name, it's _______ ",False,1,Answer for blank # 1,bologna,0,1
CMcGuire, 1,8/27/2026 11:07 AM,8/27/2026 11:09 AM,,7,FIB,,"My bologna has a first name, it's _______ my bologna has a second name, it's _______ ",False,1,Answer for blank # 2,boloney,0,1
CMcGuire, 1,8/27/2026 11:07 AM,8/27/2026 11:09 AM,,8,MC,,Is your answer to this question 'no'?,False,1,yes,UnChecked,0,1
CMcGuire, 1,8/27/2026 11:07 AM,8/27/2026 11:09 AM,,8,MC,,Is your answer to this question 'no'?,False,1,no,Checked,0,1
CMcGuire, 1,8/27/2026 11:07 AM,8/27/2026 11:09 AM,,9,MC,,"In the word ""scent"", which letter is silent?",False,1,s,UnChecked,0,1
CMcGuire, 1,8/27/2026 11:07 AM,8/27/2026 11:09 AM,,9,MC,,"In the word ""scent"", which letter is silent?",False,1,c,UnChecked,0,1
CMcGuire, 1,8/27/2026 11:07 AM,8/27/2026 11:09 AM,,9,MC,,"In the word ""scent"", which letter is silent?",False,1,a,UnChecked,0,1
CMcGuire, 1,8/27/2026 11:07 AM,8/27/2026 11:09 AM,,9,MC,,"In the word ""scent"", which letter is silent?",False,1,p,Checked,0,1
CMcGuire, 1,8/27/2026 11:07 AM,8/27/2026 11:09 AM,,10,MC,,"If revenge is a dish best served cold, and revenge is sweet, then revenge is:",False,1,a popsicle,UnChecked,0,1
CMcGuire, 1,8/27/2026 11:07 AM,8/27/2026 11:09 AM,,10,MC,,"If revenge is a dish best served cold, and revenge is sweet, then revenge is:",False,1,coca cola,Checked,0,1
CMcGuire, 1,8/27/2026 11:07 AM,8/27/2026 11:09 AM,,10,MC,,"If revenge is a dish best served cold, and revenge is sweet, then revenge is:",False,1,frozen yogurt,UnChecked,0,1
CMcGuire, 1,8/27/2026 11:07 AM,8/27/2026 11:09 AM,,10,MC,,"If revenge is a dish best served cold, and revenge is sweet, then revenge is:",False,1,ice cream,UnChecked,0,1
AMoore, 1,8/27/2026 11:07 AM,8/27/2026 11:10 AM,,1,MC,,"What is the answer to life, the universe, and everything?",False,1,38,UnChecked,0,1
AMoore, 1,8/27/2026 11:07 AM,8/27/2026 11:10 AM,,1,MC,,"What is the answer to life, the universe, and everything?",False,1,39,UnChecked,0,1
AMoore, 1,8/27/2026 11:07 AM,8/27/2026 11:10 AM,,1,MC,,"What is the answer to life, the universe, and everything?",False,1,40,UnChecked,0,1
AMoore, 1,8/27/2026 11:07 AM,8/27/2026 11:10 AM,,1,MC,,"What is the answer to life, the universe, and everything?",False,1,41,Checked,0,1
AMoore, 1,8/27/2026 11:07 AM,8/27/2026 11:10 AM,,2,MC,,"If you choose the answer to this question at random, what is the chance you will be correct?",False,1,25%,UnChecked,1,1
AMoore, 1,8/27/2026 11:07 AM,8/27/2026 11:10 AM,,2,MC,,"If you choose the answer to this question at random, what is the chance you will be correct?",False,1,50%,UnChecked,1,1
AMoore, 1,8/27/2026 11:07 AM,8/27/2026 11:10 AM,,2,MC,,"If you choose the answer to this question at random, what is the chance you will be correct?",False,1,60%,Checked,1,1
AMoore, 1,8/27/2026 11:07 AM,8/27/2026 11:10 AM,,2,MC,,"If you choose the answer to this question at random, what is the chance you will be correct?",False,1,25%,UnChecked,1,1
AMoore, 1,8/27/2026 11:07 AM,8/27/2026 11:10 AM,,3,T/F,,"Should the word ""Abbreviation"" be shorter?",False,1,True,Checked,1,1
AMoore, 1,8/27/2026 11:07 AM,8/27/2026 11:10 AM,,3,T/F,,"Should the word ""Abbreviation"" be shorter?",False,1,False,UnChecked,1,1
AMoore, 1,8/27/2026 11:07 AM,8/27/2026 11:10 AM,,4,MC,,How many letters are in the alphabet?,False,1,11,UnChecked,0,1
AMoore, 1,8/27/2026 11:07 AM,8/27/2026 11:10 AM,,4,MC,,How many letters are in the alphabet?,False,1,7,UnChecked,0,1
AMoore, 1,8/27/2026 11:07 AM,8/27/2026 11:10 AM,,4,MC,,How many letters are in the alphabet?,False,1,26,UnChecked,0,1
AMoore, 1,8/27/2026 11:07 AM,8/27/2026 11:10 AM,,4,MC,,How many letters are in the alphabet?,False,1,11010,Checked,0,1
AMoore, 1,8/27/2026 11:07 AM,8/27/2026 11:10 AM,,5,MC,,"If you take a ship and replaced all of the parts until none of the original parts of this ship are a part of the ship, what happens?",False,1,Disney sues you,UnChecked,0,1
AMoore, 1,8/27/2026 11:07 AM,8/27/2026 11:10 AM,,5,MC,,"If you take a ship and replaced all of the parts until none of the original parts of this ship are a part of the ship, what happens?",False,1,Paul Bettany joins you,Checked,0,1
AMoore, 1,8/27/2026 11:07 AM,8/27/2026 11:10 AM,,5,MC,,"If you take a ship and replaced all of the parts until none of the original parts of this ship are a part of the ship, what happens?",False,1,You have two ships,UnChecked,0,1
AMoore, 1,8/27/2026 11:07 AM,8/27/2026 11:10 AM,,6,T/F,,Something can be both New and Improved,False,1,True,Checked,0,1
AMoore, 1,8/27/2026 11:07 AM,8/27/2026 11:10 AM,,6,T/F,,Something can be both New and Improved,False,1,False,UnChecked,0,1
AMoore, 1,8/27/2026 11:07 AM,8/27/2026 11:10 AM,,7,FIB,,"My bologna has a first name, it's _______ my bologna has a second name, it's _______ ",False,1,Answer for blank # 1,Mark,0,1
AMoore, 1,8/27/2026 11:07 AM,8/27/2026 11:10 AM,,7,FIB,,"My bologna has a first name, it's _______ my bologna has a second name, it's _______ ",False,1,Answer for blank # 2,John Quifrey Leopald II,0,1
AMoore, 1,8/27/2026 11:07 AM,8/27/2026 11:10 AM,,8,MC,,Is your answer to this question 'no'?,False,1,yes,Checked,1,1
AMoore, 1,8/27/2026 11:07 AM,8/27/2026 11:10 AM,,8,MC,,Is your answer to this question 'no'?,False,1,no,UnChecked,1,1
AMoore, 1,8/27/2026 11:07 AM,8/27/2026 11:10 AM,,9,MC,,"In the word ""scent"", which letter is silent?",False,1,s,UnChecked,1,1
AMoore, 1,8/27/2026 11:07 AM,8/27/2026 11:10 AM,,9,MC,,"In the word ""scent"", which letter is silent?",False,1,c,UnChecked,1,1
AMoore, 1,8/27/2026 11:07 AM,8/27/2026 11:10 AM,,9,MC,,"In the word ""scent"", which letter is silent?",False,1,a,Checked,1,1
AMoore, 1,8/27/2026 11:07 AM,8/27/2026 11:10 AM,,9,MC,,"In the word ""scent"", which letter is silent?",False,1,p,UnChecked,1,1
AMoore, 1,8/27/2026 11:07 AM,8/27/2026 11:10 AM,,10,MC,,"If revenge is a dish best served cold, and revenge is sweet, then revenge is:",False,1,a popsicle,UnChecked,0,1
AMoore, 1,8/27/2026 11:07 AM,8/27/2026 11:10 AM,,10,MC,,"If revenge is a dish best served cold, and revenge is sweet, then revenge is:",False,1,frozen yogurt,Checked,0,1
AMoore, 1,8/27/2026 11:07 AM,8/27/2026 11:10 AM,,10,MC,,"If revenge is a dish best served cold, and revenge is sweet, then revenge is:",False,1,ice cream,UnChecked,0,1
AMoore, 1,8/27/2026 11:07 AM,8/27/2026 11:10 AM,,10,MC,,"If revenge is a dish best served cold, and revenge is sweet, then revenge is:",False,1,coca cola,UnChecked,0,1
BMoore, 1,8/27/2026 11:07 AM,8/27/2026 11:10 AM,,1,MC,,"What is the answer to life, the universe, and everything?",False,1,38,UnChecked,0,1
BMoore, 1,8/27/2026 11:07 AM,8/27/2026 11:10 AM,,1,MC,,"What is the answer to life, the universe, and everything?",False,1,39,UnChecked,0,1
BMoore, 1,8/27/2026 11:07 AM,8/27/2026 11:10 AM,,1,MC,,"What is the answer to life, the universe, and everything?",False,1,40,Checked,0,1
BMoore, 1,8/27/2026 11:07 AM,8/27/2026 11:10 AM,,1,MC,,"What is the answer to life, the universe, and everything?",False,1,41,UnChecked,0,1
BMoore, 1,8/27/2026 11:07 AM,8/27/2026 11:10 AM,,2,MC,,"If you choose the answer to this question at random, what is the chance you will be correct?",False,1,25%,Checked,0,1
BMoore, 1,8/27/2026 11:07 AM,8/27/2026 11:10 AM,,2,MC,,"If you choose the answer to this question at random, what is the chance you will be correct?",False,1,50%,UnChecked,0,1
BMoore, 1,8/27/2026 11:07 AM,8/27/2026 11:10 AM,,2,MC,,"If you choose the answer to this question at random, what is the chance you will be correct?",False,1,60%,UnChecked,0,1
BMoore, 1,8/27/2026 11:07 AM,8/27/2026 11:10 AM,,2,MC,,"If you choose the answer to this question at random, what is the chance you will be correct?",False,1,25%,UnChecked,0,1
BMoore, 1,8/27/2026 11:07 AM,8/27/2026 11:10 AM,,3,T/F,,"Should the word ""Abbreviation"" be shorter?",False,1,True,Checked,1,1
BMoore, 1,8/27/2026 11:07 AM,8/27/2026 11:10 AM,,3,T/F,,"Should the word ""Abbreviation"" be shorter?",False,1,False,UnChecked,1,1
BMoore, 1,8/27/2026 11:07 AM,8/27/2026 11:10 AM,,4,MC,,How many letters are in the alphabet?,False,1,11,UnChecked,0,1
BMoore, 1,8/27/2026 11:07 AM,8/27/2026 11:10 AM,,4,MC,,How many letters are in the alphabet?,False,1,7,UnChecked,0,1
BMoore, 1,8/27/2026 11:07 AM,8/27/2026 11:10 AM,,4,MC,,How many letters are in the alphabet?,False,1,26,Checked,0,1
BMoore, 1,8/27/2026 11:07 AM,8/27/2026 11:10 AM,,4,MC,,How many letters are in the alphabet?,False,1,11010,UnChecked,0,1
BMoore, 1,8/27/2026 11:07 AM,8/27/2026 11:10 AM,,5,MC,,"If you take a ship and replaced all of the parts until none of the original parts of this ship are a part of the ship, what happens?",False,1,Disney sues you,UnChecked,1,1
BMoore, 1,8/27/2026 11:07 AM,8/27/2026 11:10 AM,,5,MC,,"If you take a ship and replaced all of the parts until none of the original parts of this ship are a part of the ship, what happens?",False,1,Paul Bettany joins you,UnChecked,1,1
BMoore, 1,8/27/2026 11:07 AM,8/27/2026 11:10 AM,,5,MC,,"If you take a ship and replaced all of the parts until none of the original parts of this ship are a part of the ship, what happens?",False,1,You have two ships,Checked,1,1
BMoore, 1,8/27/2026 11:07 AM,8/27/2026 11:10 AM,,6,T/F,,Something can be both New and Improved,False,1,True,Checked,0,1
BMoore, 1,8/27/2026 11:07 AM,8/27/2026 11:10 AM,,6,T/F,,Something can be both New and Improved,False,1,False,UnChecked,0,1
BMoore, 1,8/27/2026 11:07 AM,8/27/2026 11:10 AM,,7,FIB,,"My bologna has a first name, it's _______ my bologna has a second name, it's _______ ",False,1,Answer for blank # 1,John,0,1
BMoore, 1,8/27/2026 11:07 AM,8/27/2026 11:10 AM,,7,FIB,,"My bologna has a first name, it's _______ my bologna has a second name, it's _______ ",False,1,Answer for blank # 2,Pork,0,1
BMoore, 1,8/27/2026 11:07 AM,8/27/2026 11:10 AM,,8,MC,,Is your answer to this question 'no'?,False,1,yes,Checked,1,1
BMoore, 1,8/27/2026 11:07 AM,8/27/2026 11:10 AM,,8,MC,,Is your answer to this question 'no'?,False,1,no,UnChecked,1,1
BMoore, 1,8/27/2026 11:07 AM,8/27/2026 11:10 AM,,9,MC,,"In the word ""scent"", which letter is silent?",False,1,s,Checked,0,1
BMoore, 1,8/27/2026 11:07 AM,8/27/2026 11:10 AM,,9,MC,,"In the word ""scent"", which letter is silent?",False,1,c,UnChecked,0,1
BMoore, 1,8/27/2026 11:07 AM,8/27/2026 11:10 AM,,9,MC,,"In the word ""scent"", which letter is silent?",False,1,a,UnChecked,0,1
BMoore, 1,8/27/2026 11:07 AM,8/27/2026 11:10 AM,,9,MC,,"In the word ""scent"", which letter is silent?",False,1,p,UnChecked,0,1
BMoore, 1,8/27/2026 11:07 AM,8/27/2026 11:10 AM,,10,MC,,"If revenge is a dish best served cold, and revenge is sweet, then revenge is:",False,1,frozen yogurt,UnChecked,1,1
BMoore, 1,8/27/2026 11:07 AM,8/27/2026 11:10 AM,,10,MC,,"If revenge is a dish best served cold, and revenge is sweet, then revenge is:",False,1,ice cream,Checked,1,1
BMoore, 1,8/27/2026 11:07 AM,8/27/2026 11:10 AM,,10,MC,,"If revenge is a dish best served cold, and revenge is sweet, then revenge is:",False,1,a popsicle,UnChecked,1,1
BMoore, 1,8/27/2026 11:07 AM,8/27/2026 11:10 AM,,10,MC,,"If revenge is a dish best served cold, and revenge is sweet, then revenge is:",False,1,coca cola,UnChecked,1,1
LMorrison, 1,8/27/2026 11:07 AM,8/27/2026 11:09 AM,,1,MC,,"What is the answer to life, the universe, and everything?",False,1,38,UnChecked,0,1
LMorrison, 1,8/27/2026 11:07 AM,8/27/2026 11:09 AM,,1,MC,,"What is the answer to life, the universe, and everything?",False,1,39,UnChecked,0,1
LMorrison, 1,8/27/2026 11:07 AM,8/27/2026 11:09 AM,,1,MC,,"What is the answer to life, the universe, and everything?",False,1,40,UnChecked,0,1
LMorrison, 1,8/27/2026 11:07 AM,8/27/2026 11:09 AM,,1,MC,,"What is the answer to life, the universe, and everything?",False,1,41,Checked,0,1
LMorrison, 1,8/27/2026 11:07 AM,8/27/2026 11:09 AM,,2,MC,,"If you choose the answer to this question at random, what is the chance you will be correct?",False,1,25%,Checked,0,1
LMorrison, 1,8/27/2026 11:07 AM,8/27/2026 11:09 AM,,2,MC,,"If you choose the answer to this question at random, what is the chance you will be correct?",False,1,50%,UnChecked,0,1
LMorrison, 1,8/27/2026 11:07 AM,8/27/2026 11:09 AM,,2,MC,,"If you choose the answer to this question at random, what is the chance you will be correct?",False,1,60%,UnChecked,0,1
LMorrison, 1,8/27/2026 11:07 AM,8/27/2026 11:09 AM,,2,MC,,"If you choose the answer to this question at random, what is the chance you will be correct?",False,1,25%,UnChecked,0,1
LMorrison, 1,8/27/2026 11:07 AM,8/27/2026 11:09 AM,,3,T/F,,"Should the word ""Abbreviation"" be shorter?",False,1,True,Checked,1,1
LMorrison, 1,8/27/2026 11:07 AM,8/27/2026 11:09 AM,,3,T/F,,"Should the word ""Abbreviation"" be shorter?",False,1,False,UnChecked,1,1
LMorrison, 1,8/27/2026 11:07 AM,8/27/2026 11:09 AM,,4,MC,,How many letters are in the alphabet?,False,1,11,UnChecked,0,1
LMorrison, 1,8/27/2026 11:07 AM,8/27/2026 11:09 AM,,4,MC,,How many letters are in the alphabet?,False,1,7,UnChecked,0,1
LMorrison, 1,8/27/2026 11:07 AM,8/27/2026 11:09 AM,,4,MC,,How many letters are in the alphabet?,False,1,26,Checked,0,1
LMorrison, 1,8/27/2026 11:07 AM,8/27/2026 11:09 AM,,4,MC,,How many letters are in the alphabet?,False,1,11010,UnChecked,0,1
LMorrison, 1,8/27/2026 11:07 AM,8/27/2026 11:09 AM,,5,MC,,"If you take a ship and replaced all of the parts until none of the original parts of this ship are a part of the ship, what happens?",False,1,Disney sues you,UnChecked,1,1
LMorrison, 1,8/27/2026 11:07 AM,8/27/2026 11:09 AM,,5,MC,,"If you take a ship and replaced all of the parts until none of the original parts of this ship are a part of the ship, what happens?",False,1,Paul Bettany joins you,UnChecked,1,1
LMorrison, 1,8/27/2026 11:07 AM,8/27/2026 11:09 AM,,5,MC,,"If you take a ship and replaced all of the parts until none of the original parts of this ship are a part of the ship, what happens?",False,1,You have two ships,Checked,1,1
LMorrison, 1,8/27/2026 11:07 AM,8/27/2026 11:09 AM,,6,T/F,,Something can be both New and Improved,False,1,True,UnChecked,1,1
LMorrison, 1,8/27/2026 11:07 AM,8/27/2026 11:09 AM,,6,T/F,,Something can be both New and Improved,False,1,False,Checked,1,1
LMorrison, 1,8/27/2026 11:07 AM,8/27/2026 11:09 AM,,7,FIB,,"My bologna has a first name, it's _______ my bologna has a second name, it's _______ ",False,1,Answer for blank # 1,Porky,0,1
LMorrison, 1,8/27/2026 11:07 AM,8/27/2026 11:09 AM,,7,FIB,,"My bologna has a first name, it's _______ my bologna has a second name, it's _______ ",False,1,Answer for blank # 2,Beef,0,1
LMorrison, 1,8/27/2026 11:07 AM,8/27/2026 11:09 AM,,8,MC,,Is your answer to this question 'no'?,False,1,yes,UnChecked,0,1
LMorrison, 1,8/27/2026 11:07 AM,8/27/2026 11:09 AM,,8,MC,,Is your answer to this question 'no'?,False,1,no,Checked,0,1
LMorrison, 1,8/27/2026 11:07 AM,8/27/2026 11:09 AM,,9,MC,,"In the word ""scent"", which letter is silent?",False,1,s,Checked,0,1
LMorrison, 1,8/27/2026 11:07 AM,8/27/2026 11:09 AM,,9,MC,,"In the word ""scent"", which letter is silent?",False,1,c,UnChecked,0,1
LMorrison, 1,8/27/2026 11:07 AM,8/27/2026 11:09 AM,,9,MC,,"In the word ""scent"", which letter is silent?",False,1,a,UnChecked,0,1
LMorrison, 1,8/27/2026 11:07 AM,8/27/2026 11:09 AM,,9,MC,,"In the word ""scent"", which letter is silent?",False,1,p,UnChecked,0,1
LMorrison, 1,8/27/2026 11:07 AM,8/27/2026 11:09 AM,,10,MC,,"If revenge is a dish best served cold, and revenge is sweet, then revenge is:",False,1,frozen yogurt,UnChecked,1,1
LMorrison, 1,8/27/2026 11:07 AM,8/27/2026 11:09 AM,,10,MC,,"If revenge is a dish best served cold, and revenge is sweet, then revenge is:",False,1,ice cream,Checked,1,1
LMorrison, 1,8/27/2026 11:07 AM,8/27/2026 11:09 AM,,10,MC,,"If revenge is a dish best served cold, and revenge is sweet, then revenge is:",False,1,a popsicle,UnChecked,1,1
LMorrison, 1,8/27/2026 11:07 AM,8/27/2026 11:09 AM,,10,MC,,"If revenge is a dish best served cold, and revenge is sweet, then revenge is:",False,1,coca cola,UnChecked,1,1
SNorman, 1,8/27/2026 11:07 AM,8/27/2026 11:10 AM,,1,MC,,"What is the answer to life, the universe, and everything?",False,1,38,UnChecked,0,1
SNorman, 1,8/27/2026 11:07 AM,8/27/2026 11:10 AM,,1,MC,,"What is the answer to life, the universe, and everything?",False,1,39,UnChecked,0,1
SNorman, 1,8/27/2026 11:07 AM,8/27/2026 11:10 AM,,1,MC,,"What is the answer to life, the universe, and everything?",False,1,40,UnChecked,0,1
SNorman, 1,8/27/2026 11:07 AM,8/27/2026 11:10 AM,,1,MC,,"What is the answer to life, the universe, and everything?",False,1,41,Checked,0,1
SNorman, 1,8/27/2026 11:07 AM,8/27/2026 11:10 AM,,2,MC,,"If you choose the answer to this question at random, what is the chance you will be correct?",False,1,25%,Checked,0,1
SNorman, 1,8/27/2026 11:07 AM,8/27/2026 11:10 AM,,2,MC,,"If you choose the answer to this question at random, what is the chance you will be correct?",False,1,50%,UnChecked,0,1
SNorman, 1,8/27/2026 11:07 AM,8/27/2026 11:10 AM,,2,MC,,"If you choose the answer to this question at random, what is the chance you will be correct?",False,1,60%,UnChecked,0,1
SNorman, 1,8/27/2026 11:07 AM,8/27/2026 11:10 AM,,2,MC,,"If you choose the answer to this question at random, what is the chance you will be correct?",False,1,25%,UnChecked,0,1
SNorman, 1,8/27/2026 11:07 AM,8/27/2026 11:10 AM,,3,T/F,,"Should the word ""Abbreviation"" be shorter?",False,1,True,Checked,1,1
SNorman, 1,8/27/2026 11:07 AM,8/27/2026 11:10 AM,,3,T/F,,"Should the word ""Abbreviation"" be shorter?",False,1,False,UnChecked,1,1
SNorman, 1,8/27/2026 11:07 AM,8/27/2026 11:10 AM,,4,MC,,How many letters are in the alphabet?,False,1,11,UnChecked,0,1
SNorman, 1,8/27/2026 11:07 AM,8/27/2026 11:10 AM,,4,MC,,How many letters are in the alphabet?,False,1,7,UnChecked,0,1
SNorman, 1,8/27/2026 11:07 AM,8/27/2026 11:10 AM,,4,MC,,How many letters are in the alphabet?,False,1,26,Checked,0,1
SNorman, 1,8/27/2026 11:07 AM,8/27/2026 11:10 AM,,4,MC,,How many letters are in the alphabet?,False,1,11010,UnChecked,0,1
SNorman, 1,8/27/2026 11:07 AM,8/27/2026 11:10 AM,,5,MC,,"If you take a ship and replaced all of the parts until none of the original parts of this ship are a part of the ship, what happens?",False,1,Disney sues you,UnChecked,1,1
SNorman, 1,8/27/2026 11:07 AM,8/27/2026 11:10 AM,,5,MC,,"If you take a ship and replaced all of the parts until none of the original parts of this ship are a part of the ship, what happens?",False,1,Paul Bettany joins you,UnChecked,1,1
SNorman, 1,8/27/2026 11:07 AM,8/27/2026 11:10 AM,,5,MC,,"If you take a ship and replaced all of the parts until none of the original parts of this ship are a part of the ship, what happens?",False,1,You have two ships,Checked,1,1
SNorman, 1,8/27/2026 11:07 AM,8/27/2026 11:10 AM,,6,T/F,,Something can be both New and Improved,False,1,True,Checked,0,1
SNorman, 1,8/27/2026 11:07 AM,8/27/2026 11:10 AM,,6,T/F,,Something can be both New and Improved,False,1,False,UnChecked,0,1
SNorman, 1,8/27/2026 11:07 AM,8/27/2026 11:10 AM,,7,FIB,,"My bologna has a first name, it's _______ my bologna has a second name, it's _______ ",False,1,Answer for blank # 1,bolo,0,1
SNorman, 1,8/27/2026 11:07 AM,8/27/2026 11:10 AM,,7,FIB,,"My bologna has a first name, it's _______ my bologna has a second name, it's _______ ",False,1,Answer for blank # 2,gna,0,1
SNorman, 1,8/27/2026 11:07 AM,8/27/2026 11:10 AM,,8,MC,,Is your answer to this question 'no'?,False,1,yes,UnChecked,0,1
SNorman, 1,8/27/2026 11:07 AM,8/27/2026 11:10 AM,,8,MC,,Is your answer to this question 'no'?,False,1,no,Checked,0,1
SNorman, 1,8/27/2026 11:07 AM,8/27/2026 11:10 AM,,9,MC,,"In the word ""scent"", which letter is silent?",False,1,s,UnChecked,0,1
SNorman, 1,8/27/2026 11:07 AM,8/27/2026 11:10 AM,,9,MC,,"In the word ""scent"", which letter is silent?",False,1,c,Checked,0,1
SNorman, 1,8/27/2026 11:07 AM,8/27/2026 11:10 AM,,9,MC,,"In the word ""scent"", which letter is silent?",False,1,a,UnChecked,0,1
SNorman, 1,8/27/2026 11:07 AM,8/27/2026 11:10 AM,,9,MC,,"In the word ""scent"", which letter is silent?",False,1,p,UnChecked,0,1
SNorman, 1,8/27/2026 11:07 AM,8/27/2026 11:10 AM,,10,MC,,"If revenge is a dish best served cold, and revenge is sweet, then revenge is:",False,1,frozen yogurt,UnChecked,0,1
SNorman, 1,8/27/2026 11:07 AM,8/27/2026 11:10 AM,,10,MC,,"If revenge is a dish best served cold, and revenge is sweet, then revenge is:",False,1,coca cola,Checked,0,1
SNorman, 1,8/27/2026 11:07 AM,8/27/2026 11:10 AM,,10,MC,,"If revenge is a dish best served cold, and revenge is sweet, then revenge is:",False,1,ice cream,UnChecked,0,1
SNorman, 1,8/27/2026 11:07 AM,8/27/2026 11:10 AM,,10,MC,,"If revenge is a dish best served cold, and revenge is sweet, then revenge is:",False,1,a popsicle,UnChecked,0,1
COtoski, 1,8/27/2026 11:07 AM,8/27/2026 11:09 AM,,1,MC,,"What is the answer to life, the universe, and everything?",False,1,38,UnChecked,0,1
COtoski, 1,8/27/2026 11:07 AM,8/27/2026 11:09 AM,,1,MC,,"What is the answer to life, the universe, and everything?",False,1,39,UnChecked,0,1
COtoski, 1,8/27/2026 11:07 AM,8/27/2026 11:09 AM,,1,MC,,"What is the answer to life, the universe, and everything?",False,1,40,Checked,0,1
COtoski, 1,8/27/2026 11:07 AM,8/27/2026 11:09 AM,,1,MC,,"What is the answer to life, the universe, and everything?",False,1,41,UnChecked,0,1
COtoski, 1,8/27/2026 11:07 AM,8/27/2026 11:09 AM,,2,MC,,"If you choose the answer to this question at random, what is the chance you will be correct?",False,1,25%,UnChecked,0,1
COtoski, 1,8/27/2026 11:07 AM,8/27/2026 11:09 AM,,2,MC,,"If you choose the answer to this question at random, what is the chance you will be correct?",False,1,50%,Checked,0,1
COtoski, 1,8/27/2026 11:07 AM,8/27/2026 11:09 AM,,2,MC,,"If you choose the answer to this question at random, what is the chance you will be correct?",False,1,60%,UnChecked,0,1
COtoski, 1,8/27/2026 11:07 AM,8/27/2026 11:09 AM,,2,MC,,"If you choose the answer to this question at random, what is the chance you will be correct?",False,1,25%,UnChecked,0,1
COtoski, 1,8/27/2026 11:07 AM,8/27/2026 11:09 AM,,3,T/F,,"Should the word ""Abbreviation"" be shorter?",False,1,True,Checked,1,1
COtoski, 1,8/27/2026 11:07 AM,8/27/2026 11:09 AM,,3,T/F,,"Should the word ""Abbreviation"" be shorter?",False,1,False,UnChecked,1,1
COtoski, 1,8/27/2026 11:07 AM,8/27/2026 11:09 AM,,4,MC,,How many letters are in the alphabet?,False,1,11,Checked,0,1
COtoski, 1,8/27/2026 11:07 AM,8/27/2026 11:09 AM,,4,MC,,How many letters are in the alphabet?,False,1,7,UnChecked,0,1
COtoski, 1,8/27/2026 11:07 AM,8/27/2026 11:09 AM,,4,MC,,How many letters are in the alphabet?,False,1,26,UnChecked,0,1
COtoski, 1,8/27/2026 11:07 AM,8/27/2026 11:09 AM,,4,MC,,How many letters are in the alphabet?,False,1,11010,UnChecked,0,1
COtoski, 1,8/27/2026 11:07 AM,8/27/2026 11:09 AM,,5,MC,,"If you take a ship and replaced all of the parts until none of the original parts of this ship are a part of the ship, what happens?",False,1,Disney sues you,Checked,0,1
COtoski, 1,8/27/2026 11:07 AM,8/27/2026 11:09 AM,,5,MC,,"If you take a ship and replaced all of the parts until none of the original parts of this ship are a part of the ship, what happens?",False,1,Paul Bettany joins you,UnChecked,0,1
COtoski, 1,8/27/2026 11:07 AM,8/27/2026 11:09 AM,,5,MC,,"If you take a ship and replaced all of the parts until none of the original parts of this ship are a part of the ship, what happens?",False,1,You have two ships,UnChecked,0,1
COtoski, 1,8/27/2026 11:07 AM,8/27/2026 11:09 AM,,6,T/F,,Something can be both New and Improved,False,1,True,Checked,0,1
COtoski, 1,8/27/2026 11:07 AM,8/27/2026 11:09 AM,,6,T/F,,Something can be both New and Improved,False,1,False,UnChecked,0,1
COtoski, 1,8/27/2026 11:07 AM,8/27/2026 11:09 AM,,7,FIB,,"My bologna has a first name, it's _______ my bologna has a second name, it's _______ ",False,1,Answer for blank # 1,Bartholomew,0,1
COtoski, 1,8/27/2026 11:07 AM,8/27/2026 11:09 AM,,7,FIB,,"My bologna has a first name, it's _______ my bologna has a second name, it's _______ ",False,1,Answer for blank # 2,Thomas,0,1
COtoski, 1,8/27/2026 11:07 AM,8/27/2026 11:09 AM,,8,MC,,Is your answer to this question 'no'?,False,1,yes,Checked,1,1
COtoski, 1,8/27/2026 11:07 AM,8/27/2026 11:09 AM,,8,MC,,Is your answer to this question 'no'?,False,1,no,UnChecked,1,1
COtoski, 1,8/27/2026 11:07 AM,8/27/2026 11:09 AM,,9,MC,,"In the word ""scent"", which letter is silent?",False,1,s,UnChecked,0,1
COtoski, 1,8/27/2026 11:07 AM,8/27/2026 11:09 AM,,9,MC,,"In the word ""scent"", which letter is silent?",False,1,c,UnChecked,0,1
COtoski, 1,8/27/2026 11:07 AM,8/27/2026 11:09 AM,,9,MC,,"In the word ""scent"", which letter is silent?",False,1,a,UnChecked,0,1
COtoski, 1,8/27/2026 11:07 AM,8/27/2026 11:09 AM,,9,MC,,"In the word ""scent"", which letter is silent?",False,1,p,Checked,0,1
COtoski, 1,8/27/2026 11:07 AM,8/27/2026 11:09 AM,,10,MC,,"If revenge is a dish best served cold, and revenge is sweet, then revenge is:",False,1,frozen yogurt,UnChecked,0,1
COtoski, 1,8/27/2026 11:07 AM,8/27/2026 11:09 AM,,10,MC,,"If revenge is a dish best served cold, and revenge is sweet, then revenge is:",False,1,ice cream,UnChecked,0,1
COtoski, 1,8/27/2026 11:07 AM,8/27/2026 11:09 AM,,10,MC,,"If revenge is a dish best served cold, and revenge is sweet, then revenge is:",False,1,a popsicle,UnChecked,0,1
COtoski, 1,8/27/2026 11:07 AM,8/27/2026 11:09 AM,,10,MC,,"If revenge is a dish best served cold, and revenge is sweet, then revenge is:",False,1,coca cola,Checked,0,1
JPatel, 1,8/27/2026 11:08 AM,8/27/2026 11:10 AM,,1,MC,,"What is the answer to life, the universe, and everything?",False,1,38,UnChecked,0,1
JPatel, 1,8/27/2026 11:08 AM,8/27/2026 11:10 AM,,1,MC,,"What is the answer to life, the universe, and everything?",False,1,39,UnChecked,0,1
JPatel, 1,8/27/2026 11:08 AM,8/27/2026 11:10 AM,,1,MC,,"What is the answer to life, the universe, and everything?",False,1,40,UnChecked,0,1
JPatel, 1,8/27/2026 11:08 AM,8/27/2026 11:10 AM,,1,MC,,"What is the answer to life, the universe, and everything?",False,1,41,Checked,0,1
JPatel, 1,8/27/2026 11:08 AM,8/27/2026 11:10 AM,,2,MC,,"If you choose the answer to this question at random, what is the chance you will be correct?",False,1,25%,Checked,0,1
JPatel, 1,8/27/2026 11:08 AM,8/27/2026 11:10 AM,,2,MC,,"If you choose the answer to this question at random, what is the chance you will be correct?",False,1,50%,UnChecked,0,1
JPatel, 1,8/27/2026 11:08 AM,8/27/2026 11:10 AM,,2,MC,,"If you choose the answer to this question at random, what is the chance you will be correct?",False,1,60%,UnChecked,0,1
JPatel, 1,8/27/2026 11:08 AM,8/27/2026 11:10 AM,,2,MC,,"If you choose the answer to this question at random, what is the chance you will be correct?",False,1,25%,UnChecked,0,1
JPatel, 1,8/27/2026 11:08 AM,8/27/2026 11:10 AM,,3,T/F,,"Should the word ""Abbreviation"" be shorter?",False,1,True,Checked,1,1
JPatel, 1,8/27/2026 11:08 AM,8/27/2026 11:10 AM,,3,T/F,,"Should the word ""Abbreviation"" be shorter?",False,1,False,UnChecked,1,1
JPatel, 1,8/27/2026 11:08 AM,8/27/2026 11:10 AM,,4,MC,,How many letters are in the alphabet?,False,1,11,UnChecked,0,1
JPatel, 1,8/27/2026 11:08 AM,8/27/2026 11:10 AM,,4,MC,,How many letters are in the alphabet?,False,1,7,UnChecked,0,1
JPatel, 1,8/27/2026 11:08 AM,8/27/2026 11:10 AM,,4,MC,,How many letters are in the alphabet?,False,1,26,Checked,0,1
JPatel, 1,8/27/2026 11:08 AM,8/27/2026 11:10 AM,,4,MC,,How many letters are in the alphabet?,False,1,11010,UnChecked,0,1
JPatel, 1,8/27/2026 11:08 AM,8/27/2026 11:10 AM,,5,MC,,"If you take a ship and replaced all of the parts until none of the original parts of this ship are a part of the ship, what happens?",False,1,Disney sues you,Checked,0,1
JPatel, 1,8/27/2026 11:08 AM,8/27/2026 11:10 AM,,5,MC,,"If you take a ship and replaced all of the parts until none of the original parts of this ship are a part of the ship, what happens?",False,1,Paul Bettany joins you,UnChecked,0,1
JPatel, 1,8/27/2026 11:08 AM,8/27/2026 11:10 AM,,5,MC,,"If you take a ship and replaced all of the parts until none of the original parts of this ship are a part of the ship, what happens?",False,1,You have two ships,UnChecked,0,1
JPatel, 1,8/27/2026 11:08 AM,8/27/2026 11:10 AM,,6,T/F,,Something can be both New and Improved,False,1,True,UnChecked,1,1
JPatel, 1,8/27/2026 11:08 AM,8/27/2026 11:10 AM,,6,T/F,,Something can be both New and Improved,False,1,False,Checked,1,1
JPatel, 1,8/27/2026 11:08 AM,8/27/2026 11:10 AM,,7,FIB,,"My bologna has a first name, it's _______ my bologna has a second name, it's _______ ",False,1,Answer for blank # 1,hello,0,1
JPatel, 1,8/27/2026 11:08 AM,8/27/2026 11:10 AM,,7,FIB,,"My bologna has a first name, it's _______ my bologna has a second name, it's _______ ",False,1,Answer for blank # 2,goodbye,0,1
JPatel, 1,8/27/2026 11:08 AM,8/27/2026 11:10 AM,,8,MC,,Is your answer to this question 'no'?,False,1,yes,Checked,1,1
JPatel, 1,8/27/2026 11:08 AM,8/27/2026 11:10 AM,,8,MC,,Is your answer to this question 'no'?,False,1,no,UnChecked,1,1
JPatel, 1,8/27/2026 11:08 AM,8/27/2026 11:10 AM,,9,MC,,"In the word ""scent"", which letter is silent?",False,1,s,UnChecked,0,1
JPatel, 1,8/27/2026 11:08 AM,8/27/2026 11:10 AM,,9,MC,,"In the word ""scent"", which letter is silent?",False,1,c,Checked,0,1
JPatel, 1,8/27/2026 11:08 AM,8/27/2026 11:10 AM,,9,MC,,"In the word ""scent"", which letter is silent?",False,1,a,UnChecked,0,1
JPatel, 1,8/27/2026 11:08 AM,8/27/2026 11:10 AM,,9,MC,,"In the word ""scent"", which letter is silent?",False,1,p,UnChecked,0,1
JPatel, 1,8/27/2026 11:08 AM,8/27/2026 11:10 AM,,10,MC,,"If revenge is a dish best served cold, and revenge is sweet, then revenge is:",False,1,coca cola,Checked,0,1
JPatel, 1,8/27/2026 11:08 AM,8/27/2026 11:10 AM,,10,MC,,"If revenge is a dish best served cold, and revenge is sweet, then revenge is:",False,1,ice cream,UnChecked,0,1
JPatel, 1,8/27/2026 11:08 AM,8/27/2026 11:10 AM,,10,MC,,"If revenge is a dish best served cold, and revenge is sweet, then revenge is:",False,1,frozen yogurt,UnChecked,0,1
JPatel, 1,8/27/2026 11:08 AM,8/27/2026 11:10 AM,,10,MC,,"If revenge is a dish best served cold, and revenge is sweet, then revenge is:",False,1,a popsicle,UnChecked,0,1
APettit, 1,8/27/2026 11:07 AM,8/27/2026 11:09 AM,,1,MC,,"What is the answer to life, the universe, and everything?",False,1,38,UnChecked,0,1
APettit, 1,8/27/2026 11:07 AM,8/27/2026 11:09 AM,,1,MC,,"What is the answer to life, the universe, and everything?",False,1,39,UnChecked,0,1
APettit, 1,8/27/2026 11:07 AM,8/27/2026 11:09 AM,,1,MC,,"What is the answer to life, the universe, and everything?",False,1,40,UnChecked,0,1
APettit, 1,8/27/2026 11:07 AM,8/27/2026 11:09 AM,,1,MC,,"What is the answer to life, the universe, and everything?",False,1,41,Checked,0,1
APettit, 1,8/27/2026 11:07 AM,8/27/2026 11:09 AM,,2,MC,,"If you choose the answer to this question at random, what is the chance you will be correct?",False,1,25%,UnChecked,0,1
APettit, 1,8/27/2026 11:07 AM,8/27/2026 11:09 AM,,2,MC,,"If you choose the answer to this question at random, what is the chance you will be correct?",False,1,50%,UnChecked,0,1
APettit, 1,8/27/2026 11:07 AM,8/27/2026 11:09 AM,,2,MC,,"If you choose the answer to this question at random, what is the chance you will be correct?",False,1,60%,UnChecked,0,1
APettit, 1,8/27/2026 11:07 AM,8/27/2026 11:09 AM,,2,MC,,"If you choose the answer to this question at random, what is the chance you will be correct?",False,1,25%,Checked,0,1
APettit, 1,8/27/2026 11:07 AM,8/27/2026 11:09 AM,,3,T/F,,"Should the word ""Abbreviation"" be shorter?",False,1,True,Checked,1,1
APettit, 1,8/27/2026 11:07 AM,8/27/2026 11:09 AM,,3,T/F,,"Should the word ""Abbreviation"" be shorter?",False,1,False,UnChecked,1,1
APettit, 1,8/27/2026 11:07 AM,8/27/2026 11:09 AM,,4,MC,,How many letters are in the alphabet?,False,1,11,UnChecked,0,1
APettit, 1,8/27/2026 11:07 AM,8/27/2026 11:09 AM,,4,MC,,How many letters are in the alphabet?,False,1,7,UnChecked,0,1
APettit, 1,8/27/2026 11:07 AM,8/27/2026 11:09 AM,,4,MC,,How many letters are in the alphabet?,False,1,26,Checked,0,1
APettit, 1,8/27/2026 11:07 AM,8/27/2026 11:09 AM,,4,MC,,How many letters are in the alphabet?,False,1,11010,UnChecked,0,1
APettit, 1,8/27/2026 11:07 AM,8/27/2026 11:09 AM,,5,MC,,"If you take a ship and replaced all of the parts until none of the original parts of this ship are a part of the ship, what happens?",False,1,Disney sues you,Checked,0,1
APettit, 1,8/27/2026 11:07 AM,8/27/2026 11:09 AM,,5,MC,,"If you take a ship and replaced all of the parts until none of the original parts of this ship are a part of the ship, what happens?",False,1,Paul Bettany joins you,UnChecked,0,1
APettit, 1,8/27/2026 11:07 AM,8/27/2026 11:09 AM,,5,MC,,"If you take a ship and replaced all of the parts until none of the original parts of this ship are a part of the ship, what happens?",False,1,You have two ships,UnChecked,0,1
APettit, 1,8/27/2026 11:07 AM,8/27/2026 11:09 AM,,6,T/F,,Something can be both New and Improved,False,1,True,UnChecked,1,1
APettit, 1,8/27/2026 11:07 AM,8/27/2026 11:09 AM,,6,T/F,,Something can be both New and Improved,False,1,False,Checked,1,1
APettit, 1,8/27/2026 11:07 AM,8/27/2026 11:09 AM,,7,FIB,,"My bologna has a first name, it's _______ my bologna has a second name, it's _______ ",False,1,Answer for blank # 1,bingus,0,1
APettit, 1,8/27/2026 11:07 AM,8/27/2026 11:09 AM,,7,FIB,,"My bologna has a first name, it's _______ my bologna has a second name, it's _______ ",False,1,Answer for blank # 2,bongo,0,1
APettit, 1,8/27/2026 11:07 AM,8/27/2026 11:09 AM,,8,MC,,Is your answer to this question 'no'?,False,1,yes,Checked,1,1
APettit, 1,8/27/2026 11:07 AM,8/27/2026 11:09 AM,,8,MC,,Is your answer to this question 'no'?,False,1,no,UnChecked,1,1
APettit, 1,8/27/2026 11:07 AM,8/27/2026 11:09 AM,,9,MC,,"In the word ""scent"", which letter is silent?",False,1,s,UnChecked,0,1
APettit, 1,8/27/2026 11:07 AM,8/27/2026 11:09 AM,,9,MC,,"In the word ""scent"", which letter is silent?",False,1,c,Checked,0,1
APettit, 1,8/27/2026 11:07 AM,8/27/2026 11:09 AM,,9,MC,,"In the word ""scent"", which letter is silent?",False,1,a,UnChecked,0,1
APettit, 1,8/27/2026 11:07 AM,8/27/2026 11:09 AM,,9,MC,,"In the word ""scent"", which letter is silent?",False,1,p,UnChecked,0,1
APettit, 1,8/27/2026 11:07 AM,8/27/2026 11:09 AM,,10,MC,,"If revenge is a dish best served cold, and revenge is sweet, then revenge is:",False,1,coca cola,UnChecked,1,1
APettit, 1,8/27/2026 11:07 AM,8/27/2026 11:09 AM,,10,MC,,"If revenge is a dish best served cold, and revenge is sweet, then revenge is:",False,1,ice cream,Checked,1,1
APettit, 1,8/27/2026 11:07 AM,8/27/2026 11:09 AM,,10,MC,,"If revenge is a dish best served cold, and revenge is sweet, then revenge is:",False,1,a popsicle,UnChecked,1,1
APettit, 1,8/27/2026 11:07 AM,8/27/2026 11:09 AM,,10,MC,,"If revenge is a dish best served cold, and revenge is sweet, then revenge is:",False,1,frozen yogurt,UnChecked,1,1
ARandhawa, 1,8/27/2026 11:07 AM,8/27/2026 11:12 AM,,1,MC,,"What is the answer to life, the universe, and everything?",False,1,38,UnChecked,0,1
ARandhawa, 1,8/27/2026 11:07 AM,8/27/2026 11:12 AM,,1,MC,,"What is the answer to life, the universe, and everything?",False,1,39,UnChecked,0,1
ARandhawa, 1,8/27/2026 11:07 AM,8/27/2026 11:12 AM,,1,MC,,"What is the answer to life, the universe, and everything?",False,1,40,Checked,0,1
ARandhawa, 1,8/27/2026 11:07 AM,8/27/2026 11:12 AM,,1,MC,,"What is the answer to life, the universe, and everything?",False,1,41,UnChecked,0,1
ARandhawa, 1,8/27/2026 11:07 AM,8/27/2026 11:12 AM,,2,MC,,"If you choose the answer to this question at random, what is the chance you will be correct?",False,1,25%,UnChecked,0,1
ARandhawa, 1,8/27/2026 11:07 AM,8/27/2026 11:12 AM,,2,MC,,"If you choose the answer to this question at random, what is the chance you will be correct?",False,1,50%,UnChecked,0,1
ARandhawa, 1,8/27/2026 11:07 AM,8/27/2026 11:12 AM,,2,MC,,"If you choose the answer to this question at random, what is the chance you will be correct?",False,1,60%,UnChecked,0,1
ARandhawa, 1,8/27/2026 11:07 AM,8/27/2026 11:12 AM,,2,MC,,"If you choose the answer to this question at random, what is the chance you will be correct?",False,1,25%,Checked,0,1
ARandhawa, 1,8/27/2026 11:07 AM,8/27/2026 11:12 AM,,3,T/F,,"Should the word ""Abbreviation"" be shorter?",False,1,True,Checked,1,1
ARandhawa, 1,8/27/2026 11:07 AM,8/27/2026 11:12 AM,,3,T/F,,"Should the word ""Abbreviation"" be shorter?",False,1,False,UnChecked,1,1
ARandhawa, 1,8/27/2026 11:07 AM,8/27/2026 11:12 AM,,4,MC,,How many letters are in the alphabet?,False,1,11,UnChecked,0,1
ARandhawa, 1,8/27/2026 11:07 AM,8/27/2026 11:12 AM,,4,MC,,How many letters are in the alphabet?,False,1,7,UnChecked,0,1
ARandhawa, 1,8/27/2026 11:07 AM,8/27/2026 11:12 AM,,4,MC,,How many letters are in the alphabet?,False,1,26,Checked,0,1
ARandhawa, 1,8/27/2026 11:07 AM,8/27/2026 11:12 AM,,4,MC,,How many letters are in the alphabet?,False,1,11010,UnChecked,0,1
ARandhawa, 1,8/27/2026 11:07 AM,8/27/2026 11:12 AM,,5,MC,,"If you take a ship and replaced all of the parts until none of the original parts of this ship are a part of the ship, what happens?",False,1,Disney sues you,Checked,0,1
ARandhawa, 1,8/27/2026 11:07 AM,8/27/2026 11:12 AM,,5,MC,,"If you take a ship and replaced all of the parts until none of the original parts of this ship are a part of the ship, what happens?",False,1,Paul Bettany joins you,UnChecked,0,1
ARandhawa, 1,8/27/2026 11:07 AM,8/27/2026 11:12 AM,,5,MC,,"If you take a ship and replaced all of the parts until none of the original parts of this ship are a part of the ship, what happens?",False,1,You have two ships,UnChecked,0,1
ARandhawa, 1,8/27/2026 11:07 AM,8/27/2026 11:12 AM,,6,T/F,,Something can be both New and Improved,False,1,True,Checked,0,1
ARandhawa, 1,8/27/2026 11:07 AM,8/27/2026 11:12 AM,,6,T/F,,Something can be both New and Improved,False,1,False,UnChecked,0,1
ARandhawa, 1,8/27/2026 11:07 AM,8/27/2026 11:12 AM,,7,FIB,,"My bologna has a first name, it's _______ my bologna has a second name, it's _______ ",False,1,Answer for blank # 1,Ain't,0,1
ARandhawa, 1,8/27/2026 11:07 AM,8/27/2026 11:12 AM,,7,FIB,,"My bologna has a first name, it's _______ my bologna has a second name, it's _______ ",False,1,Answer for blank # 2,Happening,0,1
ARandhawa, 1,8/27/2026 11:07 AM,8/27/2026 11:12 AM,,8,MC,,Is your answer to this question 'no'?,False,1,yes,Checked,1,1
ARandhawa, 1,8/27/2026 11:07 AM,8/27/2026 11:12 AM,,8,MC,,Is your answer to this question 'no'?,False,1,no,UnChecked,1,1
ARandhawa, 1,8/27/2026 11:07 AM,8/27/2026 11:12 AM,,9,MC,,"In the word ""scent"", which letter is silent?",False,1,s,Checked,0,1
ARandhawa, 1,8/27/2026 11:07 AM,8/27/2026 11:12 AM,,9,MC,,"In the word ""scent"", which letter is silent?",False,1,c,UnChecked,0,1
ARandhawa, 1,8/27/2026 11:07 AM,8/27/2026 11:12 AM,,9,MC,,"In the word ""scent"", which letter is silent?",False,1,a,UnChecked,0,1
ARandhawa, 1,8/27/2026 11:07 AM,8/27/2026 11:12 AM,,9,MC,,"In the word ""scent"", which letter is silent?",False,1,p,UnChecked,0,1
ARandhawa, 1,8/27/2026 11:07 AM,8/27/2026 11:12 AM,,10,MC,,"If revenge is a dish best served cold, and revenge is sweet, then revenge is:",False,1,coca cola,UnChecked,0,1
ARandhawa, 1,8/27/2026 11:07 AM,8/27/2026 11:12 AM,,10,MC,,"If revenge is a dish best served cold, and revenge is sweet, then revenge is:",False,1,a popsicle,UnChecked,0,1
ARandhawa, 1,8/27/2026 11:07 AM,8/27/2026 11:12 AM,,10,MC,,"If revenge is a dish best served cold, and revenge is sweet, then revenge is:",False,1,ice cream,UnChecked,0,1
ARandhawa, 1,8/27/2026 11:07 AM,8/27/2026 11:12 AM,,10,MC,,"If revenge is a dish best served cold, and revenge is sweet, then revenge is:",False,1,frozen yogurt,Checked,0,1
ARichardson, 1,8/27/2026 11:07 AM,8/27/2026 11:09 AM,,1,MC,,"What is the answer to life, the universe, and everything?",False,1,38,UnChecked,0,1
ARichardson, 1,8/27/2026 11:07 AM,8/27/2026 11:09 AM,,1,MC,,"What is the answer to life, the universe, and everything?",False,1,39,UnChecked,0,1
ARichardson, 1,8/27/2026 11:07 AM,8/27/2026 11:09 AM,,1,MC,,"What is the answer to life, the universe, and everything?",False,1,40,UnChecked,0,1
ARichardson, 1,8/27/2026 11:07 AM,8/27/2026 11:09 AM,,1,MC,,"What is the answer to life, the universe, and everything?",False,1,41,Checked,0,1
ARichardson, 1,8/27/2026 11:07 AM,8/27/2026 11:09 AM,,2,MC,,"If you choose the answer to this question at random, what is the chance you will be correct?",False,1,25%,Checked,0,1
ARichardson, 1,8/27/2026 11:07 AM,8/27/2026 11:09 AM,,2,MC,,"If you choose the answer to this question at random, what is the chance you will be correct?",False,1,50%,UnChecked,0,1
ARichardson, 1,8/27/2026 11:07 AM,8/27/2026 11:09 AM,,2,MC,,"If you choose the answer to this question at random, what is the chance you will be correct?",False,1,60%,UnChecked,0,1
ARichardson, 1,8/27/2026 11:07 AM,8/27/2026 11:09 AM,,2,MC,,"If you choose the answer to this question at random, what is the chance you will be correct?",False,1,25%,UnChecked,0,1
ARichardson, 1,8/27/2026 11:07 AM,8/27/2026 11:09 AM,,3,T/F,,"Should the word ""Abbreviation"" be shorter?",False,1,True,Checked,1,1
ARichardson, 1,8/27/2026 11:07 AM,8/27/2026 11:09 AM,,3,T/F,,"Should the word ""Abbreviation"" be shorter?",False,1,False,UnChecked,1,1
ARichardson, 1,8/27/2026 11:07 AM,8/27/2026 11:09 AM,,4,MC,,How many letters are in the alphabet?,False,1,11,UnChecked,0,1
ARichardson, 1,8/27/2026 11:07 AM,8/27/2026 11:09 AM,,4,MC,,How many letters are in the alphabet?,False,1,7,UnChecked,0,1
ARichardson, 1,8/27/2026 11:07 AM,8/27/2026 11:09 AM,,4,MC,,How many letters are in the alphabet?,False,1,26,Checked,0,1
ARichardson, 1,8/27/2026 11:07 AM,8/27/2026 11:09 AM,,4,MC,,How many letters are in the alphabet?,False,1,11010,UnChecked,0,1
ARichardson, 1,8/27/2026 11:07 AM,8/27/2026 11:09 AM,,5,MC,,"If you take a ship and replaced all of the parts until none of the original parts of this ship are a part of the ship, what happens?",False,1,Disney sues you,Checked,0,1
ARichardson, 1,8/27/2026 11:07 AM,8/27/2026 11:09 AM,,5,MC,,"If you take a ship and replaced all of the parts until none of the original parts of this ship are a part of the ship, what happens?",False,1,Paul Bettany joins you,UnChecked,0,1
ARichardson, 1,8/27/2026 11:07 AM,8/27/2026 11:09 AM,,5,MC,,"If you take a ship and replaced all of the parts until none of the original parts of this ship are a part of the ship, what happens?",False,1,You have two ships,UnChecked,0,1
ARichardson, 1,8/27/2026 11:07 AM,8/27/2026 11:09 AM,,6,T/F,,Something can be both New and Improved,False,1,True,Checked,0,1
ARichardson, 1,8/27/2026 11:07 AM,8/27/2026 11:09 AM,,6,T/F,,Something can be both New and Improved,False,1,False,UnChecked,0,1
ARichardson, 1,8/27/2026 11:07 AM,8/27/2026 11:09 AM,,7,FIB,,"My bologna has a first name, it's _______ my bologna has a second name, it's _______ ",False,1,Answer for blank # 1,jerry,0,1
ARichardson, 1,8/27/2026 11:07 AM,8/27/2026 11:09 AM,,7,FIB,,"My bologna has a first name, it's _______ my bologna has a second name, it's _______ ",False,1,Answer for blank # 2,antidesestablishmentarinism,0,1
ARichardson, 1,8/27/2026 11:07 AM,8/27/2026 11:09 AM,,8,MC,,Is your answer to this question 'no'?,False,1,yes,UnChecked,0,1
ARichardson, 1,8/27/2026 11:07 AM,8/27/2026 11:09 AM,,8,MC,,Is your answer to this question 'no'?,False,1,no,Checked,0,1
ARichardson, 1,8/27/2026 11:07 AM,8/27/2026 11:09 AM,,9,MC,,"In the word ""scent"", which letter is silent?",False,1,s,UnChecked,0,1
ARichardson, 1,8/27/2026 11:07 AM,8/27/2026 11:09 AM,,9,MC,,"In the word ""scent"", which letter is silent?",False,1,c,Checked,0,1
ARichardson, 1,8/27/2026 11:07 AM,8/27/2026 11:09 AM,,9,MC,,"In the word ""scent"", which letter is silent?",False,1,a,UnChecked,0,1
ARichardson, 1,8/27/2026 11:07 AM,8/27/2026 11:09 AM,,9,MC,,"In the word ""scent"", which letter is silent?",False,1,p,UnChecked,0,1
ARichardson, 1,8/27/2026 11:07 AM,8/27/2026 11:09 AM,,10,MC,,"If revenge is a dish best served cold, and revenge is sweet, then revenge is:",False,1,a popsicle,UnChecked,0,1
ARichardson, 1,8/27/2026 11:07 AM,8/27/2026 11:09 AM,,10,MC,,"If revenge is a dish best served cold, and revenge is sweet, then revenge is:",False,1,ice cream,UnChecked,0,1
ARichardson, 1,8/27/2026 11:07 AM,8/27/2026 11:09 AM,,10,MC,,"If revenge is a dish best served cold, and revenge is sweet, then revenge is:",False,1,coca cola,Checked,0,1
ARichardson, 1,8/27/2026 11:07 AM,8/27/2026 11:09 AM,,10,MC,,"If revenge is a dish best served cold, and revenge is sweet, then revenge is:",False,1,frozen yogurt,UnChecked,0,1
ARivera, 1,8/27/2026 11:00 AM,8/27/2026 11:02 AM,,1,MC,,"What is the answer to life, the universe, and everything?",False,1,38,UnChecked,0,1
ARivera, 1,8/27/2026 11:00 AM,8/27/2026 11:02 AM,,1,MC,,"What is the answer to life, the universe, and everything?",False,1,39,UnChecked,0,1
ARivera, 1,8/27/2026 11:00 AM,8/27/2026 11:02 AM,,1,MC,,"What is the answer to life, the universe, and everything?",False,1,40,UnChecked,0,1
ARivera, 1,8/27/2026 11:00 AM,8/27/2026 11:02 AM,,1,MC,,"What is the answer to life, the universe, and everything?",False,1,41,Checked,0,1
ARivera, 1,8/27/2026 11:00 AM,8/27/2026 11:02 AM,,2,MC,,"If you choose the answer to this question at random, what is the chance you will be correct?",False,1,25%,Checked,0,1
ARivera, 1,8/27/2026 11:00 AM,8/27/2026 11:02 AM,,2,MC,,"If you choose the answer to this question at random, what is the chance you will be correct?",False,1,50%,UnChecked,0,1
ARivera, 1,8/27/2026 11:00 AM,8/27/2026 11:02 AM,,2,MC,,"If you choose the answer to this question at random, what is the chance you will be correct?",False,1,60%,UnChecked,0,1
ARivera, 1,8/27/2026 11:00 AM,8/27/2026 11:02 AM,,2,MC,,"If you choose the answer to this question at random, what is the chance you will be correct?",False,1,25%,UnChecked,0,1
ARivera, 1,8/27/2026 11:00 AM,8/27/2026 11:02 AM,,3,T/F,,"Should the word ""Abbreviation"" be shorter?",False,1,True,Checked,1,1
ARivera, 1,8/27/2026 11:00 AM,8/27/2026 11:02 AM,,3,T/F,,"Should the word ""Abbreviation"" be shorter?",False,1,False,UnChecked,1,1
ARivera, 1,8/27/2026 11:00 AM,8/27/2026 11:02 AM,,4,MC,,How many letters are in the alphabet?,False,1,11,UnChecked,0,1
ARivera, 1,8/27/2026 11:00 AM,8/27/2026 11:02 AM,,4,MC,,How many letters are in the alphabet?,False,1,7,UnChecked,0,1
ARivera, 1,8/27/2026 11:00 AM,8/27/2026 11:02 AM,,4,MC,,How many letters are in the alphabet?,False,1,26,Checked,0,1
ARivera, 1,8/27/2026 11:00 AM,8/27/2026 11:02 AM,,4,MC,,How many letters are in the alphabet?,False,1,11010,UnChecked,0,1
ARivera, 1,8/27/2026 11:00 AM,8/27/2026 11:02 AM,,5,MC,,"If you take a ship and replaced all of the parts until none of the original parts of this ship are a part of the ship, what happens?",False,1,Disney sues you,UnChecked,1,1
ARivera, 1,8/27/2026 11:00 AM,8/27/2026 11:02 AM,,5,MC,,"If you take a ship and replaced all of the parts until none of the original parts of this ship are a part of the ship, what happens?",False,1,Paul Bettany joins you,UnChecked,1,1
ARivera, 1,8/27/2026 11:00 AM,8/27/2026 11:02 AM,,5,MC,,"If you take a ship and replaced all of the parts until none of the original parts of this ship are a part of the ship, what happens?",False,1,You have two ships,Checked,1,1
ARivera, 1,8/27/2026 11:00 AM,8/27/2026 11:02 AM,,6,T/F,,Something can be both New and Improved,False,1,True,Checked,0,1
ARivera, 1,8/27/2026 11:00 AM,8/27/2026 11:02 AM,,6,T/F,,Something can be both New and Improved,False,1,False,UnChecked,0,1
ARivera, 1,8/27/2026 11:00 AM,8/27/2026 11:02 AM,,7,FIB,,"My bologna has a first name, it's _______ my bologna has a second name, it's _______ ",False,1,Answer for blank # 1,Bleu,0,1
ARivera, 1,8/27/2026 11:00 AM,8/27/2026 11:02 AM,,7,FIB,,"My bologna has a first name, it's _______ my bologna has a second name, it's _______ ",False,1,Answer for blank # 2,Bolognia,0,1
ARivera, 1,8/27/2026 11:00 AM,8/27/2026 11:02 AM,,8,MC,,Is your answer to this question 'no'?,False,1,yes,Checked,1,1
ARivera, 1,8/27/2026 11:00 AM,8/27/2026 11:02 AM,,8,MC,,Is your answer to this question 'no'?,False,1,no,UnChecked,1,1
ARivera, 1,8/27/2026 11:00 AM,8/27/2026 11:02 AM,,9,MC,,"In the word ""scent"", which letter is silent?",False,1,s,UnChecked,0,1
ARivera, 1,8/27/2026 11:00 AM,8/27/2026 11:02 AM,,9,MC,,"In the word ""scent"", which letter is silent?",False,1,c,Checked,0,1
ARivera, 1,8/27/2026 11:00 AM,8/27/2026 11:02 AM,,9,MC,,"In the word ""scent"", which letter is silent?",False,1,a,UnChecked,0,1
ARivera, 1,8/27/2026 11:00 AM,8/27/2026 11:02 AM,,9,MC,,"In the word ""scent"", which letter is silent?",False,1,p,UnChecked,0,1
ARivera, 1,8/27/2026 11:00 AM,8/27/2026 11:02 AM,,10,MC,,"If revenge is a dish best served cold, and revenge is sweet, then revenge is:",False,1,frozen yogurt,UnChecked,0,1
ARivera, 1,8/27/2026 11:00 AM,8/27/2026 11:02 AM,,10,MC,,"If revenge is a dish best served cold, and revenge is sweet, then revenge is:",False,1,a popsicle,UnChecked,0,1
ARivera, 1,8/27/2026 11:00 AM,8/27/2026 11:02 AM,,10,MC,,"If revenge is a dish best served cold, and revenge is sweet, then revenge is:",False,1,coca cola,Checked,0,1
ARivera, 1,8/27/2026 11:00 AM,8/27/2026 11:02 AM,,10,MC,,"If revenge is a dish best served cold, and revenge is sweet, then revenge is:",False,1,ice cream,UnChecked,0,1
YRobaina, 1,8/27/2026 11:07 AM,8/27/2026 11:09 AM,,1,MC,,"What is the answer to life, the universe, and everything?",False,1,38,UnChecked,0,1
YRobaina, 1,8/27/2026 11:07 AM,8/27/2026 11:09 AM,,1,MC,,"What is the answer to life, the universe, and everything?",False,1,39,UnChecked,0,1
YRobaina, 1,8/27/2026 11:07 AM,8/27/2026 11:09 AM,,1,MC,,"What is the answer to life, the universe, and everything?",False,1,40,Checked,0,1
YRobaina, 1,8/27/2026 11:07 AM,8/27/2026 11:09 AM,,1,MC,,"What is the answer to life, the universe, and everything?",False,1,41,UnChecked,0,1
YRobaina, 1,8/27/2026 11:07 AM,8/27/2026 11:09 AM,,2,MC,,"If you choose the answer to this question at random, what is the chance you will be correct?",False,1,25%,UnChecked,0,1
YRobaina, 1,8/27/2026 11:07 AM,8/27/2026 11:09 AM,,2,MC,,"If you choose the answer to this question at random, what is the chance you will be correct?",False,1,50%,Checked,0,1
YRobaina, 1,8/27/2026 11:07 AM,8/27/2026 11:09 AM,,2,MC,,"If you choose the answer to this question at random, what is the chance you will be correct?",False,1,60%,UnChecked,0,1
YRobaina, 1,8/27/2026 11:07 AM,8/27/2026 11:09 AM,,2,MC,,"If you choose the answer to this question at random, what is the chance you will be correct?",False,1,25%,UnChecked,0,1
YRobaina, 1,8/27/2026 11:07 AM,8/27/2026 11:09 AM,,3,T/F,,"Should the word ""Abbreviation"" be shorter?",False,1,True,Checked,1,1
YRobaina, 1,8/27/2026 11:07 AM,8/27/2026 11:09 AM,,3,T/F,,"Should the word ""Abbreviation"" be shorter?",False,1,False,UnChecked,1,1
YRobaina, 1,8/27/2026 11:07 AM,8/27/2026 11:09 AM,,4,MC,,How many letters are in the alphabet?,False,1,11,UnChecked,0,1
YRobaina, 1,8/27/2026 11:07 AM,8/27/2026 11:09 AM,,4,MC,,How many letters are in the alphabet?,False,1,7,UnChecked,0,1
YRobaina, 1,8/27/2026 11:07 AM,8/27/2026 11:09 AM,,4,MC,,How many letters are in the alphabet?,False,1,26,Checked,0,1
YRobaina, 1,8/27/2026 11:07 AM,8/27/2026 11:09 AM,,4,MC,,How many letters are in the alphabet?,False,1,11010,UnChecked,0,1
YRobaina, 1,8/27/2026 11:07 AM,8/27/2026 11:09 AM,,5,MC,,"If you take a ship and replaced all of the parts until none of the original parts of this ship are a part of the ship, what happens?",False,1,Disney sues you,UnChecked,0,1
YRobaina, 1,8/27/2026 11:07 AM,8/27/2026 11:09 AM,,5,MC,,"If you take a ship and replaced all of the parts until none of the original parts of this ship are a part of the ship, what happens?",False,1,Paul Bettany joins you,Checked,0,1
YRobaina, 1,8/27/2026 11:07 AM,8/27/2026 11:09 AM,,5,MC,,"If you take a ship and replaced all of the parts until none of the original parts of this ship are a part of the ship, what happens?",False,1,You have two ships,UnChecked,0,1
YRobaina, 1,8/27/2026 11:07 AM,8/27/2026 11:09 AM,,6,T/F,,Something can be both New and Improved,False,1,True,UnChecked,1,1
YRobaina, 1,8/27/2026 11:07 AM,8/27/2026 11:09 AM,,6,T/F,,Something can be both New and Improved,False,1,False,Checked,1,1
YRobaina, 1,8/27/2026 11:07 AM,8/27/2026 11:09 AM,,7,FIB,,"My bologna has a first name, it's _______ my bologna has a second name, it's _______ ",False,1,Answer for blank # 1,bologna,0,1
YRobaina, 1,8/27/2026 11:07 AM,8/27/2026 11:09 AM,,7,FIB,,"My bologna has a first name, it's _______ my bologna has a second name, it's _______ ",False,1,Answer for blank # 2,bologna,0,1
YRobaina, 1,8/27/2026 11:07 AM,8/27/2026 11:09 AM,,8,MC,,Is your answer to this question 'no'?,False,1,yes,UnChecked,0,1
YRobaina, 1,8/27/2026 11:07 AM,8/27/2026 11:09 AM,,8,MC,,Is your answer to this question 'no'?,False,1,no,Checked,0,1
YRobaina, 1,8/27/2026 11:07 AM,8/27/2026 11:09 AM,,9,MC,,"In the word ""scent"", which letter is silent?",False,1,s,Checked,0,1
YRobaina, 1,8/27/2026 11:07 AM,8/27/2026 11:09 AM,,9,MC,,"In the word ""scent"", which letter is silent?",False,1,c,UnChecked,0,1
YRobaina, 1,8/27/2026 11:07 AM,8/27/2026 11:09 AM,,9,MC,,"In the word ""scent"", which letter is silent?",False,1,a,UnChecked,0,1
YRobaina, 1,8/27/2026 11:07 AM,8/27/2026 11:09 AM,,9,MC,,"In the word ""scent"", which letter is silent?",False,1,p,UnChecked,0,1
YRobaina, 1,8/27/2026 11:07 AM,8/27/2026 11:09 AM,,10,MC,,"If revenge is a dish best served cold, and revenge is sweet, then revenge is:",False,1,ice cream,UnChecked,0,1
YRobaina, 1,8/27/2026 11:07 AM,8/27/2026 11:09 AM,,10,MC,,"If revenge is a dish best served cold, and revenge is sweet, then revenge is:",False,1,frozen yogurt,UnChecked,0,1
YRobaina, 1,8/27/2026 11:07 AM,8/27/2026 11:09 AM,,10,MC,,"If revenge is a dish best served cold, and revenge is sweet, then revenge is:",False,1,coca cola,UnChecked,0,1
YRobaina, 1,8/27/2026 11:07 AM,8/27/2026 11:09 AM,,10,MC,,"If revenge is a dish best served cold, and revenge is sweet, then revenge is:",False,1,a popsicle,Checked,0,1
TSclesky, 1,8/27/2026 11:08 AM,8/27/2026 11:10 AM,,1,MC,,"What is the answer to life, the universe, and everything?",False,1,38,UnChecked,0,1
TSclesky, 1,8/27/2026 11:08 AM,8/27/2026 11:10 AM,,1,MC,,"What is the answer to life, the universe, and everything?",False,1,39,UnChecked,0,1
TSclesky, 1,8/27/2026 11:08 AM,8/27/2026 11:10 AM,,1,MC,,"What is the answer to life, the universe, and everything?",False,1,40,UnChecked,0,1
TSclesky, 1,8/27/2026 11:08 AM,8/27/2026 11:10 AM,,1,MC,,"What is the answer to life, the universe, and everything?",False,1,41,Checked,0,1
TSclesky, 1,8/27/2026 11:08 AM,8/27/2026 11:10 AM,,2,MC,,"If you choose the answer to this question at random, what is the chance you will be correct?",False,1,25%,Checked,0,1
TSclesky, 1,8/27/2026 11:08 AM,8/27/2026 11:10 AM,,2,MC,,"If you choose the answer to this question at random, what is the chance you will be correct?",False,1,50%,UnChecked,0,1
TSclesky, 1,8/27/2026 11:08 AM,8/27/2026 11:10 AM,,2,MC,,"If you choose the answer to this question at random, what is the chance you will be correct?",False,1,60%,UnChecked,0,1
TSclesky, 1,8/27/2026 11:08 AM,8/27/2026 11:10 AM,,2,MC,,"If you choose the answer to this question at random, what is the chance you will be correct?",False,1,25%,UnChecked,0,1
TSclesky, 1,8/27/2026 11:08 AM,8/27/2026 11:10 AM,,3,T/F,,"Should the word ""Abbreviation"" be shorter?",False,1,True,UnChecked,0,1
TSclesky, 1,8/27/2026 11:08 AM,8/27/2026 11:10 AM,,3,T/F,,"Should the word ""Abbreviation"" be shorter?",False,1,False,Checked,0,1
TSclesky, 1,8/27/2026 11:08 AM,8/27/2026 11:10 AM,,4,MC,,How many letters are in the alphabet?,False,1,11,UnChecked,0,1
TSclesky, 1,8/27/2026 11:08 AM,8/27/2026 11:10 AM,,4,MC,,How many letters are in the alphabet?,False,1,7,UnChecked,0,1
TSclesky, 1,8/27/2026 11:08 AM,8/27/2026 11:10 AM,,4,MC,,How many letters are in the alphabet?,False,1,26,UnChecked,0,1
TSclesky, 1,8/27/2026 11:08 AM,8/27/2026 11:10 AM,,4,MC,,How many letters are in the alphabet?,False,1,11010,Checked,0,1
TSclesky, 1,8/27/2026 11:08 AM,8/27/2026 11:10 AM,,5,MC,,"If you take a ship and replaced all of the parts until none of the original parts of this ship are a part of the ship, what happens?",False,1,Disney sues you,UnChecked,0,1
TSclesky, 1,8/27/2026 11:08 AM,8/27/2026 11:10 AM,,5,MC,,"If you take a ship and replaced all of the parts until none of the original parts of this ship are a part of the ship, what happens?",False,1,Paul Bettany joins you,Checked,0,1
TSclesky, 1,8/27/2026 11:08 AM,8/27/2026 11:10 AM,,5,MC,,"If you take a ship and replaced all of the parts until none of the original parts of this ship are a part of the ship, what happens?",False,1,You have two ships,UnChecked,0,1
TSclesky, 1,8/27/2026 11:08 AM,8/27/2026 11:10 AM,,6,T/F,,Something can be both New and Improved,False,1,True,UnChecked,1,1
TSclesky, 1,8/27/2026 11:08 AM,8/27/2026 11:10 AM,,6,T/F,,Something can be both New and Improved,False,1,False,Checked,1,1
TSclesky, 1,8/27/2026 11:08 AM,8/27/2026 11:10 AM,,7,FIB,,"My bologna has a first name, it's _______ my bologna has a second name, it's _______ ",False,1,Answer for blank # 1,aaaaaaaaaaaaaaaaaaaaaaaaaaaaaaaaaaaa,0,1
TSclesky, 1,8/27/2026 11:08 AM,8/27/2026 11:10 AM,,7,FIB,,"My bologna has a first name, it's _______ my bologna has a second name, it's _______ ",False,1,Answer for blank # 2,aaaaaaaaaaaaaaaaaaaaaaaaaaaaaaaaaaaaaaaaaaaaaaaaaaaaaaa,0,1
TSclesky, 1,8/27/2026 11:08 AM,8/27/2026 11:10 AM,,8,MC,,Is your answer to this question 'no'?,False,1,yes,Checked,1,1
TSclesky, 1,8/27/2026 11:08 AM,8/27/2026 11:10 AM,,8,MC,,Is your answer to this question 'no'?,False,1,no,UnChecked,1,1
TSclesky, 1,8/27/2026 11:08 AM,8/27/2026 11:10 AM,,9,MC,,"In the word ""scent"", which letter is silent?",False,1,s,UnChecked,0,1
TSclesky, 1,8/27/2026 11:08 AM,8/27/2026 11:10 AM,,9,MC,,"In the word ""scent"", which letter is silent?",False,1,c,UnChecked,0,1
TSclesky, 1,8/27/2026 11:08 AM,8/27/2026 11:10 AM,,9,MC,,"In the word ""scent"", which letter is silent?",False,1,a,UnChecked,0,1
TSclesky, 1,8/27/2026 11:08 AM,8/27/2026 11:10 AM,,9,MC,,"In the word ""scent"", which letter is silent?",False,1,p,Checked,0,1
TSclesky, 1,8/27/2026 11:08 AM,8/27/2026 11:10 AM,,10,MC,,"If revenge is a dish best served cold, and revenge is sweet, then revenge is:",False,1,frozen yogurt,UnChecked,0,1
TSclesky, 1,8/27/2026 11:08 AM,8/27/2026 11:10 AM,,10,MC,,"If revenge is a dish best served cold, and revenge is sweet, then revenge is:",False,1,coca cola,UnChecked,0,1
TSclesky, 1,8/27/2026 11:08 AM,8/27/2026 11:10 AM,,10,MC,,"If revenge is a dish best served cold, and revenge is sweet, then revenge is:",False,1,ice cream,UnChecked,0,1
TSclesky, 1,8/27/2026 11:08 AM,8/27/2026 11:10 AM,,10,MC,,"If revenge is a dish best served cold, and revenge is sweet, then revenge is:",False,1,a popsicle,Checked,0,1
SShakhmamedov, 1,8/27/2026 11:07 AM,8/27/2026 11:11 AM,,1,MC,,"What is the answer to life, the universe, and everything?",False,1,38,UnChecked,0,1
SShakhmamedov, 1,8/27/2026 11:07 AM,8/27/2026 11:11 AM,,1,MC,,"What is the answer to life, the universe, and everything?",False,1,39,UnChecked,0,1
SShakhmamedov, 1,8/27/2026 11:07 AM,8/27/2026 11:11 AM,,1,MC,,"What is the answer to life, the universe, and everything?",False,1,40,Checked,0,1
SShakhmamedov, 1,8/27/2026 11:07 AM,8/27/2026 11:11 AM,,1,MC,,"What is the answer to life, the universe, and everything?",False,1,41,UnChecked,0,1
SShakhmamedov, 1,8/27/2026 11:07 AM,8/27/2026 11:11 AM,,2,MC,,"If you choose the answer to this question at random, what is the chance you will be correct?",False,1,25%,UnChecked,1,1
SShakhmamedov, 1,8/27/2026 11:07 AM,8/27/2026 11:11 AM,,2,MC,,"If you choose the answer to this question at random, what is the chance you will be correct?",False,1,50%,UnChecked,1,1
SShakhmamedov, 1,8/27/2026 11:07 AM,8/27/2026 11:11 AM,,2,MC,,"If you choose the answer to this question at random, what is the chance you will be correct?",False,1,60%,Checked,1,1
SShakhmamedov, 1,8/27/2026 11:07 AM,8/27/2026 11:11 AM,,2,MC,,"If you choose the answer to this question at random, what is the chance you will be correct?",False,1,25%,UnChecked,1,1
SShakhmamedov, 1,8/27/2026 11:07 AM,8/27/2026 11:11 AM,,3,T/F,,"Should the word ""Abbreviation"" be shorter?",False,1,True,Checked,1,1
SShakhmamedov, 1,8/27/2026 11:07 AM,8/27/2026 11:11 AM,,3,T/F,,"Should the word ""Abbreviation"" be shorter?",False,1,False,UnChecked,1,1
SShakhmamedov, 1,8/27/2026 11:07 AM,8/27/2026 11:11 AM,,4,MC,,How many letters are in the alphabet?,False,1,11,UnChecked,0,1
SShakhmamedov, 1,8/27/2026 11:07 AM,8/27/2026 11:11 AM,,4,MC,,How many letters are in the alphabet?,False,1,7,UnChecked,0,1
SShakhmamedov, 1,8/27/2026 11:07 AM,8/27/2026 11:11 AM,,4,MC,,How many letters are in the alphabet?,False,1,26,Checked,0,1
SShakhmamedov, 1,8/27/2026 11:07 AM,8/27/2026 11:11 AM,,4,MC,,How many letters are in the alphabet?,False,1,11010,UnChecked,0,1
SShakhmamedov, 1,8/27/2026 11:07 AM,8/27/2026 11:11 AM,,5,MC,,"If you take a ship and replaced all of the parts until none of the original parts of this ship are a part of the ship, what happens?",False,1,Disney sues you,UnChecked,1,1
SShakhmamedov, 1,8/27/2026 11:07 AM,8/27/2026 11:11 AM,,5,MC,,"If you take a ship and replaced all of the parts until none of the original parts of this ship are a part of the ship, what happens?",False,1,Paul Bettany joins you,UnChecked,1,1
SShakhmamedov, 1,8/27/2026 11:07 AM,8/27/2026 11:11 AM,,5,MC,,"If you take a ship and replaced all of the parts until none of the original parts of this ship are a part of the ship, what happens?",False,1,You have two ships,Checked,1,1
SShakhmamedov, 1,8/27/2026 11:07 AM,8/27/2026 11:11 AM,,6,T/F,,Something can be both New and Improved,False,1,True,Checked,0,1
SShakhmamedov, 1,8/27/2026 11:07 AM,8/27/2026 11:11 AM,,6,T/F,,Something can be both New and Improved,False,1,False,UnChecked,0,1
SShakhmamedov, 1,8/27/2026 11:07 AM,8/27/2026 11:11 AM,,7,FIB,,"My bologna has a first name, it's _______ my bologna has a second name, it's _______ ",False,1,Answer for blank # 1,lasagna,0,1
SShakhmamedov, 1,8/27/2026 11:07 AM,8/27/2026 11:11 AM,,7,FIB,,"My bologna has a first name, it's _______ my bologna has a second name, it's _______ ",False,1,Answer for blank # 2,Pneumonoultramicroscopicsilicovolcanoconiosis,0,1
SShakhmamedov, 1,8/27/2026 11:07 AM,8/27/2026 11:11 AM,,8,MC,,Is your answer to this question 'no'?,False,1,yes,Checked,1,1
SShakhmamedov, 1,8/27/2026 11:07 AM,8/27/2026 11:11 AM,,8,MC,,Is your answer to this question 'no'?,False,1,no,UnChecked,1,1
SShakhmamedov, 1,8/27/2026 11:07 AM,8/27/2026 11:11 AM,,9,MC,,"In the word ""scent"", which letter is silent?",False,1,s,UnChecked,0,1
SShakhmamedov, 1,8/27/2026 11:07 AM,8/27/2026 11:11 AM,,9,MC,,"In the word ""scent"", which letter is silent?",False,1,c,Checked,0,1
SShakhmamedov, 1,8/27/2026 11:07 AM,8/27/2026 11:11 AM,,9,MC,,"In the word ""scent"", which letter is silent?",False,1,a,UnChecked,0,1
SShakhmamedov, 1,8/27/2026 11:07 AM,8/27/2026 11:11 AM,,9,MC,,"In the word ""scent"", which letter is silent?",False,1,p,UnChecked,0,1
SShakhmamedov, 1,8/27/2026 11:07 AM,8/27/2026 11:11 AM,,10,MC,,"If revenge is a dish best served cold, and revenge is sweet, then revenge is:",False,1,coca cola,UnChecked,1,1
SShakhmamedov, 1,8/27/2026 11:07 AM,8/27/2026 11:11 AM,,10,MC,,"If revenge is a dish best served cold, and revenge is sweet, then revenge is:",False,1,ice cream,Checked,1,1
SShakhmamedov, 1,8/27/2026 11:07 AM,8/27/2026 11:11 AM,,10,MC,,"If revenge is a dish best served cold, and revenge is sweet, then revenge is:",False,1,a popsicle,UnChecked,1,1
SShakhmamedov, 1,8/27/2026 11:07 AM,8/27/2026 11:11 AM,,10,MC,,"If revenge is a dish best served cold, and revenge is sweet, then revenge is:",False,1,frozen yogurt,UnChecked,1,1
BSherman, 1,8/27/2026 11:07 AM,8/27/2026 11:09 AM,,1,MC,,"What is the answer to life, the universe, and everything?",False,1,38,UnChecked,0,1
BSherman, 1,8/27/2026 11:07 AM,8/27/2026 11:09 AM,,1,MC,,"What is the answer to life, the universe, and everything?",False,1,39,UnChecked,0,1
BSherman, 1,8/27/2026 11:07 AM,8/27/2026 11:09 AM,,1,MC,,"What is the answer to life, the universe, and everything?",False,1,40,Checked,0,1
BSherman, 1,8/27/2026 11:07 AM,8/27/2026 11:09 AM,,1,MC,,"What is the answer to life, the universe, and everything?",False,1,41,UnChecked,0,1
BSherman, 1,8/27/2026 11:07 AM,8/27/2026 11:09 AM,,2,MC,,"If you choose the answer to this question at random, what is the chance you will be correct?",False,1,25%,UnChecked,1,1
BSherman, 1,8/27/2026 11:07 AM,8/27/2026 11:09 AM,,2,MC,,"If you choose the answer to this question at random, what is the chance you will be correct?",False,1,50%,UnChecked,1,1
BSherman, 1,8/27/2026 11:07 AM,8/27/2026 11:09 AM,,2,MC,,"If you choose the answer to this question at random, what is the chance you will be correct?",False,1,60%,Checked,1,1
BSherman, 1,8/27/2026 11:07 AM,8/27/2026 11:09 AM,,2,MC,,"If you choose the answer to this question at random, what is the chance you will be correct?",False,1,25%,UnChecked,1,1
BSherman, 1,8/27/2026 11:07 AM,8/27/2026 11:09 AM,,3,T/F,,"Should the word ""Abbreviation"" be shorter?",False,1,True,Checked,1,1
BSherman, 1,8/27/2026 11:07 AM,8/27/2026 11:09 AM,,3,T/F,,"Should the word ""Abbreviation"" be shorter?",False,1,False,UnChecked,1,1
BSherman, 1,8/27/2026 11:07 AM,8/27/2026 11:09 AM,,4,MC,,How many letters are in the alphabet?,False,1,11,UnChecked,0,1
BSherman, 1,8/27/2026 11:07 AM,8/27/2026 11:09 AM,,4,MC,,How many letters are in the alphabet?,False,1,7,UnChecked,0,1
BSherman, 1,8/27/2026 11:07 AM,8/27/2026 11:09 AM,,4,MC,,How many letters are in the alphabet?,False,1,26,Checked,0,1
BSherman, 1,8/27/2026 11:07 AM,8/27/2026 11:09 AM,,4,MC,,How many letters are in the alphabet?,False,1,11010,UnChecked,0,1
BSherman, 1,8/27/2026 11:07 AM,8/27/2026 11:09 AM,,5,MC,,"If you take a ship and replaced all of the parts until none of the original parts of this ship are a part of the ship, what happens?",False,1,Disney sues you,UnChecked,1,1
BSherman, 1,8/27/2026 11:07 AM,8/27/2026 11:09 AM,,5,MC,,"If you take a ship and replaced all of the parts until none of the original parts of this ship are a part of the ship, what happens?",False,1,Paul Bettany joins you,UnChecked,1,1
BSherman, 1,8/27/2026 11:07 AM,8/27/2026 11:09 AM,,5,MC,,"If you take a ship and replaced all of the parts until none of the original parts of this ship are a part of the ship, what happens?",False,1,You have two ships,Checked,1,1
BSherman, 1,8/27/2026 11:07 AM,8/27/2026 11:09 AM,,6,T/F,,Something can be both New and Improved,False,1,True,Checked,0,1
BSherman, 1,8/27/2026 11:07 AM,8/27/2026 11:09 AM,,6,T/F,,Something can be both New and Improved,False,1,False,UnChecked,0,1
BSherman, 1,8/27/2026 11:07 AM,8/27/2026 11:09 AM,,7,FIB,,"My bologna has a first name, it's _______ my bologna has a second name, it's _______ ",False,1,Answer for blank # 1,bologna,0,1
BSherman, 1,8/27/2026 11:07 AM,8/27/2026 11:09 AM,,7,FIB,,"My bologna has a first name, it's _______ my bologna has a second name, it's _______ ",False,1,Answer for blank # 2,bologna 2,0,1
BSherman, 1,8/27/2026 11:07 AM,8/27/2026 11:09 AM,,8,MC,,Is your answer to this question 'no'?,False,1,yes,Checked,1,1
BSherman, 1,8/27/2026 11:07 AM,8/27/2026 11:09 AM,,8,MC,,Is your answer to this question 'no'?,False,1,no,UnChecked,1,1
BSherman, 1,8/27/2026 11:07 AM,8/27/2026 11:09 AM,,9,MC,,"In the word ""scent"", which letter is silent?",False,1,s,UnChecked,0,1
BSherman, 1,8/27/2026 11:07 AM,8/27/2026 11:09 AM,,9,MC,,"In the word ""scent"", which letter is silent?",False,1,c,Checked,0,1
BSherman, 1,8/27/2026 11:07 AM,8/27/2026 11:09 AM,,9,MC,,"In the word ""scent"", which letter is silent?",False,1,a,UnChecked,0,1
BSherman, 1,8/27/2026 11:07 AM,8/27/2026 11:09 AM,,9,MC,,"In the word ""scent"", which letter is silent?",False,1,p,UnChecked,0,1
BSherman, 1,8/27/2026 11:07 AM,8/27/2026 11:09 AM,,10,MC,,"If revenge is a dish best served cold, and revenge is sweet, then revenge is:",False,1,frozen yogurt,UnChecked,1,1
BSherman, 1,8/27/2026 11:07 AM,8/27/2026 11:09 AM,,10,MC,,"If revenge is a dish best served cold, and revenge is sweet, then revenge is:",False,1,ice cream,Checked,1,1
BSherman, 1,8/27/2026 11:07 AM,8/27/2026 11:09 AM,,10,MC,,"If revenge is a dish best served cold, and revenge is sweet, then revenge is:",False,1,a popsicle,UnChecked,1,1
BSherman, 1,8/27/2026 11:07 AM,8/27/2026 11:09 AM,,10,MC,,"If revenge is a dish best served cold, and revenge is sweet, then revenge is:",False,1,coca cola,UnChecked,1,1
SSmith, 1,8/27/2026 11:08 AM,8/27/2026 11:11 AM,,1,MC,,"What is the answer to life, the universe, and everything?",False,1,38,UnChecked,0,1
SSmith, 1,8/27/2026 11:08 AM,8/27/2026 11:11 AM,,1,MC,,"What is the answer to life, the universe, and everything?",False,1,39,UnChecked,0,1
SSmith, 1,8/27/2026 11:08 AM,8/27/2026 11:11 AM,,1,MC,,"What is the answer to life, the universe, and everything?",False,1,40,UnChecked,0,1
SSmith, 1,8/27/2026 11:08 AM,8/27/2026 11:11 AM,,1,MC,,"What is the answer to life, the universe, and everything?",False,1,41,Checked,0,1
SSmith, 1,8/27/2026 11:08 AM,8/27/2026 11:11 AM,,2,MC,,"If you choose the answer to this question at random, what is the chance you will be correct?",False,1,25%,UnChecked,0,1
SSmith, 1,8/27/2026 11:08 AM,8/27/2026 11:11 AM,,2,MC,,"If you choose the answer to this question at random, what is the chance you will be correct?",False,1,50%,Checked,0,1
SSmith, 1,8/27/2026 11:08 AM,8/27/2026 11:11 AM,,2,MC,,"If you choose the answer to this question at random, what is the chance you will be correct?",False,1,60%,UnChecked,0,1
SSmith, 1,8/27/2026 11:08 AM,8/27/2026 11:11 AM,,2,MC,,"If you choose the answer to this question at random, what is the chance you will be correct?",False,1,25%,UnChecked,0,1
SSmith, 1,8/27/2026 11:08 AM,8/27/2026 11:11 AM,,3,T/F,,"Should the word ""Abbreviation"" be shorter?",False,1,True,UnChecked,0,1
SSmith, 1,8/27/2026 11:08 AM,8/27/2026 11:11 AM,,3,T/F,,"Should the word ""Abbreviation"" be shorter?",False,1,False,Checked,0,1
SSmith, 1,8/27/2026 11:08 AM,8/27/2026 11:11 AM,,4,MC,,How many letters are in the alphabet?,False,1,11,UnChecked,0,1
SSmith, 1,8/27/2026 11:08 AM,8/27/2026 11:11 AM,,4,MC,,How many letters are in the alphabet?,False,1,7,UnChecked,0,1
SSmith, 1,8/27/2026 11:08 AM,8/27/2026 11:11 AM,,4,MC,,How many letters are in the alphabet?,False,1,26,Checked,0,1
SSmith, 1,8/27/2026 11:08 AM,8/27/2026 11:11 AM,,4,MC,,How many letters are in the alphabet?,False,1,11010,UnChecked,0,1
SSmith, 1,8/27/2026 11:08 AM,8/27/2026 11:11 AM,,5,MC,,"If you take a ship and replaced all of the parts until none of the original parts of this ship are a part of the ship, what happens?",False,1,Disney sues you,UnChecked,1,1
SSmith, 1,8/27/2026 11:08 AM,8/27/2026 11:11 AM,,5,MC,,"If you take a ship and replaced all of the parts until none of the original parts of this ship are a part of the ship, what happens?",False,1,Paul Bettany joins you,UnChecked,1,1
SSmith, 1,8/27/2026 11:08 AM,8/27/2026 11:11 AM,,5,MC,,"If you take a ship and replaced all of the parts until none of the original parts of this ship are a part of the ship, what happens?",False,1,You have two ships,Checked,1,1
SSmith, 1,8/27/2026 11:08 AM,8/27/2026 11:11 AM,,6,T/F,,Something can be both New and Improved,False,1,True,Checked,0,1
SSmith, 1,8/27/2026 11:08 AM,8/27/2026 11:11 AM,,6,T/F,,Something can be both New and Improved,False,1,False,UnChecked,0,1
SSmith, 1,8/27/2026 11:08 AM,8/27/2026 11:11 AM,,7,FIB,,"My bologna has a first name, it's _______ my bologna has a second name, it's _______ ",False,1,Answer for blank # 1,Al,0,1
SSmith, 1,8/27/2026 11:08 AM,8/27/2026 11:11 AM,,7,FIB,,"My bologna has a first name, it's _______ my bologna has a second name, it's _______ ",False,1,Answer for blank # 2,yankovic,0,1
SSmith, 1,8/27/2026 11:08 AM,8/27/2026 11:11 AM,,8,MC,,Is your answer to this question 'no'?,False,1,yes,Checked,1,1
SSmith, 1,8/27/2026 11:08 AM,8/27/2026 11:11 AM,,8,MC,,Is your answer to this question 'no'?,False,1,no,UnChecked,1,1
SSmith, 1,8/27/2026 11:08 AM,8/27/2026 11:11 AM,,9,MC,,"In the word ""scent"", which letter is silent?",False,1,s,UnChecked,0,1
SSmith, 1,8/27/2026 11:08 AM,8/27/2026 11:11 AM,,9,MC,,"In the word ""scent"", which letter is silent?",False,1,c,Checked,0,1
SSmith, 1,8/27/2026 11:08 AM,8/27/2026 11:11 AM,,9,MC,,"In the word ""scent"", which letter is silent?",False,1,a,UnChecked,0,1
SSmith, 1,8/27/2026 11:08 AM,8/27/2026 11:11 AM,,9,MC,,"In the word ""scent"", which letter is silent?",False,1,p,UnChecked,0,1
SSmith, 1,8/27/2026 11:08 AM,8/27/2026 11:11 AM,,10,MC,,"If revenge is a dish best served cold, and revenge is sweet, then revenge is:",False,1,ice cream,Checked,1,1
SSmith, 1,8/27/2026 11:08 AM,8/27/2026 11:11 AM,,10,MC,,"If revenge is a dish best served cold, and revenge is sweet, then revenge is:",False,1,a popsicle,UnChecked,1,1
SSmith, 1,8/27/2026 11:08 AM,8/27/2026 11:11 AM,,10,MC,,"If revenge is a dish best served cold, and revenge is sweet, then revenge is:",False,1,frozen yogurt,UnChecked,1,1
SSmith, 1,8/27/2026 11:08 AM,8/27/2026 11:11 AM,,10,MC,,"If revenge is a dish best served cold, and revenge is sweet, then revenge is:",False,1,coca cola,UnChecked,1,1
CSnell, 1,8/27/2026 11:05 AM,8/27/2026 11:09 AM,,1,MC,,"What is the answer to life, the universe, and everything?",False,1,38,UnChecked,0,1
CSnell, 1,8/27/2026 11:05 AM,8/27/2026 11:09 AM,,1,MC,,"What is the answer to life, the universe, and everything?",False,1,39,UnChecked,0,1
CSnell, 1,8/27/2026 11:05 AM,8/27/2026 11:09 AM,,1,MC,,"What is the answer to life, the universe, and everything?",False,1,40,Checked,0,1
CSnell, 1,8/27/2026 11:05 AM,8/27/2026 11:09 AM,,1,MC,,"What is the answer to life, the universe, and everything?",False,1,41,UnChecked,0,1
CSnell, 1,8/27/2026 11:05 AM,8/27/2026 11:09 AM,,2,MC,,"If you choose the answer to this question at random, what is the chance you will be correct?",False,1,25%,UnChecked,0,1
CSnell, 1,8/27/2026 11:05 AM,8/27/2026 11:09 AM,,2,MC,,"If you choose the answer to this question at random, what is the chance you will be correct?",False,1,50%,UnChecked,0,1
CSnell, 1,8/27/2026 11:05 AM,8/27/2026 11:09 AM,,2,MC,,"If you choose the answer to this question at random, what is the chance you will be correct?",False,1,60%,UnChecked,0,1
CSnell, 1,8/27/2026 11:05 AM,8/27/2026 11:09 AM,,2,MC,,"If you choose the answer to this question at random, what is the chance you will be correct?",False,1,25%,Checked,0,1
CSnell, 1,8/27/2026 11:05 AM,8/27/2026 11:09 AM,,3,T/F,,"Should the word ""Abbreviation"" be shorter?",False,1,True,Checked,1,1
CSnell, 1,8/27/2026 11:05 AM,8/27/2026 11:09 AM,,3,T/F,,"Should the word ""Abbreviation"" be shorter?",False,1,False,UnChecked,1,1
CSnell, 1,8/27/2026 11:05 AM,8/27/2026 11:09 AM,,4,MC,,How many letters are in the alphabet?,False,1,11,UnChecked,0,1
CSnell, 1,8/27/2026 11:05 AM,8/27/2026 11:09 AM,,4,MC,,How many letters are in the alphabet?,False,1,7,UnChecked,0,1
CSnell, 1,8/27/2026 11:05 AM,8/27/2026 11:09 AM,,4,MC,,How many letters are in the alphabet?,False,1,26,UnChecked,0,1
CSnell, 1,8/27/2026 11:05 AM,8/27/2026 11:09 AM,,4,MC,,How many letters are in the alphabet?,False,1,11010,Checked,0,1
CSnell, 1,8/27/2026 11:05 AM,8/27/2026 11:09 AM,,5,MC,,"If you take a ship and replaced all of the parts until none of the original parts of this ship are a part of the ship, what happens?",False,1,Disney sues you,Checked,0,1
CSnell, 1,8/27/2026 11:05 AM,8/27/2026 11:09 AM,,5,MC,,"If you take a ship and replaced all of the parts until none of the original parts of this ship are a part of the ship, what happens?",False,1,Paul Bettany joins you,UnChecked,0,1
CSnell, 1,8/27/2026 11:05 AM,8/27/2026 11:09 AM,,5,MC,,"If you take a ship and replaced all of the parts until none of the original parts of this ship are a part of the ship, what happens?",False,1,You have two ships,UnChecked,0,1
CSnell, 1,8/27/2026 11:05 AM,8/27/2026 11:09 AM,,6,T/F,,Something can be both New and Improved,False,1,True,Checked,0,1
CSnell, 1,8/27/2026 11:05 AM,8/27/2026 11:09 AM,,6,T/F,,Something can be both New and Improved,False,1,False,UnChecked,0,1
CSnell, 1,8/27/2026 11:05 AM,8/27/2026 11:09 AM,,7,FIB,,"My bologna has a first name, it's _______ my bologna has a second name, it's _______ ",False,1,Answer for blank # 1,Your,0,1
CSnell, 1,8/27/2026 11:05 AM,8/27/2026 11:09 AM,,7,FIB,,"My bologna has a first name, it's _______ my bologna has a second name, it's _______ ",False,1,Answer for blank # 2,You're,0,1
CSnell, 1,8/27/2026 11:05 AM,8/27/2026 11:09 AM,,8,MC,,Is your answer to this question 'no'?,False,1,yes,Checked,1,1
CSnell, 1,8/27/2026 11:05 AM,8/27/2026 11:09 AM,,8,MC,,Is your answer to this question 'no'?,False,1,no,UnChecked,1,1
CSnell, 1,8/27/2026 11:05 AM,8/27/2026 11:09 AM,,9,MC,,"In the word ""scent"", which letter is silent?",False,1,s,UnChecked,0,1
CSnell, 1,8/27/2026 11:05 AM,8/27/2026 11:09 AM,,9,MC,,"In the word ""scent"", which letter is silent?",False,1,c,Checked,0,1
CSnell, 1,8/27/2026 11:05 AM,8/27/2026 11:09 AM,,9,MC,,"In the word ""scent"", which letter is silent?",False,1,a,UnChecked,0,1
CSnell, 1,8/27/2026 11:05 AM,8/27/2026 11:09 AM,,9,MC,,"In the word ""scent"", which letter is silent?",False,1,p,UnChecked,0,1
CSnell, 1,8/27/2026 11:05 AM,8/27/2026 11:09 AM,,10,MC,,"If revenge is a dish best served cold, and revenge is sweet, then revenge is:",False,1,coca cola,Checked,0,1
CSnell, 1,8/27/2026 11:05 AM,8/27/2026 11:09 AM,,10,MC,,"If revenge is a dish best served cold, and revenge is sweet, then revenge is:",False,1,ice cream,UnChecked,0,1
CSnell, 1,8/27/2026 11:05 AM,8/27/2026 11:09 AM,,10,MC,,"If revenge is a dish best served cold, and revenge is sweet, then revenge is:",False,1,a popsicle,UnChecked,0,1
CSnell, 1,8/27/2026 11:05 AM,8/27/2026 11:09 AM,,10,MC,,"If revenge is a dish best served cold, and revenge is sweet, then revenge is:",False,1,frozen yogurt,UnChecked,0,1
LStein, 1,8/27/2026 11:03 AM,8/27/2026 11:09 AM,,1,MC,,"What is the answer to life, the universe, and everything?",False,1,38,UnChecked,0,1
LStein, 1,8/27/2026 11:03 AM,8/27/2026 11:09 AM,,1,MC,,"What is the answer to life, the universe, and everything?",False,1,39,UnChecked,0,1
LStein, 1,8/27/2026 11:03 AM,8/27/2026 11:09 AM,,1,MC,,"What is the answer to life, the universe, and everything?",False,1,40,Checked,0,1
LStein, 1,8/27/2026 11:03 AM,8/27/2026 11:09 AM,,1,MC,,"What is the answer to life, the universe, and everything?",False,1,41,UnChecked,0,1
LStein, 1,8/27/2026 11:03 AM,8/27/2026 11:09 AM,,2,MC,,"If you choose the answer to this question at random, what is the chance you will be correct?",False,1,25%,Checked,0,1
LStein, 1,8/27/2026 11:03 AM,8/27/2026 11:09 AM,,2,MC,,"If you choose the answer to this question at random, what is the chance you will be correct?",False,1,50%,UnChecked,0,1
LStein, 1,8/27/2026 11:03 AM,8/27/2026 11:09 AM,,2,MC,,"If you choose the answer to this question at random, what is the chance you will be correct?",False,1,60%,UnChecked,0,1
LStein, 1,8/27/2026 11:03 AM,8/27/2026 11:09 AM,,2,MC,,"If you choose the answer to this question at random, what is the chance you will be correct?",False,1,25%,UnChecked,0,1
LStein, 1,8/27/2026 11:03 AM,8/27/2026 11:09 AM,,3,T/F,,"Should the word ""Abbreviation"" be shorter?",False,1,True,Checked,1,1
LStein, 1,8/27/2026 11:03 AM,8/27/2026 11:09 AM,,3,T/F,,"Should the word ""Abbreviation"" be shorter?",False,1,False,UnChecked,1,1
LStein, 1,8/27/2026 11:03 AM,8/27/2026 11:09 AM,,4,MC,,How many letters are in the alphabet?,False,1,11,UnChecked,0,1
LStein, 1,8/27/2026 11:03 AM,8/27/2026 11:09 AM,,4,MC,,How many letters are in the alphabet?,False,1,7,UnChecked,0,1
LStein, 1,8/27/2026 11:03 AM,8/27/2026 11:09 AM,,4,MC,,How many letters are in the alphabet?,False,1,26,Checked,0,1
LStein, 1,8/27/2026 11:03 AM,8/27/2026 11:09 AM,,4,MC,,How many letters are in the alphabet?,False,1,11010,UnChecked,0,1
LStein, 1,8/27/2026 11:03 AM,8/27/2026 11:09 AM,,5,MC,,"If you take a ship and replaced all of the parts until none of the original parts of this ship are a part of the ship, what happens?",False,1,Disney sues you,Checked,0,1
LStein, 1,8/27/2026 11:03 AM,8/27/2026 11:09 AM,,5,MC,,"If you take a ship and replaced all of the parts until none of the original parts of this ship are a part of the ship, what happens?",False,1,Paul Bettany joins you,UnChecked,0,1
LStein, 1,8/27/2026 11:03 AM,8/27/2026 11:09 AM,,5,MC,,"If you take a ship and replaced all of the parts until none of the original parts of this ship are a part of the ship, what happens?",False,1,You have two ships,UnChecked,0,1
LStein, 1,8/27/2026 11:03 AM,8/27/2026 11:09 AM,,6,T/F,,Something can be both New and Improved,False,1,True,Checked,0,1
LStein, 1,8/27/2026 11:03 AM,8/27/2026 11:09 AM,,6,T/F,,Something can be both New and Improved,False,1,False,UnChecked,0,1
LStein, 1,8/27/2026 11:03 AM,8/27/2026 11:09 AM,,7,FIB,,"My bologna has a first name, it's _______ my bologna has a second name, it's _______ ",False,1,Answer for blank # 1,gawd,0,1
LStein, 1,8/27/2026 11:03 AM,8/27/2026 11:09 AM,,7,FIB,,"My bologna has a first name, it's _______ my bologna has a second name, it's _______ ",False,1,Answer for blank # 2,damn,0,1
LStein, 1,8/27/2026 11:03 AM,8/27/2026 11:09 AM,,8,MC,,Is your answer to this question 'no'?,False,1,yes,UnChecked,0,1
LStein, 1,8/27/2026 11:03 AM,8/27/2026 11:09 AM,,8,MC,,Is your answer to this question 'no'?,False,1,no,Checked,0,1
LStein, 1,8/27/2026 11:03 AM,8/27/2026 11:09 AM,,9,MC,,"In the word ""scent"", which letter is silent?",False,1,s,UnChecked,0,1
LStein, 1,8/27/2026 11:03 AM,8/27/2026 11:09 AM,,9,MC,,"In the word ""scent"", which letter is silent?",False,1,c,UnChecked,0,1
LStein, 1,8/27/2026 11:03 AM,8/27/2026 11:09 AM,,9,MC,,"In the word ""scent"", which letter is silent?",False,1,a,UnChecked,0,1
LStein, 1,8/27/2026 11:03 AM,8/27/2026 11:09 AM,,9,MC,,"In the word ""scent"", which letter is silent?",False,1,p,Checked,0,1
LStein, 1,8/27/2026 11:03 AM,8/27/2026 11:09 AM,,10,MC,,"If revenge is a dish best served cold, and revenge is sweet, then revenge is:",False,1,a popsicle,UnChecked,0,1
LStein, 1,8/27/2026 11:03 AM,8/27/2026 11:09 AM,,10,MC,,"If revenge is a dish best served cold, and revenge is sweet, then revenge is:",False,1,ice cream,UnChecked,0,1
LStein, 1,8/27/2026 11:03 AM,8/27/2026 11:09 AM,,10,MC,,"If revenge is a dish best served cold, and revenge is sweet, then revenge is:",False,1,frozen yogurt,UnChecked,0,1
LStein, 1,8/27/2026 11:03 AM,8/27/2026 11:09 AM,,10,MC,,"If revenge is a dish best served cold, and revenge is sweet, then revenge is:",False,1,coca cola,Checked,0,1
JVance, 1,8/27/2026 11:07 AM,8/27/2026 11:09 AM,,1,MC,,"What is the answer to life, the universe, and everything?",False,1,38,UnChecked,0,1
JVance, 1,8/27/2026 11:07 AM,8/27/2026 11:09 AM,,1,MC,,"What is the answer to life, the universe, and everything?",False,1,39,UnChecked,0,1
JVance, 1,8/27/2026 11:07 AM,8/27/2026 11:09 AM,,1,MC,,"What is the answer to life, the universe, and everything?",False,1,40,UnChecked,0,1
JVance, 1,8/27/2026 11:07 AM,8/27/2026 11:09 AM,,1,MC,,"What is the answer to life, the universe, and everything?",False,1,41,Checked,0,1
JVance, 1,8/27/2026 11:07 AM,8/27/2026 11:09 AM,,2,MC,,"If you choose the answer to this question at random, what is the chance you will be correct?",False,1,25%,Checked,0,1
JVance, 1,8/27/2026 11:07 AM,8/27/2026 11:09 AM,,2,MC,,"If you choose the answer to this question at random, what is the chance you will be correct?",False,1,50%,UnChecked,0,1
JVance, 1,8/27/2026 11:07 AM,8/27/2026 11:09 AM,,2,MC,,"If you choose the answer to this question at random, what is the chance you will be correct?",False,1,60%,UnChecked,0,1
JVance, 1,8/27/2026 11:07 AM,8/27/2026 11:09 AM,,2,MC,,"If you choose the answer to this question at random, what is the chance you will be correct?",False,1,25%,UnChecked,0,1
JVance, 1,8/27/2026 11:07 AM,8/27/2026 11:09 AM,,3,T/F,,"Should the word ""Abbreviation"" be shorter?",False,1,True,Checked,1,1
JVance, 1,8/27/2026 11:07 AM,8/27/2026 11:09 AM,,3,T/F,,"Should the word ""Abbreviation"" be shorter?",False,1,False,UnChecked,1,1
JVance, 1,8/27/2026 11:07 AM,8/27/2026 11:09 AM,,4,MC,,How many letters are in the alphabet?,False,1,11,UnChecked,0,1
JVance, 1,8/27/2026 11:07 AM,8/27/2026 11:09 AM,,4,MC,,How many letters are in the alphabet?,False,1,7,UnChecked,0,1
JVance, 1,8/27/2026 11:07 AM,8/27/2026 11:09 AM,,4,MC,,How many letters are in the alphabet?,False,1,26,UnChecked,0,1
JVance, 1,8/27/2026 11:07 AM,8/27/2026 11:09 AM,,4,MC,,How many letters are in the alphabet?,False,1,11010,Checked,0,1
JVance, 1,8/27/2026 11:07 AM,8/27/2026 11:09 AM,,5,MC,,"If you take a ship and replaced all of the parts until none of the original parts of this ship are a part of the ship, what happens?",False,1,Disney sues you,Checked,0,1
JVance, 1,8/27/2026 11:07 AM,8/27/2026 11:09 AM,,5,MC,,"If you take a ship and replaced all of the parts until none of the original parts of this ship are a part of the ship, what happens?",False,1,Paul Bettany joins you,UnChecked,0,1
JVance, 1,8/27/2026 11:07 AM,8/27/2026 11:09 AM,,5,MC,,"If you take a ship and replaced all of the parts until none of the original parts of this ship are a part of the ship, what happens?",False,1,You have two ships,UnChecked,0,1
JVance, 1,8/27/2026 11:07 AM,8/27/2026 11:09 AM,,6,T/F,,Something can be both New and Improved,False,1,True,Checked,0,1
JVance, 1,8/27/2026 11:07 AM,8/27/2026 11:09 AM,,6,T/F,,Something can be both New and Improved,False,1,False,UnChecked,0,1
JVance, 1,8/27/2026 11:07 AM,8/27/2026 11:09 AM,,7,FIB,,"My bologna has a first name, it's _______ my bologna has a second name, it's _______ ",False,1,Answer for blank # 1,bob,0,1
JVance, 1,8/27/2026 11:07 AM,8/27/2026 11:09 AM,,7,FIB,,"My bologna has a first name, it's _______ my bologna has a second name, it's _______ ",False,1,Answer for blank # 2,bob,0,1
JVance, 1,8/27/2026 11:07 AM,8/27/2026 11:09 AM,,8,MC,,Is your answer to this question 'no'?,False,1,yes,Checked,1,1
JVance, 1,8/27/2026 11:07 AM,8/27/2026 11:09 AM,,8,MC,,Is your answer to this question 'no'?,False,1,no,UnChecked,1,1
JVance, 1,8/27/2026 11:07 AM,8/27/2026 11:09 AM,,9,MC,,"In the word ""scent"", which letter is silent?",False,1,s,Checked,0,1
JVance, 1,8/27/2026 11:07 AM,8/27/2026 11:09 AM,,9,MC,,"In the word ""scent"", which letter is silent?",False,1,c,UnChecked,0,1
JVance, 1,8/27/2026 11:07 AM,8/27/2026 11:09 AM,,9,MC,,"In the word ""scent"", which letter is silent?",False,1,a,UnChecked,0,1
JVance, 1,8/27/2026 11:07 AM,8/27/2026 11:09 AM,,9,MC,,"In the word ""scent"", which letter is silent?",False,1,p,UnChecked,0,1
JVance, 1,8/27/2026 11:07 AM,8/27/2026 11:09 AM,,10,MC,,"If revenge is a dish best served cold, and revenge is sweet, then revenge is:",False,1,frozen yogurt,UnChecked,1,1
JVance, 1,8/27/2026 11:07 AM,8/27/2026 11:09 AM,,10,MC,,"If revenge is a dish best served cold, and revenge is sweet, then revenge is:",False,1,coca cola,UnChecked,1,1
JVance, 1,8/27/2026 11:07 AM,8/27/2026 11:09 AM,,10,MC,,"If revenge is a dish best served cold, and revenge is sweet, then revenge is:",False,1,ice cream,Checked,1,1
JVance, 1,8/27/2026 11:07 AM,8/27/2026 11:09 AM,,10,MC,,"If revenge is a dish best served cold, and revenge is sweet, then revenge is:",False,1,a popsicle,UnChecked,1,1
