FLastName, Attempt #,Attempt Start,Attempt End,Section #,Q #,Q Type,Q Title,Q Text,Bonus?,Difficulty,Answer,Answer Match,Score,Out Of
c04e0767027bbc64a142599d4981ebeac744e956866cd248a60f9bbf596474b6, 1,8/27/2026 11:07 AM,8/27/2026 11:11 AM,,1,MC,,"What is the answer to life, the universe, and everything?",False,1,38,UnChecked,0,1
c04e0767027bbc64a142599d4981ebeac744e956866cd248a60f9bbf596474b6, 1,8/27/2026 11:07 AM,8/27/2026 11:11 AM,,1,MC,,"What is the answer to life, the universe, and everything?",False,1,39,UnChecked,0,1
c04e0767027bbc64a142599d4981ebeac744e956866cd248a60f9bbf596474b6, 1,8/27/2026 11:07 AM,8/27/2026 11:11 AM,,1,MC,,"What is the answer to life, the universe, and everything?",False,1,40,Checked,0,1
c04e0767027bbc64a142599d4981ebeac744e956866cd248a60f9bbf596474b6, 1,8/27/2026 11:07 AM,8/27/2026 11:11 AM,,1,MC,,"What is the answer to life, the universe, and everything?",False,1,41,UnChecked,0,1
c04e0767027bbc64a142599d4981ebeac744e956866cd248a60f9bbf596474b6, 1,8/27/2026 11:07 AM,8/27/2026 11:11 AM,,2,MC,,"If you choose the answer to this question at random, what is the chance you will be correct?",False,1,25%,Checked,0,1
c04e0767027bbc64a142599d4981ebeac744e956866cd248a60f9bbf596474b6, 1,8/27/2026 11:07 AM,8/27/2026 11:11 AM,,2,MC,,"If you choose the answer to this question at random, what is the chance you will be correct?",False,1,50%,UnChecked,0,1
c04e0767027bbc64a142599d4981ebeac744e956866cd248a60f9bbf596474b6, 1,8/27/2026 11:07 AM,8/27/2026 11:11 AM,,2,MC,,"If you choose the answer to this question at random, what is the chance you will be correct?",False,1,60%,UnChecked,0,1
c04e0767027bbc64a142599d4981ebeac744e956866cd248a60f9bbf596474b6, 1,8/27/2026 11:07 AM,8/27/2026 11:11 AM,,2,MC,,"If you choose the answer to this question at random, what is the chance you will be correct?",False,1,25%,UnChecked,0,1
c04e0767027bbc64a142599d4981ebeac744e956866cd248a60f9bbf596474b6, 1,8/27/2026 11:07 AM,8/27/2026 11:11 AM,,3,T/F,,"Should the word ""Abbreviation"" be shorter?",False,1,True,UnChecked,0,1
c04e0767027bbc64a142599d4981ebeac744e956866cd248a60f9bbf596474b6, 1,8/27/2026 11:07 AM,8/27/2026 11:11 AM,,3,T/F,,"Should the word ""Abbreviation"" be shorter?",False,1,False,Checked,0,1
c04e0767027bbc64a142599d4981ebeac744e956866cd248a60f9bbf596474b6, 1,8/27/2026 11:07 AM,8/27/2026 11:11 AM,,4,MC,,How many letters are in the alphabet?,False,1,11,UnChecked,0,1
c04e0767027bbc64a142599d4981ebeac744e956866cd248a60f9bbf596474b6, 1,8/27/2026 11:07 AM,8/27/2026 11:11 AM,,4,MC,,How many letters are in the alphabet?,False,1,7,UnChecked,0,1
c04e0767027bbc64a142599d4981ebeac744e956866cd248a60f9bbf596474b6, 1,8/27/2026 11:07 AM,8/27/2026 11:11 AM,,4,MC,,How many letters are in the alphabet?,False,1,26,UnChecked,0,1
c04e0767027bbc64a142599d4981ebeac744e956866cd248a60f9bbf596474b6, 1,8/27/2026 11:07 AM,8/27/2026 11:11 AM,,4,MC,,How many letters are in the alphabet?,False,1,11010,Checked,0,1
c04e0767027bbc64a142599d4981ebeac744e956866cd248a60f9bbf596474b6, 1,8/27/2026 11:07 AM,8/27/2026 11:11 AM,,5,MC,,"If you take a ship and replaced all of the parts until none of the original parts of this ship are a part of the ship, what happens?",False,1,Disney sues you,UnChecked,0,1
c04e0767027bbc64a142599d4981ebeac744e956866cd248a60f9bbf596474b6, 1,8/27/2026 11:07 AM,8/27/2026 11:11 AM,,5,MC,,"If you take a ship and replaced all of the parts until none of the original parts of this ship are a part of the ship, what happens?",False,1,Paul Bettany joins you,Checked,0,1
c04e0767027bbc64a142599d4981ebeac744e956866cd248a60f9bbf596474b6, 1,8/27/2026 11:07 AM,8/27/2026 11:11 AM,,5,MC,,"If you take a ship and replaced all of the parts until none of the original parts of this ship are a part of the ship, what happens?",False,1,You have two ships,UnChecked,0,1
c04e0767027bbc64a142599d4981ebeac744e956866cd248a60f9bbf596474b6, 1,8/27/2026 11:07 AM,8/27/2026 11:11 AM,,6,T/F,,Something can be both New and Improved,False,1,True,Checked,0,1
c04e0767027bbc64a142599d4981ebeac744e956866cd248a60f9bbf596474b6, 1,8/27/2026 11:07 AM,8/27/2026 11:11 AM,,6,T/F,,Something can be both New and Improved,False,1,False,UnChecked,0,1
c04e0767027bbc64a142599d4981ebeac744e956866cd248a60f9bbf596474b6, 1,8/27/2026 11:07 AM,8/27/2026 11:11 AM,,7,FIB,,"My bologna has a first name, it's _______ my bologna has a second name, it's _______ ",False,1,Answer for blank # 1,My,0,1
c04e0767027bbc64a142599d4981ebeac744e956866cd248a60f9bbf596474b6, 1,8/27/2026 11:07 AM,8/27/2026 11:11 AM,,7,FIB,,"My bologna has a first name, it's _______ my bologna has a second name, it's _______ ",False,1,Answer for blank # 2,bologna,0,1
c04e0767027bbc64a142599d4981ebeac744e956866cd248a60f9bbf596474b6, 1,8/27/2026 11:07 AM,8/27/2026 11:11 AM,,8,MC,,Is your answer to this question 'no'?,False,1,yes,Checked,1,1
c04e0767027bbc64a142599d4981ebeac744e956866cd248a60f9bbf596474b6, 1,8/27/2026 11:07 AM,8/27/2026 11:11 AM,,8,MC,,Is your answer to this question 'no'?,False,1,no,UnChecked,1,1
c04e0767027bbc64a142599d4981ebeac744e956866cd248a60f9bbf596474b6, 1,8/27/2026 11:07 AM,8/27/2026 11:11 AM,,9,MC,,"In the word ""scent"", which letter is silent?",False,1,s,UnChecked,0,1
c04e0767027bbc64a142599d4981ebeac744e956866cd248a60f9bbf596474b6, 1,8/27/2026 11:07 AM,8/27/2026 11:11 AM,,9,MC,,"In the word ""scent"", which letter is silent?",False,1,c,Checked,0,1
c04e0767027bbc64a142599d4981ebeac744e956866cd248a60f9bbf596474b6, 1,8/27/2026 11:07 AM,8/27/2026 11:11 AM,,9,MC,,"In the word ""scent"", which letter is silent?",False,1,a,UnChecked,0,1
c04e0767027bbc64a142599d4981ebeac744e956866cd248a60f9bbf596474b6, 1,8/27/2026 11:07 AM,8/27/2026 11:11 AM,,9,MC,,"In the word ""scent"", which letter is silent?",False,1,p,UnChecked,0,1
c04e0767027bbc64a142599d4981ebeac744e956866cd248a60f9bbf596474b6, 1,8/27/2026 11:07 AM,8/27/2026 11:11 AM,,10,MC,,"If revenge is a dish best served cold, and revenge is sweet, then revenge is:",False,1,ice cream,UnChecked,0,1
c04e0767027bbc64a142599d4981ebeac744e956866cd248a60f9bbf596474b6, 1,8/27/2026 11:07 AM,8/27/2026 11:11 AM,,10,MC,,"If revenge is a dish best served cold, and revenge is sweet, then revenge is:",False,1,a popsicle,UnChecked,0,1
c04e0767027bbc64a142599d4981ebeac744e956866cd248a60f9bbf596474b6, 1,8/27/2026 11:07 AM,8/27/2026 11:11 AM,,10,MC,,"If revenge is a dish best served cold, and revenge is sweet, then revenge is:",False,1,coca cola,Checked,0,1
c04e0767027bbc64a142599d4981ebeac744e956866cd248a60f9bbf596474b6, 1,8/27/2026 11:07 AM,8/27/2026 11:11 AM,,10,MC,,"If revenge is a dish best served cold, and revenge is sweet, then revenge is:",False,1,frozen yogurt,UnChecked,0,1
bad07c37989d62c5de85bdacc25ff79fe091134db8b12a7b66c7352a2ccc3ac5, 1,8/27/2026 11:07 AM,8/27/2026 11:12 AM,,1,MC,,"What is the answer to life, the universe, and everything?",False,1,38,Checked,0,1
bad07c37989d62c5de85bdacc25ff79fe091134db8b12a7b66c7352a2ccc3ac5, 1,8/27/2026 11:07 AM,8/27/2026 11:12 AM,,1,MC,,"What is the answer to life, the universe, and everything?",False,1,39,UnChecked,0,1
bad07c37989d62c5de85bdacc25ff79fe091134db8b12a7b66c7352a2ccc3ac5, 1,8/27/2026 11:07 AM,8/27/2026 11:12 AM,,1,MC,,"What is the answer to life, the universe, and everything?",False,1,40,UnChecked,0,1
bad07c37989d62c5de85bdacc25ff79fe091134db8b12a7b66c7352a2ccc3ac5, 1,8/27/2026 11:07 AM,8/27/2026 11:12 AM,,1,MC,,"What is the answer to life, the universe, and everything?",False,1,41,UnChecked,0,1
bad07c37989d62c5de85bdacc25ff79fe091134db8b12a7b66c7352a2ccc3ac5, 1,8/27/2026 11:07 AM,8/27/2026 11:12 AM,,2,MC,,"If you choose the answer to this question at random, what is the chance you will be correct?",False,1,25%,Checked,0,1
bad07c37989d62c5de85bdacc25ff79fe091134db8b12a7b66c7352a2ccc3ac5, 1,8/27/2026 11:07 AM,8/27/2026 11:12 AM,,2,MC,,"If you choose the answer to this question at random, what is the chance you will be correct?",False,1,50%,UnChecked,0,1
bad07c37989d62c5de85bdacc25ff79fe091134db8b12a7b66c7352a2ccc3ac5, 1,8/27/2026 11:07 AM,8/27/2026 11:12 AM,,2,MC,,"If you choose the answer to this question at random, what is the chance you will be correct?",False,1,60%,UnChecked,0,1
bad07c37989d62c5de85bdacc25ff79fe091134db8b12a7b66c7352a2ccc3ac5, 1,8/27/2026 11:07 AM,8/27/2026 11:12 AM,,2,MC,,"If you choose the answer to this question at random, what is the chance you will be correct?",False,1,25%,UnChecked,0,1
bad07c37989d62c5de85bdacc25ff79fe091134db8b12a7b66c7352a2ccc3ac5, 1,8/27/2026 11:07 AM,8/27/2026 11:12 AM,,3,T/F,,"Should the word ""Abbreviation"" be shorter?",False,1,True,Checked,1,1
bad07c37989d62c5de85bdacc25ff79fe091134db8b12a7b66c7352a2ccc3ac5, 1,8/27/2026 11:07 AM,8/27/2026 11:12 AM,,3,T/F,,"Should the word ""Abbreviation"" be shorter?",False,1,False,UnChecked,1,1
bad07c37989d62c5de85bdacc25ff79fe091134db8b12a7b66c7352a2ccc3ac5, 1,8/27/2026 11:07 AM,8/27/2026 11:12 AM,,4,MC,,How many letters are in the alphabet?,False,1,11,UnChecked,0,1
bad07c37989d62c5de85bdacc25ff79fe091134db8b12a7b66c7352a2ccc3ac5, 1,8/27/2026 11:07 AM,8/27/2026 11:12 AM,,4,MC,,How many letters are in the alphabet?,False,1,7,UnChecked,0,1
bad07c37989d62c5de85bdacc25ff79fe091134db8b12a7b66c7352a2ccc3ac5, 1,8/27/2026 11:07 AM,8/27/2026 11:12 AM,,4,MC,,How many letters are in the alphabet?,False,1,26,Checked,0,1
bad07c37989d62c5de85bdacc25ff79fe091134db8b12a7b66c7352a2ccc3ac5, 1,8/27/2026 11:07 AM,8/27/2026 11:12 AM,,4,MC,,How many letters are in the alphabet?,False,1,11010,UnChecked,0,1
bad07c37989d62c5de85bdacc25ff79fe091134db8b12a7b66c7352a2ccc3ac5, 1,8/27/2026 11:07 AM,8/27/2026 11:12 AM,,5,MC,,"If you take a ship and replaced all of the parts until none of the original parts of this ship are a part of the ship, what happens?",False,1,Disney sues you,UnChecked,0,1
bad07c37989d62c5de85bdacc25ff79fe091134db8b12a7b66c7352a2ccc3ac5, 1,8/27/2026 11:07 AM,8/27/2026 11:12 AM,,5,MC,,"If you take a ship and replaced all of the parts until none of the original parts of this ship are a part of the ship, what happens?",False,1,Paul Bettany joins you,Checked,0,1
bad07c37989d62c5de85bdacc25ff79fe091134db8b12a7b66c7352a2ccc3ac5, 1,8/27/2026 11:07 AM,8/27/2026 11:12 AM,,5,MC,,"If you take a ship and replaced all of the parts until none of the original parts of this ship are a part of the ship, what happens?",False,1,You have two ships,UnChecked,0,1
bad07c37989d62c5de85bdacc25ff79fe091134db8b12a7b66c7352a2ccc3ac5, 1,8/27/2026 11:07 AM,8/27/2026 11:12 AM,,6,T/F,,Something can be both New and Improved,False,1,True,Checked,0,1
bad07c37989d62c5de85bdacc25ff79fe091134db8b12a7b66c7352a2ccc3ac5, 1,8/27/2026 11:07 AM,8/27/2026 11:12 AM,,6,T/F,,Something can be both New and Improved,False,1,False,UnChecked,0,1
bad07c37989d62c5de85bdacc25ff79fe091134db8b12a7b66c7352a2ccc3ac5, 1,8/27/2026 11:07 AM,8/27/2026 11:12 AM,,7,FIB,,"My bologna has a first name, it's _______ my bologna has a second name, it's _______ ",False,1,Answer for blank # 1,Peter,0,1
bad07c37989d62c5de85bdacc25ff79fe091134db8b12a7b66c7352a2ccc3ac5, 1,8/27/2026 11:07 AM,8/27/2026 11:12 AM,,7,FIB,,"My bologna has a first name, it's _______ my bologna has a second name, it's _______ ",False,1,Answer for blank # 2,Pater,0,1
bad07c37989d62c5de85bdacc25ff79fe091134db8b12a7b66c7352a2ccc3ac5, 1,8/27/2026 11:07 AM,8/27/2026 11:12 AM,,8,MC,,Is your answer to this question 'no'?,False,1,yes,UnChecked,0,1
bad07c37989d62c5de85bdacc25ff79fe091134db8b12a7b66c7352a2ccc3ac5, 1,8/27/2026 11:07 AM,8/27/2026 11:12 AM,,8,MC,,Is your answer to this question 'no'?,False,1,no,Checked,0,1
bad07c37989d62c5de85bdacc25ff79fe091134db8b12a7b66c7352a2ccc3ac5, 1,8/27/2026 11:07 AM,8/27/2026 11:12 AM,,9,MC,,"In the word ""scent"", which letter is silent?",False,1,s,UnChecked,0,1
bad07c37989d62c5de85bdacc25ff79fe091134db8b12a7b66c7352a2ccc3ac5, 1,8/27/2026 11:07 AM,8/27/2026 11:12 AM,,9,MC,,"In the word ""scent"", which letter is silent?",False,1,c,Checked,0,1
bad07c37989d62c5de85bdacc25ff79fe091134db8b12a7b66c7352a2ccc3ac5, 1,8/27/2026 11:07 AM,8/27/2026 11:12 AM,,9,MC,,"In the word ""scent"", which letter is silent?",False,1,a,UnChecked,0,1
bad07c37989d62c5de85bdacc25ff79fe091134db8b12a7b66c7352a2ccc3ac5, 1,8/27/2026 11:07 AM,8/27/2026 11:12 AM,,9,MC,,"In the word ""scent"", which letter is silent?",False,1,p,UnChecked,0,1
bad07c37989d62c5de85bdacc25ff79fe091134db8b12a7b66c7352a2ccc3ac5, 1,8/27/2026 11:07 AM,8/27/2026 11:12 AM,,10,MC,,"If revenge is a dish best served cold, and revenge is sweet, then revenge is:",False,1,ice cream,UnChecked,0,1
bad07c37989d62c5de85bdacc25ff79fe091134db8b12a7b66c7352a2ccc3ac5, 1,8/27/2026 11:07 AM,8/27/2026 11:12 AM,,10,MC,,"If revenge is a dish best served cold, and revenge is sweet, then revenge is:",False,1,a popsicle,Checked,0,1
bad07c37989d62c5de85bdacc25ff79fe091134db8b12a7b66c7352a2ccc3ac5, 1,8/27/2026 11:07 AM,8/27/2026 11:12 AM,,10,MC,,"If revenge is a dish best served cold, and revenge is sweet, then revenge is:",False,1,coca cola,UnChecked,0,1
bad07c37989d62c5de85bdacc25ff79fe091134db8b12a7b66c7352a2ccc3ac5, 1,8/27/2026 11:07 AM,8/27/2026 11:12 AM,,10,MC,,"If revenge is a dish best served cold, and revenge is sweet, then revenge is:",False,1,frozen yogurt,UnChecked,0,1
9104bee1d90713b3551c6bcbecbbff30258a4b84dcad0c93cc23f31dfc19dc96, 1,8/27/2026 11:08 AM,8/27/2026 11:11 AM,,1,MC,,"What is the answer to life, the universe, and everything?",False,1,38,UnChecked,0,1
9104bee1d90713b3551c6bcbecbbff30258a4b84dcad0c93cc23f31dfc19dc96, 1,8/27/2026 11:08 AM,8/27/2026 11:11 AM,,1,MC,,"What is the answer to life, the universe, and everything?",False,1,39,UnChecked,0,1
9104bee1d90713b3551c6bcbecbbff30258a4b84dcad0c93cc23f31dfc19dc96, 1,8/27/2026 11:08 AM,8/27/2026 11:11 AM,,1,MC,,"What is the answer to life, the universe, and everything?",False,1,40,Checked,0,1
9104bee1d90713b3551c6bcbecbbff30258a4b84dcad0c93cc23f31dfc19dc96, 1,8/27/2026 11:08 AM,8/27/2026 11:11 AM,,1,MC,,"What is the answer to life, the universe, and everything?",False,1,41,UnChecked,0,1
9104bee1d90713b3551c6bcbecbbff30258a4b84dcad0c93cc23f31dfc19dc96, 1,8/27/2026 11:08 AM,8/27/2026 11:11 AM,,2,MC,,"If you choose the answer to this question at random, what is the chance you will be correct?",False,1,25%,UnChecked,0,1
9104bee1d90713b3551c6bcbecbbff30258a4b84dcad0c93cc23f31dfc19dc96, 1,8/27/2026 11:08 AM,8/27/2026 11:11 AM,,2,MC,,"If you choose the answer to this question at random, what is the chance you will be correct?",False,1,50%,Checked,0,1
9104bee1d90713b3551c6bcbecbbff30258a4b84dcad0c93cc23f31dfc19dc96, 1,8/27/2026 11:08 AM,8/27/2026 11:11 AM,,2,MC,,"If you choose the answer to this question at random, what is the chance you will be correct?",False,1,60%,UnChecked,0,1
9104bee1d90713b3551c6bcbecbbff30258a4b84dcad0c93cc23f31dfc19dc96, 1,8/27/2026 11:08 AM,8/27/2026 11:11 AM,,2,MC,,"If you choose the answer to this question at random, what is the chance you will be correct?",False,1,25%,UnChecked,0,1
9104bee1d90713b3551c6bcbecbbff30258a4b84dcad0c93cc23f31dfc19dc96, 1,8/27/2026 11:08 AM,8/27/2026 11:11 AM,,3,T/F,,"Should the word ""Abbreviation"" be shorter?",False,1,True,UnChecked,0,1
9104bee1d90713b3551c6bcbecbbff30258a4b84dcad0c93cc23f31dfc19dc96, 1,8/27/2026 11:08 AM,8/27/2026 11:11 AM,,3,T/F,,"Should the word ""Abbreviation"" be shorter?",False,1,False,Checked,0,1
9104bee1d90713b3551c6bcbecbbff30258a4b84dcad0c93cc23f31dfc19dc96, 1,8/27/2026 11:08 AM,8/27/2026 11:11 AM,,4,MC,,How many letters are in the alphabet?,False,1,11,UnChecked,0,1
9104bee1d90713b3551c6bcbecbbff30258a4b84dcad0c93cc23f31dfc19dc96, 1,8/27/2026 11:08 AM,8/27/2026 11:11 AM,,4,MC,,How many letters are in the alphabet?,False,1,7,UnChecked,0,1
9104bee1d90713b3551c6bcbecbbff30258a4b84dcad0c93cc23f31dfc19dc96, 1,8/27/2026 11:08 AM,8/27/2026 11:11 AM,,4,MC,,How many letters are in the alphabet?,False,1,26,Checked,0,1
9104bee1d90713b3551c6bcbecbbff30258a4b84dcad0c93cc23f31dfc19dc96, 1,8/27/2026 11:08 AM,8/27/2026 11:11 AM,,4,MC,,How many letters are in the alphabet?,False,1,11010,UnChecked,0,1
9104bee1d90713b3551c6bcbecbbff30258a4b84dcad0c93cc23f31dfc19dc96, 1,8/27/2026 11:08 AM,8/27/2026 11:11 AM,,5,MC,,"If you take a ship and replaced all of the parts until none of the original parts of this ship are a part of the ship, what happens?",False,1,Disney sues you,Checked,0,1
9104bee1d90713b3551c6bcbecbbff30258a4b84dcad0c93cc23f31dfc19dc96, 1,8/27/2026 11:08 AM,8/27/2026 11:11 AM,,5,MC,,"If you take a ship and replaced all of the parts until none of the original parts of this ship are a part of the ship, what happens?",False,1,Paul Bettany joins you,UnChecked,0,1
9104bee1d90713b3551c6bcbecbbff30258a4b84dcad0c93cc23f31dfc19dc96, 1,8/27/2026 11:08 AM,8/27/2026 11:11 AM,,5,MC,,"If you take a ship and replaced all of the parts until none of the original parts of this ship are a part of the ship, what happens?",False,1,You have two ships,UnChecked,0,1
9104bee1d90713b3551c6bcbecbbff30258a4b84dcad0c93cc23f31dfc19dc96, 1,8/27/2026 11:08 AM,8/27/2026 11:11 AM,,6,T/F,,Something can be both New and Improved,False,1,True,Checked,0,1
9104bee1d90713b3551c6bcbecbbff30258a4b84dcad0c93cc23f31dfc19dc96, 1,8/27/2026 11:08 AM,8/27/2026 11:11 AM,,6,T/F,,Something can be both New and Improved,False,1,False,UnChecked,0,1
9104bee1d90713b3551c6bcbecbbff30258a4b84dcad0c93cc23f31dfc19dc96, 1,8/27/2026 11:08 AM,8/27/2026 11:11 AM,,7,FIB,,"My bologna has a first name, it's _______ my bologna has a second name, it's _______ ",False,1,Answer for blank # 1,Jif,0,1
9104bee1d90713b3551c6bcbecbbff30258a4b84dcad0c93cc23f31dfc19dc96, 1,8/27/2026 11:08 AM,8/27/2026 11:11 AM,,7,FIB,,"My bologna has a first name, it's _______ my bologna has a second name, it's _______ ",False,1,Answer for blank # 2,Bob,0,1
9104bee1d90713b3551c6bcbecbbff30258a4b84dcad0c93cc23f31dfc19dc96, 1,8/27/2026 11:08 AM,8/27/2026 11:11 AM,,8,MC,,Is your answer to this question 'no'?,False,1,yes,UnChecked,0,1
9104bee1d90713b3551c6bcbecbbff30258a4b84dcad0c93cc23f31dfc19dc96, 1,8/27/2026 11:08 AM,8/27/2026 11:11 AM,,8,MC,,Is your answer to this question 'no'?,False,1,no,Checked,0,1
9104bee1d90713b3551c6bcbecbbff30258a4b84dcad0c93cc23f31dfc19dc96, 1,8/27/2026 11:08 AM,8/27/2026 11:11 AM,,9,MC,,"In the word ""scent"", which letter is silent?",False,1,s,UnChecked,0,1
9104bee1d90713b3551c6bcbecbbff30258a4b84dcad0c93cc23f31dfc19dc96, 1,8/27/2026 11:08 AM,8/27/2026 11:11 AM,,9,MC,,"In the word ""scent"", which letter is silent?",False,1,c,Checked,0,1
9104bee1d90713b3551c6bcbecbbff30258a4b84dcad0c93cc23f31dfc19dc96, 1,8/27/2026 11:08 AM,8/27/2026 11:11 AM,,9,MC,,"In the word ""scent"", which letter is silent?",False,1,a,UnChecked,0,1
9104bee1d90713b3551c6bcbecbbff30258a4b84dcad0c93cc23f31dfc19dc96, 1,8/27/2026 11:08 AM,8/27/2026 11:11 AM,,9,MC,,"In the word ""scent"", which letter is silent?",False,1,p,UnChecked,0,1
9104bee1d90713b3551c6bcbecbbff30258a4b84dcad0c93cc23f31dfc19dc96, 1,8/27/2026 11:08 AM,8/27/2026 11:11 AM,,10,MC,,"If revenge is a dish best served cold, and revenge is sweet, then revenge is:",False,1,frozen yogurt,UnChecked,1,1
9104bee1d90713b3551c6bcbecbbff30258a4b84dcad0c93cc23f31dfc19dc96, 1,8/27/2026 11:08 AM,8/27/2026 11:11 AM,,10,MC,,"If revenge is a dish best served cold, and revenge is sweet, then revenge is:",False,1,a popsicle,UnChecked,1,1
9104bee1d90713b3551c6bcbecbbff30258a4b84dcad0c93cc23f31dfc19dc96, 1,8/27/2026 11:08 AM,8/27/2026 11:11 AM,,10,MC,,"If revenge is a dish best served cold, and revenge is sweet, then revenge is:",False,1,coca cola,UnChecked,1,1
9104bee1d90713b3551c6bcbecbbff30258a4b84dcad0c93cc23f31dfc19dc96, 1,8/27/2026 11:08 AM,8/27/2026 11:11 AM,,10,MC,,"If revenge is a dish best served cold, and revenge is sweet, then revenge is:",False,1,ice cream,Checked,1,1
71ba21a1e8dff8eb6eb61c68559537797a5c6d644fc14846cd8dc46fbcca3e37, 1,8/27/2026 11:01 AM,8/27/2026 11:03 AM,,1,MC,,"What is the answer to life, the universe, and everything?",False,1,38,UnChecked,0,1
71ba21a1e8dff8eb6eb61c68559537797a5c6d644fc14846cd8dc46fbcca3e37, 1,8/27/2026 11:01 AM,8/27/2026 11:03 AM,,1,MC,,"What is the answer to life, the universe, and everything?",False,1,39,UnChecked,0,1
71ba21a1e8dff8eb6eb61c68559537797a5c6d644fc14846cd8dc46fbcca3e37, 1,8/27/2026 11:01 AM,8/27/2026 11:03 AM,,1,MC,,"What is the answer to life, the universe, and everything?",False,1,40,Checked,0,1
71ba21a1e8dff8eb6eb61c68559537797a5c6d644fc14846cd8dc46fbcca3e37, 1,8/27/2026 11:01 AM,8/27/2026 11:03 AM,,1,MC,,"What is the answer to life, the universe, and everything?",False,1,41,UnChecked,0,1
71ba21a1e8dff8eb6eb61c68559537797a5c6d644fc14846cd8dc46fbcca3e37, 1,8/27/2026 11:01 AM,8/27/2026 11:03 AM,,2,MC,,"If you choose the answer to this question at random, what is the chance you will be correct?",False,1,25%,UnChecked,1,1
71ba21a1e8dff8eb6eb61c68559537797a5c6d644fc14846cd8dc46fbcca3e37, 1,8/27/2026 11:01 AM,8/27/2026 11:03 AM,,2,MC,,"If you choose the answer to this question at random, what is the chance you will be correct?",False,1,50%,UnChecked,1,1
71ba21a1e8dff8eb6eb61c68559537797a5c6d644fc14846cd8dc46fbcca3e37, 1,8/27/2026 11:01 AM,8/27/2026 11:03 AM,,2,MC,,"If you choose the answer to this question at random, what is the chance you will be correct?",False,1,60%,Checked,1,1
71ba21a1e8dff8eb6eb61c68559537797a5c6d644fc14846cd8dc46fbcca3e37, 1,8/27/2026 11:01 AM,8/27/2026 11:03 AM,,2,MC,,"If you choose the answer to this question at random, what is the chance you will be correct?",False,1,25%,UnChecked,1,1
71ba21a1e8dff8eb6eb61c68559537797a5c6d644fc14846cd8dc46fbcca3e37, 1,8/27/2026 11:01 AM,8/27/2026 11:03 AM,,3,T/F,,"Should the word ""Abbreviation"" be shorter?",False,1,True,Checked,1,1
71ba21a1e8dff8eb6eb61c68559537797a5c6d644fc14846cd8dc46fbcca3e37, 1,8/27/2026 11:01 AM,8/27/2026 11:03 AM,,3,T/F,,"Should the word ""Abbreviation"" be shorter?",False,1,False,UnChecked,1,1
71ba21a1e8dff8eb6eb61c68559537797a5c6d644fc14846cd8dc46fbcca3e37, 1,8/27/2026 11:01 AM,8/27/2026 11:03 AM,,4,MC,,How many letters are in the alphabet?,False,1,11,UnChecked,0,1
71ba21a1e8dff8eb6eb61c68559537797a5c6d644fc14846cd8dc46fbcca3e37, 1,8/27/2026 11:01 AM,8/27/2026 11:03 AM,,4,MC,,How many letters are in the alphabet?,False,1,7,UnChecked,0,1
71ba21a1e8dff8eb6eb61c68559537797a5c6d644fc14846cd8dc46fbcca3e37, 1,8/27/2026 11:01 AM,8/27/2026 11:03 AM,,4,MC,,How many letters are in the alphabet?,False,1,26,Checked,0,1
71ba21a1e8dff8eb6eb61c68559537797a5c6d644fc14846cd8dc46fbcca3e37, 1,8/27/2026 11:01 AM,8/27/2026 11:03 AM,,4,MC,,How many letters are in the alphabet?,False,1,11010,UnChecked,0,1
71ba21a1e8dff8eb6eb61c68559537797a5c6d644fc14846cd8dc46fbcca3e37, 1,8/27/2026 11:01 AM,8/27/2026 11:03 AM,,5,MC,,"If you take a ship and replaced all of the parts until none of the original parts of this ship are a part of the ship, what happens?",False,1,Disney sues you,Checked,0,1
71ba21a1e8dff8eb6eb61c68559537797a5c6d644fc14846cd8dc46fbcca3e37, 1,8/27/2026 11:01 AM,8/27/2026 11:03 AM,,5,MC,,"If you take a ship and replaced all of the parts until none of the original parts of this ship are a part of the ship, what happens?",False,1,Paul Bettany joins you,UnChecked,0,1
71ba21a1e8dff8eb6eb61c68559537797a5c6d644fc14846cd8dc46fbcca3e37, 1,8/27/2026 11:01 AM,8/27/2026 11:03 AM,,5,MC,,"If you take a ship and replaced all of the parts until none of the original parts of this ship are a part of the ship, what happens?",False,1,You have two ships,UnChecked,0,1
71ba21a1e8dff8eb6eb61c68559537797a5c6d644fc14846cd8dc46fbcca3e37, 1,8/27/2026 11:01 AM,8/27/2026 11:03 AM,,6,T/F,,Something can be both New and Improved,False,1,True,Checked,0,1
71ba21a1e8dff8eb6eb61c68559537797a5c6d644fc14846cd8dc46fbcca3e37, 1,8/27/2026 11:01 AM,8/27/2026 11:03 AM,,6,T/F,,Something can be both New and Improved,False,1,False,UnChecked,0,1
71ba21a1e8dff8eb6eb61c68559537797a5c6d644fc14846cd8dc46fbcca3e37, 1,8/27/2026 11:01 AM,8/27/2026 11:03 AM,,7,FIB,,"My bologna has a first name, it's _______ my bologna has a second name, it's _______ ",False,1,Answer for blank # 1,Helen,0,1
71ba21a1e8dff8eb6eb61c68559537797a5c6d644fc14846cd8dc46fbcca3e37, 1,8/27/2026 11:01 AM,8/27/2026 11:03 AM,,7,FIB,,"My bologna has a first name, it's _______ my bologna has a second name, it's _______ ",False,1,Answer for blank # 2,Keller,0,1
71ba21a1e8dff8eb6eb61c68559537797a5c6d644fc14846cd8dc46fbcca3e37, 1,8/27/2026 11:01 AM,8/27/2026 11:03 AM,,8,MC,,Is your answer to this question 'no'?,False,1,yes,Checked,1,1
71ba21a1e8dff8eb6eb61c68559537797a5c6d644fc14846cd8dc46fbcca3e37, 1,8/27/2026 11:01 AM,8/27/2026 11:03 AM,,8,MC,,Is your answer to this question 'no'?,False,1,no,UnChecked,1,1
71ba21a1e8dff8eb6eb61c68559537797a5c6d644fc14846cd8dc46fbcca3e37, 1,8/27/2026 11:01 AM,8/27/2026 11:03 AM,,9,MC,,"In the word ""scent"", which letter is silent?",False,1,s,UnChecked,0,1
71ba21a1e8dff8eb6eb61c68559537797a5c6d644fc14846cd8dc46fbcca3e37, 1,8/27/2026 11:01 AM,8/27/2026 11:03 AM,,9,MC,,"In the word ""scent"", which letter is silent?",False,1,c,Checked,0,1
71ba21a1e8dff8eb6eb61c68559537797a5c6d644fc14846cd8dc46fbcca3e37, 1,8/27/2026 11:01 AM,8/27/2026 11:03 AM,,9,MC,,"In the word ""scent"", which letter is silent?",False,1,a,UnChecked,0,1
71ba21a1e8dff8eb6eb61c68559537797a5c6d644fc14846cd8dc46fbcca3e37, 1,8/27/2026 11:01 AM,8/27/2026 11:03 AM,,9,MC,,"In the word ""scent"", which letter is silent?",False,1,p,UnChecked,0,1
71ba21a1e8dff8eb6eb61c68559537797a5c6d644fc14846cd8dc46fbcca3e37, 1,8/27/2026 11:01 AM,8/27/2026 11:03 AM,,10,MC,,"If revenge is a dish best served cold, and revenge is sweet, then revenge is:",False,1,coca cola,UnChecked,1,1
71ba21a1e8dff8eb6eb61c68559537797a5c6d644fc14846cd8dc46fbcca3e37, 1,8/27/2026 11:01 AM,8/27/2026 11:03 AM,,10,MC,,"If revenge is a dish best served cold, and revenge is sweet, then revenge is:",False,1,a popsicle,UnChecked,1,1
71ba21a1e8dff8eb6eb61c68559537797a5c6d644fc14846cd8dc46fbcca3e37, 1,8/27/2026 11:01 AM,8/27/2026 11:03 AM,,10,MC,,"If revenge is a dish best served cold, and revenge is sweet, then revenge is:",False,1,frozen yogurt,UnChecked,1,1
71ba21a1e8dff8eb6eb61c68559537797a5c6d644fc14846cd8dc46fbcca3e37, 1,8/27/2026 11:01 AM,8/27/2026 11:03 AM,,10,MC,,"If revenge is a dish best served cold, and revenge is sweet, then revenge is:",False,1,ice cream,Checked,1,1
86b0d35f2beebd7ac9debe2771a00a31ae941ff127bf5f7d48822387c9951da4, 1,8/27/2026 11:07 AM,8/27/2026 11:10 AM,,1,MC,,"What is the answer to life, the universe, and everything?",False,1,38,UnChecked,0,1
86b0d35f2beebd7ac9debe2771a00a31ae941ff127bf5f7d48822387c9951da4, 1,8/27/2026 11:07 AM,8/27/2026 11:10 AM,,1,MC,,"What is the answer to life, the universe, and everything?",False,1,39,UnChecked,0,1
86b0d35f2beebd7ac9debe2771a00a31ae941ff127bf5f7d48822387c9951da4, 1,8/27/2026 11:07 AM,8/27/2026 11:10 AM,,1,MC,,"What is the answer to life, the universe, and everything?",False,1,40,UnChecked,0,1
86b0d35f2beebd7ac9debe2771a00a31ae941ff127bf5f7d48822387c9951da4, 1,8/27/2026 11:07 AM,8/27/2026 11:10 AM,,1,MC,,"What is the answer to life, the universe, and everything?",False,1,41,Checked,0,1
86b0d35f2beebd7ac9debe2771a00a31ae941ff127bf5f7d48822387c9951da4, 1,8/27/2026 11:07 AM,8/27/2026 11:10 AM,,2,MC,,"If you choose the answer to this question at random, what is the chance you will be correct?",False,1,25%,UnChecked,0,1
86b0d35f2beebd7ac9debe2771a00a31ae941ff127bf5f7d48822387c9951da4, 1,8/27/2026 11:07 AM,8/27/2026 11:10 AM,,2,MC,,"If you choose the answer to this question at random, what is the chance you will be correct?",False,1,50%,Checked,0,1
86b0d35f2beebd7ac9debe2771a00a31ae941ff127bf5f7d48822387c9951da4, 1,8/27/2026 11:07 AM,8/27/2026 11:10 AM,,2,MC,,"If you choose the answer to this question at random, what is the chance you will be correct?",False,1,60%,UnChecked,0,1
86b0d35f2beebd7ac9debe2771a00a31ae941ff127bf5f7d48822387c9951da4, 1,8/27/2026 11:07 AM,8/27/2026 11:10 AM,,2,MC,,"If you choose the answer to this question at random, what is the chance you will be correct?",False,1,25%,UnChecked,0,1
86b0d35f2beebd7ac9debe2771a00a31ae941ff127bf5f7d48822387c9951da4, 1,8/27/2026 11:07 AM,8/27/2026 11:10 AM,,3,T/F,,"Should the word ""Abbreviation"" be shorter?",False,1,True,Checked,1,1
86b0d35f2beebd7ac9debe2771a00a31ae941ff127bf5f7d48822387c9951da4, 1,8/27/2026 11:07 AM,8/27/2026 11:10 AM,,3,T/F,,"Should the word ""Abbreviation"" be shorter?",False,1,False,UnChecked,1,1
86b0d35f2beebd7ac9debe2771a00a31ae941ff127bf5f7d48822387c9951da4, 1,8/27/2026 11:07 AM,8/27/2026 11:10 AM,,4,MC,,How many letters are in the alphabet?,False,1,11,UnChecked,0,1
86b0d35f2beebd7ac9debe2771a00a31ae941ff127bf5f7d48822387c9951da4, 1,8/27/2026 11:07 AM,8/27/2026 11:10 AM,,4,MC,,How many letters are in the alphabet?,False,1,7,UnChecked,0,1
86b0d35f2beebd7ac9debe2771a00a31ae941ff127bf5f7d48822387c9951da4, 1,8/27/2026 11:07 AM,8/27/2026 11:10 AM,,4,MC,,How many letters are in the alphabet?,False,1,26,UnChecked,0,1
86b0d35f2beebd7ac9debe2771a00a31ae941ff127bf5f7d48822387c9951da4, 1,8/27/2026 11:07 AM,8/27/2026 11:10 AM,,4,MC,,How many letters are in the alphabet?,False,1,11010,Checked,0,1
86b0d35f2beebd7ac9debe2771a00a31ae941ff127bf5f7d48822387c9951da4, 1,8/27/2026 11:07 AM,8/27/2026 11:10 AM,,5,MC,,"If you take a ship and replaced all of the parts until none of the original parts of this ship are a part of the ship, what happens?",False,1,Disney sues you,UnChecked,1,1
86b0d35f2beebd7ac9debe2771a00a31ae941ff127bf5f7d48822387c9951da4, 1,8/27/2026 11:07 AM,8/27/2026 11:10 AM,,5,MC,,"If you take a ship and replaced all of the parts until none of the original parts of this ship are a part of the ship, what happens?",False,1,Paul Bettany joins you,UnChecked,1,1
86b0d35f2beebd7ac9debe2771a00a31ae941ff127bf5f7d48822387c9951da4, 1,8/27/2026 11:07 AM,8/27/2026 11:10 AM,,5,MC,,"If you take a ship and replaced all of the parts until none of the original parts of this ship are a part of the ship, what happens?",False,1,You have two ships,Checked,1,1
86b0d35f2beebd7ac9debe2771a00a31ae941ff127bf5f7d48822387c9951da4, 1,8/27/2026 11:07 AM,8/27/2026 11:10 AM,,6,T/F,,Something can be both New and Improved,False,1,True,Checked,0,1
86b0d35f2beebd7ac9debe2771a00a31ae941ff127bf5f7d48822387c9951da4, 1,8/27/2026 11:07 AM,8/27/2026 11:10 AM,,6,T/F,,Something can be both New and Improved,False,1,False,UnChecked,0,1
86b0d35f2beebd7ac9debe2771a00a31ae941ff127bf5f7d48822387c9951da4, 1,8/27/2026 11:07 AM,8/27/2026 11:10 AM,,7,FIB,,"My bologna has a first name, it's _______ my bologna has a second name, it's _______ ",False,1,Answer for blank # 1,OSCAR,0,1
86b0d35f2beebd7ac9debe2771a00a31ae941ff127bf5f7d48822387c9951da4, 1,8/27/2026 11:07 AM,8/27/2026 11:10 AM,,7,FIB,,"My bologna has a first name, it's _______ my bologna has a second name, it's _______ ",False,1,Answer for blank # 2,MEYER,0,1
86b0d35f2beebd7ac9debe2771a00a31ae941ff127bf5f7d48822387c9951da4, 1,8/27/2026 11:07 AM,8/27/2026 11:10 AM,,8,MC,,Is your answer to this question 'no'?,False,1,yes,Checked,1,1
86b0d35f2beebd7ac9debe2771a00a31ae941ff127bf5f7d48822387c9951da4, 1,8/27/2026 11:07 AM,8/27/2026 11:10 AM,,8,MC,,Is your answer to this question 'no'?,False,1,no,UnChecked,1,1
86b0d35f2beebd7ac9debe2771a00a31ae941ff127bf5f7d48822387c9951da4, 1,8/27/2026 11:07 AM,8/27/2026 11:10 AM,,9,MC,,"In the word ""scent"", which letter is silent?",False,1,s,UnChecked,0,1
86b0d35f2beebd7ac9debe2771a00a31ae941ff127bf5f7d48822387c9951da4, 1,8/27/2026 11:07 AM,8/27/2026 11:10 AM,,9,MC,,"In the word ""scent"", which letter is silent?",False,1,c,UnChecked,0,1
86b0d35f2beebd7ac9debe2771a00a31ae941ff127bf5f7d48822387c9951da4, 1,8/27/2026 11:07 AM,8/27/2026 11:10 AM,,9,MC,,"In the word ""scent"", which letter is silent?",False,1,a,UnChecked,0,1
86b0d35f2beebd7ac9debe2771a00a31ae941ff127bf5f7d48822387c9951da4, 1,8/27/2026 11:07 AM,8/27/2026 11:10 AM,,9,MC,,"In the word ""scent"", which letter is silent?",False,1,p,Checked,0,1
86b0d35f2beebd7ac9debe2771a00a31ae941ff127bf5f7d48822387c9951da4, 1,8/27/2026 11:07 AM,8/27/2026 11:10 AM,,10,MC,,"If revenge is a dish best served cold, and revenge is sweet, then revenge is:",False,1,coca cola,UnChecked,1,1
86b0d35f2beebd7ac9debe2771a00a31ae941ff127bf5f7d48822387c9951da4, 1,8/27/2026 11:07 AM,8/27/2026 11:10 AM,,10,MC,,"If revenge is a dish best served cold, and revenge is sweet, then revenge is:",False,1,a popsicle,UnChecked,1,1
86b0d35f2beebd7ac9debe2771a00a31ae941ff127bf5f7d48822387c9951da4, 1,8/27/2026 11:07 AM,8/27/2026 11:10 AM,,10,MC,,"If revenge is a dish best served cold, and revenge is sweet, then revenge is:",False,1,frozen yogurt,UnChecked,1,1
86b0d35f2beebd7ac9debe2771a00a31ae941ff127bf5f7d48822387c9951da4, 1,8/27/2026 11:07 AM,8/27/2026 11:10 AM,,10,MC,,"If revenge is a dish best served cold, and revenge is sweet, then revenge is:",False,1,ice cream,Checked,1,1
c2ac95c94969168bb7ca3691330924b99d8c2a651fe75a1384c526bad218bfa4, 1,8/27/2026 11:07 AM,8/27/2026 11:09 AM,,1,MC,,"What is the answer to life, the universe, and everything?",False,1,38,UnChecked,0,1
c2ac95c94969168bb7ca3691330924b99d8c2a651fe75a1384c526bad218bfa4, 1,8/27/2026 11:07 AM,8/27/2026 11:09 AM,,1,MC,,"What is the answer to life, the universe, and everything?",False,1,39,UnChecked,0,1
c2ac95c94969168bb7ca3691330924b99d8c2a651fe75a1384c526bad218bfa4, 1,8/27/2026 11:07 AM,8/27/2026 11:09 AM,,1,MC,,"What is the answer to life, the universe, and everything?",False,1,40,Checked,0,1
c2ac95c94969168bb7ca3691330924b99d8c2a651fe75a1384c526bad218bfa4, 1,8/27/2026 11:07 AM,8/27/2026 11:09 AM,,1,MC,,"What is the answer to life, the universe, and everything?",False,1,41,UnChecked,0,1
c2ac95c94969168bb7ca3691330924b99d8c2a651fe75a1384c526bad218bfa4, 1,8/27/2026 11:07 AM,8/27/2026 11:09 AM,,2,MC,,"If you choose the answer to this question at random, what is the chance you will be correct?",False,1,25%,Checked,0,1
c2ac95c94969168bb7ca3691330924b99d8c2a651fe75a1384c526bad218bfa4, 1,8/27/2026 11:07 AM,8/27/2026 11:09 AM,,2,MC,,"If you choose the answer to this question at random, what is the chance you will be correct?",False,1,50%,UnChecked,0,1
c2ac95c94969168bb7ca3691330924b99d8c2a651fe75a1384c526bad218bfa4, 1,8/27/2026 11:07 AM,8/27/2026 11:09 AM,,2,MC,,"If you choose the answer to this question at random, what is the chance you will be correct?",False,1,60%,UnChecked,0,1
c2ac95c94969168bb7ca3691330924b99d8c2a651fe75a1384c526bad218bfa4, 1,8/27/2026 11:07 AM,8/27/2026 11:09 AM,,2,MC,,"If you choose the answer to this question at random, what is the chance you will be correct?",False,1,25%,UnChecked,0,1
c2ac95c94969168bb7ca3691330924b99d8c2a651fe75a1384c526bad218bfa4, 1,8/27/2026 11:07 AM,8/27/2026 11:09 AM,,3,T/F,,"Should the word ""Abbreviation"" be shorter?",False,1,True,Checked,1,1
c2ac95c94969168bb7ca3691330924b99d8c2a651fe75a1384c526bad218bfa4, 1,8/27/2026 11:07 AM,8/27/2026 11:09 AM,,3,T/F,,"Should the word ""Abbreviation"" be shorter?",False,1,False,UnChecked,1,1
c2ac95c94969168bb7ca3691330924b99d8c2a651fe75a1384c526bad218bfa4, 1,8/27/2026 11:07 AM,8/27/2026 11:09 AM,,4,MC,,How many letters are in the alphabet?,False,1,11,UnChecked,0,1
c2ac95c94969168bb7ca3691330924b99d8c2a651fe75a1384c526bad218bfa4, 1,8/27/2026 11:07 AM,8/27/2026 11:09 AM,,4,MC,,How many letters are in the alphabet?,False,1,7,UnChecked,0,1
c2ac95c94969168bb7ca3691330924b99d8c2a651fe75a1384c526bad218bfa4, 1,8/27/2026 11:07 AM,8/27/2026 11:09 AM,,4,MC,,How many letters are in the alphabet?,False,1,26,Checked,0,1
c2ac95c94969168bb7ca3691330924b99d8c2a651fe75a1384c526bad218bfa4, 1,8/27/2026 11:07 AM,8/27/2026 11:09 AM,,4,MC,,How many letters are in the alphabet?,False,1,11010,UnChecked,0,1
c2ac95c94969168bb7ca3691330924b99d8c2a651fe75a1384c526bad218bfa4, 1,8/27/2026 11:07 AM,8/27/2026 11:09 AM,,5,MC,,"If you take a ship and replaced all of the parts until none of the original parts of this ship are a part of the ship, what happens?",False,1,Disney sues you,Checked,0,1
c2ac95c94969168bb7ca3691330924b99d8c2a651fe75a1384c526bad218bfa4, 1,8/27/2026 11:07 AM,8/27/2026 11:09 AM,,5,MC,,"If you take a ship and replaced all of the parts until none of the original parts of this ship are a part of the ship, what happens?",False,1,Paul Bettany joins you,UnChecked,0,1
c2ac95c94969168bb7ca3691330924b99d8c2a651fe75a1384c526bad218bfa4, 1,8/27/2026 11:07 AM,8/27/2026 11:09 AM,,5,MC,,"If you take a ship and replaced all of the parts until none of the original parts of this ship are a part of the ship, what happens?",False,1,You have two ships,UnChecked,0,1
c2ac95c94969168bb7ca3691330924b99d8c2a651fe75a1384c526bad218bfa4, 1,8/27/2026 11:07 AM,8/27/2026 11:09 AM,,6,T/F,,Something can be both New and Improved,False,1,True,Checked,0,1
c2ac95c94969168bb7ca3691330924b99d8c2a651fe75a1384c526bad218bfa4, 1,8/27/2026 11:07 AM,8/27/2026 11:09 AM,,6,T/F,,Something can be both New and Improved,False,1,False,UnChecked,0,1
c2ac95c94969168bb7ca3691330924b99d8c2a651fe75a1384c526bad218bfa4, 1,8/27/2026 11:07 AM,8/27/2026 11:09 AM,,7,FIB,,"My bologna has a first name, it's _______ my bologna has a second name, it's _______ ",False,1,Answer for blank # 1,steve,0,1
c2ac95c94969168bb7ca3691330924b99d8c2a651fe75a1384c526bad218bfa4, 1,8/27/2026 11:07 AM,8/27/2026 11:09 AM,,7,FIB,,"My bologna has a first name, it's _______ my bologna has a second name, it's _______ ",False,1,Answer for blank # 2,jeff,0,1
c2ac95c94969168bb7ca3691330924b99d8c2a651fe75a1384c526bad218bfa4, 1,8/27/2026 11:07 AM,8/27/2026 11:09 AM,,8,MC,,Is your answer to this question 'no'?,False,1,yes,Checked,1,1
c2ac95c94969168bb7ca3691330924b99d8c2a651fe75a1384c526bad218bfa4, 1,8/27/2026 11:07 AM,8/27/2026 11:09 AM,,8,MC,,Is your answer to this question 'no'?,False,1,no,UnChecked,1,1
c2ac95c94969168bb7ca3691330924b99d8c2a651fe75a1384c526bad218bfa4, 1,8/27/2026 11:07 AM,8/27/2026 11:09 AM,,9,MC,,"In the word ""scent"", which letter is silent?",False,1,s,UnChecked,0,1
c2ac95c94969168bb7ca3691330924b99d8c2a651fe75a1384c526bad218bfa4, 1,8/27/2026 11:07 AM,8/27/2026 11:09 AM,,9,MC,,"In the word ""scent"", which letter is silent?",False,1,c,Checked,0,1
c2ac95c94969168bb7ca3691330924b99d8c2a651fe75a1384c526bad218bfa4, 1,8/27/2026 11:07 AM,8/27/2026 11:09 AM,,9,MC,,"In the word ""scent"", which letter is silent?",False,1,a,UnChecked,0,1
c2ac95c94969168bb7ca3691330924b99d8c2a651fe75a1384c526bad218bfa4, 1,8/27/2026 11:07 AM,8/27/2026 11:09 AM,,9,MC,,"In the word ""scent"", which letter is silent?",False,1,p,UnChecked,0,1
c2ac95c94969168bb7ca3691330924b99d8c2a651fe75a1384c526bad218bfa4, 1,8/27/2026 11:07 AM,8/27/2026 11:09 AM,,10,MC,,"If revenge is a dish best served cold, and revenge is sweet, then revenge is:",False,1,coca cola,UnChecked,1,1
c2ac95c94969168bb7ca3691330924b99d8c2a651fe75a1384c526bad218bfa4, 1,8/27/2026 11:07 AM,8/27/2026 11:09 AM,,10,MC,,"If revenge is a dish best served cold, and revenge is sweet, then revenge is:",False,1,ice cream,Checked,1,1
c2ac95c94969168bb7ca3691330924b99d8c2a651fe75a1384c526bad218bfa4, 1,8/27/2026 11:07 AM,8/27/2026 11:09 AM,,10,MC,,"If revenge is a dish best served cold, and revenge is sweet, then revenge is:",False,1,a popsicle,UnChecked,1,1
c2ac95c94969168bb7ca3691330924b99d8c2a651fe75a1384c526bad218bfa4, 1,8/27/2026 11:07 AM,8/27/2026 11:09 AM,,10,MC,,"If revenge is a dish best served cold, and revenge is sweet, then revenge is:",False,1,frozen yogurt,UnChecked,1,1
826d7867bc225b710dff4409e095a31540893d62fe00f24f0df27856978f345b, 1,8/27/2026 11:07 AM,8/27/2026 11:10 AM,,1,MC,,"What is the answer to life, the universe, and everything?",False,1,38,UnChecked,0,1
826d7867bc225b710dff4409e095a31540893d62fe00f24f0df27856978f345b, 1,8/27/2026 11:07 AM,8/27/2026 11:10 AM,,1,MC,,"What is the answer to life, the universe, and everything?",False,1,39,UnChecked,0,1
826d7867bc225b710dff4409e095a31540893d62fe00f24f0df27856978f345b, 1,8/27/2026 11:07 AM,8/27/2026 11:10 AM,,1,MC,,"What is the answer to life, the universe, and everything?",False,1,40,UnChecked,0,1
826d7867bc225b710dff4409e095a31540893d62fe00f24f0df27856978f345b, 1,8/27/2026 11:07 AM,8/27/2026 11:10 AM,,1,MC,,"What is the answer to life, the universe, and everything?",False,1,41,Checked,0,1
826d7867bc225b710dff4409e095a31540893d62fe00f24f0df27856978f345b, 1,8/27/2026 11:07 AM,8/27/2026 11:10 AM,,2,MC,,"If you choose the answer to this question at random, what is the chance you will be correct?",False,1,25%,Checked,0,1
826d7867bc225b710dff4409e095a31540893d62fe00f24f0df27856978f345b, 1,8/27/2026 11:07 AM,8/27/2026 11:10 AM,,2,MC,,"If you choose the answer to this question at random, what is the chance you will be correct?",False,1,50%,UnChecked,0,1
826d7867bc225b710dff4409e095a31540893d62fe00f24f0df27856978f345b, 1,8/27/2026 11:07 AM,8/27/2026 11:10 AM,,2,MC,,"If you choose the answer to this question at random, what is the chance you will be correct?",False,1,60%,UnChecked,0,1
826d7867bc225b710dff4409e095a31540893d62fe00f24f0df27856978f345b, 1,8/27/2026 11:07 AM,8/27/2026 11:10 AM,,2,MC,,"If you choose the answer to this question at random, what is the chance you will be correct?",False,1,25%,UnChecked,0,1
826d7867bc225b710dff4409e095a31540893d62fe00f24f0df27856978f345b, 1,8/27/2026 11:07 AM,8/27/2026 11:10 AM,,3,T/F,,"Should the word ""Abbreviation"" be shorter?",False,1,True,Checked,1,1
826d7867bc225b710dff4409e095a31540893d62fe00f24f0df27856978f345b, 1,8/27/2026 11:07 AM,8/27/2026 11:10 AM,,3,T/F,,"Should the word ""Abbreviation"" be shorter?",False,1,False,UnChecked,1,1
826d7867bc225b710dff4409e095a31540893d62fe00f24f0df27856978f345b, 1,8/27/2026 11:07 AM,8/27/2026 11:10 AM,,4,MC,,How many letters are in the alphabet?,False,1,11,UnChecked,0,1
826d7867bc225b710dff4409e095a31540893d62fe00f24f0df27856978f345b, 1,8/27/2026 11:07 AM,8/27/2026 11:10 AM,,4,MC,,How many letters are in the alphabet?,False,1,7,UnChecked,0,1
826d7867bc225b710dff4409e095a31540893d62fe00f24f0df27856978f345b, 1,8/27/2026 11:07 AM,8/27/2026 11:10 AM,,4,MC,,How many letters are in the alphabet?,False,1,26,UnChecked,0,1
826d7867bc225b710dff4409e095a31540893d62fe00f24f0df27856978f345b, 1,8/27/2026 11:07 AM,8/27/2026 11:10 AM,,4,MC,,How many letters are in the alphabet?,False,1,11010,Checked,0,1
826d7867bc225b710dff4409e095a31540893d62fe00f24f0df27856978f345b, 1,8/27/2026 11:07 AM,8/27/2026 11:10 AM,,5,MC,,"If you take a ship and replaced all of the parts until none of the original parts of this ship are a part of the ship, what happens?",False,1,Disney sues you,UnChecked,1,1
826d7867bc225b710dff4409e095a31540893d62fe00f24f0df27856978f345b, 1,8/27/2026 11:07 AM,8/27/2026 11:10 AM,,5,MC,,"If you take a ship and replaced all of the parts until none of the original parts of this ship are a part of the ship, what happens?",False,1,Paul Bettany joins you,UnChecked,1,1
826d7867bc225b710dff4409e095a31540893d62fe00f24f0df27856978f345b, 1,8/27/2026 11:07 AM,8/27/2026 11:10 AM,,5,MC,,"If you take a ship and replaced all of the parts until none of the original parts of this ship are a part of the ship, what happens?",False,1,You have two ships,Checked,1,1
826d7867bc225b710dff4409e095a31540893d62fe00f24f0df27856978f345b, 1,8/27/2026 11:07 AM,8/27/2026 11:10 AM,,6,T/F,,Something can be both New and Improved,False,1,True,UnChecked,1,1
826d7867bc225b710dff4409e095a31540893d62fe00f24f0df27856978f345b, 1,8/27/2026 11:07 AM,8/27/2026 11:10 AM,,6,T/F,,Something can be both New and Improved,False,1,False,Checked,1,1
826d7867bc225b710dff4409e095a31540893d62fe00f24f0df27856978f345b, 1,8/27/2026 11:07 AM,8/27/2026 11:10 AM,,7,FIB,,"My bologna has a first name, it's _______ my bologna has a second name, it's _______ ",False,1,Answer for blank # 1,Matthew Kijowski,0,1
826d7867bc225b710dff4409e095a31540893d62fe00f24f0df27856978f345b, 1,8/27/2026 11:07 AM,8/27/2026 11:10 AM,,7,FIB,,"My bologna has a first name, it's _______ my bologna has a second name, it's _______ ",False,1,Answer for blank # 2,Kayleigh Duncan,0,1
826d7867bc225b710dff4409e095a31540893d62fe00f24f0df27856978f345b, 1,8/27/2026 11:07 AM,8/27/2026 11:10 AM,,8,MC,,Is your answer to this question 'no'?,False,1,yes,Checked,1,1
826d7867bc225b710dff4409e095a31540893d62fe00f24f0df27856978f345b, 1,8/27/2026 11:07 AM,8/27/2026 11:10 AM,,8,MC,,Is your answer to this question 'no'?,False,1,no,UnChecked,1,1
826d7867bc225b710dff4409e095a31540893d62fe00f24f0df27856978f345b, 1,8/27/2026 11:07 AM,8/27/2026 11:10 AM,,9,MC,,"In the word ""scent"", which letter is silent?",False,1,s,UnChecked,0,1
826d7867bc225b710dff4409e095a31540893d62fe00f24f0df27856978f345b, 1,8/27/2026 11:07 AM,8/27/2026 11:10 AM,,9,MC,,"In the word ""scent"", which letter is silent?",False,1,c,Checked,0,1
826d7867bc225b710dff4409e095a31540893d62fe00f24f0df27856978f345b, 1,8/27/2026 11:07 AM,8/27/2026 11:10 AM,,9,MC,,"In the word ""scent"", which letter is silent?",False,1,a,UnChecked,0,1
826d7867bc225b710dff4409e095a31540893d62fe00f24f0df27856978f345b, 1,8/27/2026 11:07 AM,8/27/2026 11:10 AM,,9,MC,,"In the word ""scent"", which letter is silent?",False,1,p,UnChecked,0,1
826d7867bc225b710dff4409e095a31540893d62fe00f24f0df27856978f345b, 1,8/27/2026 11:07 AM,8/27/2026 11:10 AM,,10,MC,,"If revenge is a dish best served cold, and revenge is sweet, then revenge is:",False,1,frozen yogurt,Checked,0,1
826d7867bc225b710dff4409e095a31540893d62fe00f24f0df27856978f345b, 1,8/27/2026 11:07 AM,8/27/2026 11:10 AM,,10,MC,,"If revenge is a dish best served cold, and revenge is sweet, then revenge is:",False,1,ice cream,UnChecked,0,1
826d7867bc225b710dff4409e095a31540893d62fe00f24f0df27856978f345b, 1,8/27/2026 11:07 AM,8/27/2026 11:10 AM,,10,MC,,"If revenge is a dish best served cold, and revenge is sweet, then revenge is:",False,1,a popsicle,UnChecked,0,1
826d7867bc225b710dff4409e095a31540893d62fe00f24f0df27856978f345b, 1,8/27/2026 11:07 AM,8/27/2026 11:10 AM,,10,MC,,"If revenge is a dish best served cold, and revenge is sweet, then revenge is:",False,1,coca cola,UnChecked,0,1
1f3e923ca00bb295b86bafac39db05b22b1f1df2f24f0e78d3d23f2ad0f3fc3d, 1,8/27/2026 11:07 AM,8/27/2026 11:10 AM,,1,MC,,"What is the answer to life, the universe, and everything?",False,1,38,UnChecked,0,1
1f3e923ca00bb295b86bafac39db05b22b1f1df2f24f0e78d3d23f2ad0f3fc3d, 1,8/27/2026 11:07 AM,8/27/2026 11:10 AM,,1,MC,,"What is the answer to life, the universe, and everything?",False,1,39,UnChecked,0,1
1f3e923ca00bb295b86bafac39db05b22b1f1df2f24f0e78d3d23f2ad0f3fc3d, 1,8/27/2026 11:07 AM,8/27/2026 11:10 AM,,1,MC,,"What is the answer to life, the universe, and everything?",False,1,40,UnChecked,0,1
1f3e923ca00bb295b86bafac39db05b22b1f1df2f24f0e78d3d23f2ad0f3fc3d, 1,8/27/2026 11:07 AM,8/27/2026 11:10 AM,,1,MC,,"What is the answer to life, the universe, and everything?",False,1,41,Checked,0,1
1f3e923ca00bb295b86bafac39db05b22b1f1df2f24f0e78d3d23f2ad0f3fc3d, 1,8/27/2026 11:07 AM,8/27/2026 11:10 AM,,2,MC,,"If you choose the answer to this question at random, what is the chance you will be correct?",False,1,25%,UnChecked,0,1
1f3e923ca00bb295b86bafac39db05b22b1f1df2f24f0e78d3d23f2ad0f3fc3d, 1,8/27/2026 11:07 AM,8/27/2026 11:10 AM,,2,MC,,"If you choose the answer to this question at random, what is the chance you will be correct?",False,1,50%,Checked,0,1
1f3e923ca00bb295b86bafac39db05b22b1f1df2f24f0e78d3d23f2ad0f3fc3d, 1,8/27/2026 11:07 AM,8/27/2026 11:10 AM,,2,MC,,"If you choose the answer to this question at random, what is the chance you will be correct?",False,1,60%,UnChecked,0,1
1f3e923ca00bb295b86bafac39db05b22b1f1df2f24f0e78d3d23f2ad0f3fc3d, 1,8/27/2026 11:07 AM,8/27/2026 11:10 AM,,2,MC,,"If you choose the answer to this question at random, what is the chance you will be correct?",False,1,25%,UnChecked,0,1
1f3e923ca00bb295b86bafac39db05b22b1f1df2f24f0e78d3d23f2ad0f3fc3d, 1,8/27/2026 11:07 AM,8/27/2026 11:10 AM,,3,T/F,,"Should the word ""Abbreviation"" be shorter?",False,1,True,Checked,1,1
1f3e923ca00bb295b86bafac39db05b22b1f1df2f24f0e78d3d23f2ad0f3fc3d, 1,8/27/2026 11:07 AM,8/27/2026 11:10 AM,,3,T/F,,"Should the word ""Abbreviation"" be shorter?",False,1,False,UnChecked,1,1
1f3e923ca00bb295b86bafac39db05b22b1f1df2f24f0e78d3d23f2ad0f3fc3d, 1,8/27/2026 11:07 AM,8/27/2026 11:10 AM,,4,MC,,How many letters are in the alphabet?,False,1,11,UnChecked,0,1
1f3e923ca00bb295b86bafac39db05b22b1f1df2f24f0e78d3d23f2ad0f3fc3d, 1,8/27/2026 11:07 AM,8/27/2026 11:10 AM,,4,MC,,How many letters are in the alphabet?,False,1,7,UnChecked,0,1
1f3e923ca00bb295b86bafac39db05b22b1f1df2f24f0e78d3d23f2ad0f3fc3d, 1,8/27/2026 11:07 AM,8/27/2026 11:10 AM,,4,MC,,How many letters are in the alphabet?,False,1,26,Checked,0,1
1f3e923ca00bb295b86bafac39db05b22b1f1df2f24f0e78d3d23f2ad0f3fc3d, 1,8/27/2026 11:07 AM,8/27/2026 11:10 AM,,4,MC,,How many letters are in the alphabet?,False,1,11010,UnChecked,0,1
1f3e923ca00bb295b86bafac39db05b22b1f1df2f24f0e78d3d23f2ad0f3fc3d, 1,8/27/2026 11:07 AM,8/27/2026 11:10 AM,,5,MC,,"If you take a ship and replaced all of the parts until none of the original parts of this ship are a part of the ship, what happens?",False,1,Disney sues you,UnChecked,1,1
1f3e923ca00bb295b86bafac39db05b22b1f1df2f24f0e78d3d23f2ad0f3fc3d, 1,8/27/2026 11:07 AM,8/27/2026 11:10 AM,,5,MC,,"If you take a ship and replaced all of the parts until none of the original parts of this ship are a part of the ship, what happens?",False,1,Paul Bettany joins you,UnChecked,1,1
1f3e923ca00bb295b86bafac39db05b22b1f1df2f24f0e78d3d23f2ad0f3fc3d, 1,8/27/2026 11:07 AM,8/27/2026 11:10 AM,,5,MC,,"If you take a ship and replaced all of the parts until none of the original parts of this ship are a part of the ship, what happens?",False,1,You have two ships,Checked,1,1
1f3e923ca00bb295b86bafac39db05b22b1f1df2f24f0e78d3d23f2ad0f3fc3d, 1,8/27/2026 11:07 AM,8/27/2026 11:10 AM,,6,T/F,,Something can be both New and Improved,False,1,True,Checked,0,1
1f3e923ca00bb295b86bafac39db05b22b1f1df2f24f0e78d3d23f2ad0f3fc3d, 1,8/27/2026 11:07 AM,8/27/2026 11:10 AM,,6,T/F,,Something can be both New and Improved,False,1,False,UnChecked,0,1
1f3e923ca00bb295b86bafac39db05b22b1f1df2f24f0e78d3d23f2ad0f3fc3d, 1,8/27/2026 11:07 AM,8/27/2026 11:10 AM,,7,FIB,,"My bologna has a first name, it's _______ my bologna has a second name, it's _______ ",False,1,Answer for blank # 1,Porky,0,1
1f3e923ca00bb295b86bafac39db05b22b1f1df2f24f0e78d3d23f2ad0f3fc3d, 1,8/27/2026 11:07 AM,8/27/2026 11:10 AM,,7,FIB,,"My bologna has a first name, it's _______ my bologna has a second name, it's _______ ",False,1,Answer for blank # 2,Pig,0,1
1f3e923ca00bb295b86bafac39db05b22b1f1df2f24f0e78d3d23f2ad0f3fc3d, 1,8/27/2026 11:07 AM,8/27/2026 11:10 AM,,8,MC,,Is your answer to this question 'no'?,False,1,yes,Checked,1,1
1f3e923ca00bb295b86bafac39db05b22b1f1df2f24f0e78d3d23f2ad0f3fc3d, 1,8/27/2026 11:07 AM,8/27/2026 11:10 AM,,8,MC,,Is your answer to this question 'no'?,False,1,no,UnChecked,1,1
1f3e923ca00bb295b86bafac39db05b22b1f1df2f24f0e78d3d23f2ad0f3fc3d, 1,8/27/2026 11:07 AM,8/27/2026 11:10 AM,,9,MC,,"In the word ""scent"", which letter is silent?",False,1,s,Checked,0,1
1f3e923ca00bb295b86bafac39db05b22b1f1df2f24f0e78d3d23f2ad0f3fc3d, 1,8/27/2026 11:07 AM,8/27/2026 11:10 AM,,9,MC,,"In the word ""scent"", which letter is silent?",False,1,c,UnChecked,0,1
1f3e923ca00bb295b86bafac39db05b22b1f1df2f24f0e78d3d23f2ad0f3fc3d, 1,8/27/2026 11:07 AM,8/27/2026 11:10 AM,,9,MC,,"In the word ""scent"", which letter is silent?",False,1,a,UnChecked,0,1
1f3e923ca00bb295b86bafac39db05b22b1f1df2f24f0e78d3d23f2ad0f3fc3d, 1,8/27/2026 11:07 AM,8/27/2026 11:10 AM,,9,MC,,"In the word ""scent"", which letter is silent?",False,1,p,UnChecked,0,1
1f3e923ca00bb295b86bafac39db05b22b1f1df2f24f0e78d3d23f2ad0f3fc3d, 1,8/27/2026 11:07 AM,8/27/2026 11:10 AM,,10,MC,,"If revenge is a dish best served cold, and revenge is sweet, then revenge is:",False,1,coca cola,UnChecked,1,1
1f3e923ca00bb295b86bafac39db05b22b1f1df2f24f0e78d3d23f2ad0f3fc3d, 1,8/27/2026 11:07 AM,8/27/2026 11:10 AM,,10,MC,,"If revenge is a dish best served cold, and revenge is sweet, then revenge is:",False,1,ice cream,Checked,1,1
1f3e923ca00bb295b86bafac39db05b22b1f1df2f24f0e78d3d23f2ad0f3fc3d, 1,8/27/2026 11:07 AM,8/27/2026 11:10 AM,,10,MC,,"If revenge is a dish best served cold, and revenge is sweet, then revenge is:",False,1,frozen yogurt,UnChecked,1,1
1f3e923ca00bb295b86bafac39db05b22b1f1df2f24f0e78d3d23f2ad0f3fc3d, 1,8/27/2026 11:07 AM,8/27/2026 11:10 AM,,10,MC,,"If revenge is a dish best served cold, and revenge is sweet, then revenge is:",False,1,a popsicle,UnChecked,1,1
74125542c439c8e58e17fc8d7a41c877b9c06978bb0d8b2cf514fb80d24b4c6c, 1,8/27/2026 11:07 AM,8/27/2026 11:09 AM,,1,MC,,"What is the answer to life, the universe, and everything?",False,1,38,UnChecked,0,1
74125542c439c8e58e17fc8d7a41c877b9c06978bb0d8b2cf514fb80d24b4c6c, 1,8/27/2026 11:07 AM,8/27/2026 11:09 AM,,1,MC,,"What is the answer to life, the universe, and everything?",False,1,39,UnChecked,0,1
74125542c439c8e58e17fc8d7a41c877b9c06978bb0d8b2cf514fb80d24b4c6c, 1,8/27/2026 11:07 AM,8/27/2026 11:09 AM,,1,MC,,"What is the answer to life, the universe, and everything?",False,1,40,UnChecked,0,1
74125542c439c8e58e17fc8d7a41c877b9c06978bb0d8b2cf514fb80d24b4c6c, 1,8/27/2026 11:07 AM,8/27/2026 11:09 AM,,1,MC,,"What is the answer to life, the universe, and everything?",False,1,41,Checked,0,1
74125542c439c8e58e17fc8d7a41c877b9c06978bb0d8b2cf514fb80d24b4c6c, 1,8/27/2026 11:07 AM,8/27/2026 11:09 AM,,2,MC,,"If you choose the answer to this question at random, what is the chance you will be correct?",False,1,25%,Checked,0,1
74125542c439c8e58e17fc8d7a41c877b9c06978bb0d8b2cf514fb80d24b4c6c, 1,8/27/2026 11:07 AM,8/27/2026 11:09 AM,,2,MC,,"If you choose the answer to this question at random, what is the chance you will be correct?",False,1,50%,UnChecked,0,1
74125542c439c8e58e17fc8d7a41c877b9c06978bb0d8b2cf514fb80d24b4c6c, 1,8/27/2026 11:07 AM,8/27/2026 11:09 AM,,2,MC,,"If you choose the answer to this question at random, what is the chance you will be correct?",False,1,60%,UnChecked,0,1
74125542c439c8e58e17fc8d7a41c877b9c06978bb0d8b2cf514fb80d24b4c6c, 1,8/27/2026 11:07 AM,8/27/2026 11:09 AM,,2,MC,,"If you choose the answer to this question at random, what is the chance you will be correct?",False,1,25%,UnChecked,0,1
74125542c439c8e58e17fc8d7a41c877b9c06978bb0d8b2cf514fb80d24b4c6c, 1,8/27/2026 11:07 AM,8/27/2026 11:09 AM,,3,T/F,,"Should the word ""Abbreviation"" be shorter?",False,1,True,UnChecked,0,1
74125542c439c8e58e17fc8d7a41c877b9c06978bb0d8b2cf514fb80d24b4c6c, 1,8/27/2026 11:07 AM,8/27/2026 11:09 AM,,3,T/F,,"Should the word ""Abbreviation"" be shorter?",False,1,False,Checked,0,1
74125542c439c8e58e17fc8d7a41c877b9c06978bb0d8b2cf514fb80d24b4c6c, 1,8/27/2026 11:07 AM,8/27/2026 11:09 AM,,4,MC,,How many letters are in the alphabet?,False,1,11,UnChecked,0,1
74125542c439c8e58e17fc8d7a41c877b9c06978bb0d8b2cf514fb80d24b4c6c, 1,8/27/2026 11:07 AM,8/27/2026 11:09 AM,,4,MC,,How many letters are in the alphabet?,False,1,7,UnChecked,0,1
74125542c439c8e58e17fc8d7a41c877b9c06978bb0d8b2cf514fb80d24b4c6c, 1,8/27/2026 11:07 AM,8/27/2026 11:09 AM,,4,MC,,How many letters are in the alphabet?,False,1,26,Checked,0,1
74125542c439c8e58e17fc8d7a41c877b9c06978bb0d8b2cf514fb80d24b4c6c, 1,8/27/2026 11:07 AM,8/27/2026 11:09 AM,,4,MC,,How many letters are in the alphabet?,False,1,11010,UnChecked,0,1
74125542c439c8e58e17fc8d7a41c877b9c06978bb0d8b2cf514fb80d24b4c6c, 1,8/27/2026 11:07 AM,8/27/2026 11:09 AM,,5,MC,,"If you take a ship and replaced all of the parts until none of the original parts of this ship are a part of the ship, what happens?",False,1,Disney sues you,UnChecked,1,1
74125542c439c8e58e17fc8d7a41c877b9c06978bb0d8b2cf514fb80d24b4c6c, 1,8/27/2026 11:07 AM,8/27/2026 11:09 AM,,5,MC,,"If you take a ship and replaced all of the parts until none of the original parts of this ship are a part of the ship, what happens?",False,1,Paul Bettany joins you,UnChecked,1,1
74125542c439c8e58e17fc8d7a41c877b9c06978bb0d8b2cf514fb80d24b4c6c, 1,8/27/2026 11:07 AM,8/27/2026 11:09 AM,,5,MC,,"If you take a ship and replaced all of the parts until none of the original parts of this ship are a part of the ship, what happens?",False,1,You have two ships,Checked,1,1
74125542c439c8e58e17fc8d7a41c877b9c06978bb0d8b2cf514fb80d24b4c6c, 1,8/27/2026 11:07 AM,8/27/2026 11:09 AM,,6,T/F,,Something can be both New and Improved,False,1,True,Checked,0,1
74125542c439c8e58e17fc8d7a41c877b9c06978bb0d8b2cf514fb80d24b4c6c, 1,8/27/2026 11:07 AM,8/27/2026 11:09 AM,,6,T/F,,Something can be both New and Improved,False,1,False,UnChecked,0,1
74125542c439c8e58e17fc8d7a41c877b9c06978bb0d8b2cf514fb80d24b4c6c, 1,8/27/2026 11:07 AM,8/27/2026 11:09 AM,,7,FIB,,"My bologna has a first name, it's _______ my bologna has a second name, it's _______ ",False,1,Answer for blank # 1,bologna,0,1
74125542c439c8e58e17fc8d7a41c877b9c06978bb0d8b2cf514fb80d24b4c6c, 1,8/27/2026 11:07 AM,8/27/2026 11:09 AM,,7,FIB,,"My bologna has a first name, it's _______ my bologna has a second name, it's _______ ",False,1,Answer for blank # 2,bologna bologna,0,1
74125542c439c8e58e17fc8d7a41c877b9c06978bb0d8b2cf514fb80d24b4c6c, 1,8/27/2026 11:07 AM,8/27/2026 11:09 AM,,8,MC,,Is your answer to this question 'no'?,False,1,yes,Checked,1,1
74125542c439c8e58e17fc8d7a41c877b9c06978bb0d8b2cf514fb80d24b4c6c, 1,8/27/2026 11:07 AM,8/27/2026 11:09 AM,,8,MC,,Is your answer to this question 'no'?,False,1,no,UnChecked,1,1
74125542c439c8e58e17fc8d7a41c877b9c06978bb0d8b2cf514fb80d24b4c6c, 1,8/27/2026 11:07 AM,8/27/2026 11:09 AM,,9,MC,,"In the word ""scent"", which letter is silent?",False,1,s,UnChecked,0,1
74125542c439c8e58e17fc8d7a41c877b9c06978bb0d8b2cf514fb80d24b4c6c, 1,8/27/2026 11:07 AM,8/27/2026 11:09 AM,,9,MC,,"In the word ""scent"", which letter is silent?",False,1,c,Checked,0,1
74125542c439c8e58e17fc8d7a41c877b9c06978bb0d8b2cf514fb80d24b4c6c, 1,8/27/2026 11:07 AM,8/27/2026 11:09 AM,,9,MC,,"In the word ""scent"", which letter is silent?",False,1,a,UnChecked,0,1
74125542c439c8e58e17fc8d7a41c877b9c06978bb0d8b2cf514fb80d24b4c6c, 1,8/27/2026 11:07 AM,8/27/2026 11:09 AM,,9,MC,,"In the word ""scent"", which letter is silent?",False,1,p,UnChecked,0,1
74125542c439c8e58e17fc8d7a41c877b9c06978bb0d8b2cf514fb80d24b4c6c, 1,8/27/2026 11:07 AM,8/27/2026 11:09 AM,,10,MC,,"If revenge is a dish best served cold, and revenge is sweet, then revenge is:",False,1,coca cola,UnChecked,0,1
74125542c439c8e58e17fc8d7a41c877b9c06978bb0d8b2cf514fb80d24b4c6c, 1,8/27/2026 11:07 AM,8/27/2026 11:09 AM,,10,MC,,"If revenge is a dish best served cold, and revenge is sweet, then revenge is:",False,1,frozen yogurt,UnChecked,0,1
74125542c439c8e58e17fc8d7a41c877b9c06978bb0d8b2cf514fb80d24b4c6c, 1,8/27/2026 11:07 AM,8/27/2026 11:09 AM,,10,MC,,"If revenge is a dish best served cold, and revenge is sweet, then revenge is:",False,1,ice cream,UnChecked,0,1
74125542c439c8e58e17fc8d7a41c877b9c06978bb0d8b2cf514fb80d24b4c6c, 1,8/27/2026 11:07 AM,8/27/2026 11:09 AM,,10,MC,,"If revenge is a dish best served cold, and revenge is sweet, then revenge is:",False,1,a popsicle,Checked,0,1
ff370b30fd36bdc774087da20fce08077669fef100ffb5a9e870e1db74fb070f, 1,8/27/2026 11:07 AM,8/27/2026 11:13 AM,,1,MC,,"What is the answer to life, the universe, and everything?",False,1,38,UnChecked,1,1
ff370b30fd36bdc774087da20fce08077669fef100ffb5a9e870e1db74fb070f, 1,8/27/2026 11:07 AM,8/27/2026 11:13 AM,,1,MC,,"What is the answer to life, the universe, and everything?",False,1,39,Checked,1,1
ff370b30fd36bdc774087da20fce08077669fef100ffb5a9e870e1db74fb070f, 1,8/27/2026 11:07 AM,8/27/2026 11:13 AM,,1,MC,,"What is the answer to life, the universe, and everything?",False,1,40,UnChecked,1,1
ff370b30fd36bdc774087da20fce08077669fef100ffb5a9e870e1db74fb070f, 1,8/27/2026 11:07 AM,8/27/2026 11:13 AM,,1,MC,,"What is the answer to life, the universe, and everything?",False,1,41,UnChecked,1,1
ff370b30fd36bdc774087da20fce08077669fef100ffb5a9e870e1db74fb070f, 1,8/27/2026 11:07 AM,8/27/2026 11:13 AM,,2,MC,,"If you choose the answer to this question at random, what is the chance you will be correct?",False,1,25%,Checked,0,1
ff370b30fd36bdc774087da20fce08077669fef100ffb5a9e870e1db74fb070f, 1,8/27/2026 11:07 AM,8/27/2026 11:13 AM,,2,MC,,"If you choose the answer to this question at random, what is the chance you will be correct?",False,1,50%,UnChecked,0,1
ff370b30fd36bdc774087da20fce08077669fef100ffb5a9e870e1db74fb070f, 1,8/27/2026 11:07 AM,8/27/2026 11:13 AM,,2,MC,,"If you choose the answer to this question at random, what is the chance you will be correct?",False,1,60%,UnChecked,0,1
ff370b30fd36bdc774087da20fce08077669fef100ffb5a9e870e1db74fb070f, 1,8/27/2026 11:07 AM,8/27/2026 11:13 AM,,2,MC,,"If you choose the answer to this question at random, what is the chance you will be correct?",False,1,25%,UnChecked,0,1
ff370b30fd36bdc774087da20fce08077669fef100ffb5a9e870e1db74fb070f, 1,8/27/2026 11:07 AM,8/27/2026 11:13 AM,,3,T/F,,"Should the word ""Abbreviation"" be shorter?",False,1,True,Checked,1,1
ff370b30fd36bdc774087da20fce08077669fef100ffb5a9e870e1db74fb070f, 1,8/27/2026 11:07 AM,8/27/2026 11:13 AM,,3,T/F,,"Should the word ""Abbreviation"" be shorter?",False,1,False,UnChecked,1,1
ff370b30fd36bdc774087da20fce08077669fef100ffb5a9e870e1db74fb070f, 1,8/27/2026 11:07 AM,8/27/2026 11:13 AM,,4,MC,,How many letters are in the alphabet?,False,1,11,UnChecked,0,1
ff370b30fd36bdc774087da20fce08077669fef100ffb5a9e870e1db74fb070f, 1,8/27/2026 11:07 AM,8/27/2026 11:13 AM,,4,MC,,How many letters are in the alphabet?,False,1,7,UnChecked,0,1
ff370b30fd36bdc774087da20fce08077669fef100ffb5a9e870e1db74fb070f, 1,8/27/2026 11:07 AM,8/27/2026 11:13 AM,,4,MC,,How many letters are in the alphabet?,False,1,26,Checked,0,1
ff370b30fd36bdc774087da20fce08077669fef100ffb5a9e870e1db74fb070f, 1,8/27/2026 11:07 AM,8/27/2026 11:13 AM,,4,MC,,How many letters are in the alphabet?,False,1,11010,UnChecked,0,1
ff370b30fd36bdc774087da20fce08077669fef100ffb5a9e870e1db74fb070f, 1,8/27/2026 11:07 AM,8/27/2026 11:13 AM,,5,MC,,"If you take a ship and replaced all of the parts until none of the original parts of this ship are a part of the ship, what happens?",False,1,Disney sues you,UnChecked,1,1
ff370b30fd36bdc774087da20fce08077669fef100ffb5a9e870e1db74fb070f, 1,8/27/2026 11:07 AM,8/27/2026 11:13 AM,,5,MC,,"If you take a ship and replaced all of the parts until none of the original parts of this ship are a part of the ship, what happens?",False,1,Paul Bettany joins you,UnChecked,1,1
ff370b30fd36bdc774087da20fce08077669fef100ffb5a9e870e1db74fb070f, 1,8/27/2026 11:07 AM,8/27/2026 11:13 AM,,5,MC,,"If you take a ship and replaced all of the parts until none of the original parts of this ship are a part of the ship, what happens?",False,1,You have two ships,Checked,1,1
ff370b30fd36bdc774087da20fce08077669fef100ffb5a9e870e1db74fb070f, 1,8/27/2026 11:07 AM,8/27/2026 11:13 AM,,6,T/F,,Something can be both New and Improved,False,1,True,Checked,0,1
ff370b30fd36bdc774087da20fce08077669fef100ffb5a9e870e1db74fb070f, 1,8/27/2026 11:07 AM,8/27/2026 11:13 AM,,6,T/F,,Something can be both New and Improved,False,1,False,UnChecked,0,1
ff370b30fd36bdc774087da20fce08077669fef100ffb5a9e870e1db74fb070f, 1,8/27/2026 11:07 AM,8/27/2026 11:13 AM,,7,FIB,,"My bologna has a first name, it's _______ my bologna has a second name, it's _______ ",False,1,Answer for blank # 1,first name,0,1
ff370b30fd36bdc774087da20fce08077669fef100ffb5a9e870e1db74fb070f, 1,8/27/2026 11:07 AM,8/27/2026 11:13 AM,,7,FIB,,"My bologna has a first name, it's _______ my bologna has a second name, it's _______ ",False,1,Answer for blank # 2,second name,0,1
ff370b30fd36bdc774087da20fce08077669fef100ffb5a9e870e1db74fb070f, 1,8/27/2026 11:07 AM,8/27/2026 11:13 AM,,8,MC,,Is your answer to this question 'no'?,False,1,yes,Checked,1,1
ff370b30fd36bdc774087da20fce08077669fef100ffb5a9e870e1db74fb070f, 1,8/27/2026 11:07 AM,8/27/2026 11:13 AM,,8,MC,,Is your answer to this question 'no'?,False,1,no,UnChecked,1,1
ff370b30fd36bdc774087da20fce08077669fef100ffb5a9e870e1db74fb070f, 1,8/27/2026 11:07 AM,8/27/2026 11:13 AM,,9,MC,,"In the word ""scent"", which letter is silent?",False,1,s,UnChecked,0,1
ff370b30fd36bdc774087da20fce08077669fef100ffb5a9e870e1db74fb070f, 1,8/27/2026 11:07 AM,8/27/2026 11:13 AM,,9,MC,,"In the word ""scent"", which letter is silent?",False,1,c,UnChecked,0,1
ff370b30fd36bdc774087da20fce08077669fef100ffb5a9e870e1db74fb070f, 1,8/27/2026 11:07 AM,8/27/2026 11:13 AM,,9,MC,,"In the word ""scent"", which letter is silent?",False,1,a,UnChecked,0,1
ff370b30fd36bdc774087da20fce08077669fef100ffb5a9e870e1db74fb070f, 1,8/27/2026 11:07 AM,8/27/2026 11:13 AM,,9,MC,,"In the word ""scent"", which letter is silent?",False,1,p,Checked,0,1
ff370b30fd36bdc774087da20fce08077669fef100ffb5a9e870e1db74fb070f, 1,8/27/2026 11:07 AM,8/27/2026 11:13 AM,,10,MC,,"If revenge is a dish best served cold, and revenge is sweet, then revenge is:",False,1,frozen yogurt,UnChecked,1,1
ff370b30fd36bdc774087da20fce08077669fef100ffb5a9e870e1db74fb070f, 1,8/27/2026 11:07 AM,8/27/2026 11:13 AM,,10,MC,,"If revenge is a dish best served cold, and revenge is sweet, then revenge is:",False,1,coca cola,UnChecked,1,1
ff370b30fd36bdc774087da20fce08077669fef100ffb5a9e870e1db74fb070f, 1,8/27/2026 11:07 AM,8/27/2026 11:13 AM,,10,MC,,"If revenge is a dish best served cold, and revenge is sweet, then revenge is:",False,1,a popsicle,UnChecked,1,1
ff370b30fd36bdc774087da20fce08077669fef100ffb5a9e870e1db74fb070f, 1,8/27/2026 11:07 AM,8/27/2026 11:13 AM,,10,MC,,"If revenge is a dish best served cold, and revenge is sweet, then revenge is:",False,1,ice cream,Checked,1,1
0ef582ac3778b413f321e8fe2d224026906481bbe863f467a7537c8f7a490047, 1,8/27/2026 11:07 AM,8/27/2026 11:08 AM,,1,MC,,"What is the answer to life, the universe, and everything?",False,1,38,UnChecked,0,1
0ef582ac3778b413f321e8fe2d224026906481bbe863f467a7537c8f7a490047, 1,8/27/2026 11:07 AM,8/27/2026 11:08 AM,,1,MC,,"What is the answer to life, the universe, and everything?",False,1,39,UnChecked,0,1
0ef582ac3778b413f321e8fe2d224026906481bbe863f467a7537c8f7a490047, 1,8/27/2026 11:07 AM,8/27/2026 11:08 AM,,1,MC,,"What is the answer to life, the universe, and everything?",False,1,40,UnChecked,0,1
0ef582ac3778b413f321e8fe2d224026906481bbe863f467a7537c8f7a490047, 1,8/27/2026 11:07 AM,8/27/2026 11:08 AM,,1,MC,,"What is the answer to life, the universe, and everything?",False,1,41,Checked,0,1
0ef582ac3778b413f321e8fe2d224026906481bbe863f467a7537c8f7a490047, 1,8/27/2026 11:07 AM,8/27/2026 11:08 AM,,2,MC,,"If you choose the answer to this question at random, what is the chance you will be correct?",False,1,25%,UnChecked,0,1
0ef582ac3778b413f321e8fe2d224026906481bbe863f467a7537c8f7a490047, 1,8/27/2026 11:07 AM,8/27/2026 11:08 AM,,2,MC,,"If you choose the answer to this question at random, what is the chance you will be correct?",False,1,50%,UnChecked,0,1
0ef582ac3778b413f321e8fe2d224026906481bbe863f467a7537c8f7a490047, 1,8/27/2026 11:07 AM,8/27/2026 11:08 AM,,2,MC,,"If you choose the answer to this question at random, what is the chance you will be correct?",False,1,60%,UnChecked,0,1
0ef582ac3778b413f321e8fe2d224026906481bbe863f467a7537c8f7a490047, 1,8/27/2026 11:07 AM,8/27/2026 11:08 AM,,2,MC,,"If you choose the answer to this question at random, what is the chance you will be correct?",False,1,25%,Checked,0,1
0ef582ac3778b413f321e8fe2d224026906481bbe863f467a7537c8f7a490047, 1,8/27/2026 11:07 AM,8/27/2026 11:08 AM,,3,T/F,,"Should the word ""Abbreviation"" be shorter?",False,1,True,Checked,1,1
0ef582ac3778b413f321e8fe2d224026906481bbe863f467a7537c8f7a490047, 1,8/27/2026 11:07 AM,8/27/2026 11:08 AM,,3,T/F,,"Should the word ""Abbreviation"" be shorter?",False,1,False,UnChecked,1,1
0ef582ac3778b413f321e8fe2d224026906481bbe863f467a7537c8f7a490047, 1,8/27/2026 11:07 AM,8/27/2026 11:08 AM,,4,MC,,How many letters are in the alphabet?,False,1,11,UnChecked,0,1
0ef582ac3778b413f321e8fe2d224026906481bbe863f467a7537c8f7a490047, 1,8/27/2026 11:07 AM,8/27/2026 11:08 AM,,4,MC,,How many letters are in the alphabet?,False,1,7,UnChecked,0,1
0ef582ac3778b413f321e8fe2d224026906481bbe863f467a7537c8f7a490047, 1,8/27/2026 11:07 AM,8/27/2026 11:08 AM,,4,MC,,How many letters are in the alphabet?,False,1,26,UnChecked,0,1
0ef582ac3778b413f321e8fe2d224026906481bbe863f467a7537c8f7a490047, 1,8/27/2026 11:07 AM,8/27/2026 11:08 AM,,4,MC,,How many letters are in the alphabet?,False,1,11010,Checked,0,1
0ef582ac3778b413f321e8fe2d224026906481bbe863f467a7537c8f7a490047, 1,8/27/2026 11:07 AM,8/27/2026 11:08 AM,,5,MC,,"If you take a ship and replaced all of the parts until none of the original parts of this ship are a part of the ship, what happens?",False,1,Disney sues you,Checked,0,1
0ef582ac3778b413f321e8fe2d224026906481bbe863f467a7537c8f7a490047, 1,8/27/2026 11:07 AM,8/27/2026 11:08 AM,,5,MC,,"If you take a ship and replaced all of the parts until none of the original parts of this ship are a part of the ship, what happens?",False,1,Paul Bettany joins you,UnChecked,0,1
0ef582ac3778b413f321e8fe2d224026906481bbe863f467a7537c8f7a490047, 1,8/27/2026 11:07 AM,8/27/2026 11:08 AM,,5,MC,,"If you take a ship and replaced all of the parts until none of the original parts of this ship are a part of the ship, what happens?",False,1,You have two ships,UnChecked,0,1
0ef582ac3778b413f321e8fe2d224026906481bbe863f467a7537c8f7a490047, 1,8/27/2026 11:07 AM,8/27/2026 11:08 AM,,6,T/F,,Something can be both New and Improved,False,1,True,Checked,0,1
0ef582ac3778b413f321e8fe2d224026906481bbe863f467a7537c8f7a490047, 1,8/27/2026 11:07 AM,8/27/2026 11:08 AM,,6,T/F,,Something can be both New and Improved,False,1,False,UnChecked,0,1
0ef582ac3778b413f321e8fe2d224026906481bbe863f467a7537c8f7a490047, 1,8/27/2026 11:07 AM,8/27/2026 11:08 AM,,7,FIB,,"My bologna has a first name, it's _______ my bologna has a second name, it's _______ ",False,1,Answer for blank # 1,angoloB,0,1
0ef582ac3778b413f321e8fe2d224026906481bbe863f467a7537c8f7a490047, 1,8/27/2026 11:07 AM,8/27/2026 11:08 AM,,7,FIB,,"My bologna has a first name, it's _______ my bologna has a second name, it's _______ ",False,1,Answer for blank # 2,Angolob,0,1
0ef582ac3778b413f321e8fe2d224026906481bbe863f467a7537c8f7a490047, 1,8/27/2026 11:07 AM,8/27/2026 11:08 AM,,8,MC,,Is your answer to this question 'no'?,False,1,yes,Checked,1,1
0ef582ac3778b413f321e8fe2d224026906481bbe863f467a7537c8f7a490047, 1,8/27/2026 11:07 AM,8/27/2026 11:08 AM,,8,MC,,Is your answer to this question 'no'?,False,1,no,UnChecked,1,1
0ef582ac3778b413f321e8fe2d224026906481bbe863f467a7537c8f7a490047, 1,8/27/2026 11:07 AM,8/27/2026 11:08 AM,,9,MC,,"In the word ""scent"", which letter is silent?",False,1,s,UnChecked,0,1
0ef582ac3778b413f321e8fe2d224026906481bbe863f467a7537c8f7a490047, 1,8/27/2026 11:07 AM,8/27/2026 11:08 AM,,9,MC,,"In the word ""scent"", which letter is silent?",False,1,c,UnChecked,0,1
0ef582ac3778b413f321e8fe2d224026906481bbe863f467a7537c8f7a490047, 1,8/27/2026 11:07 AM,8/27/2026 11:08 AM,,9,MC,,"In the word ""scent"", which letter is silent?",False,1,a,UnChecked,0,1
0ef582ac3778b413f321e8fe2d224026906481bbe863f467a7537c8f7a490047, 1,8/27/2026 11:07 AM,8/27/2026 11:08 AM,,9,MC,,"In the word ""scent"", which letter is silent?",False,1,p,Checked,0,1
0ef582ac3778b413f321e8fe2d224026906481bbe863f467a7537c8f7a490047, 1,8/27/2026 11:07 AM,8/27/2026 11:08 AM,,10,MC,,"If revenge is a dish best served cold, and revenge is sweet, then revenge is:",False,1,a popsicle,UnChecked,0,1
0ef582ac3778b413f321e8fe2d224026906481bbe863f467a7537c8f7a490047, 1,8/27/2026 11:07 AM,8/27/2026 11:08 AM,,10,MC,,"If revenge is a dish best served cold, and revenge is sweet, then revenge is:",False,1,coca cola,UnChecked,0,1
0ef582ac3778b413f321e8fe2d224026906481bbe863f467a7537c8f7a490047, 1,8/27/2026 11:07 AM,8/27/2026 11:08 AM,,10,MC,,"If revenge is a dish best served cold, and revenge is sweet, then revenge is:",False,1,ice cream,UnChecked,0,1
0ef582ac3778b413f321e8fe2d224026906481bbe863f467a7537c8f7a490047, 1,8/27/2026 11:07 AM,8/27/2026 11:08 AM,,10,MC,,"If revenge is a dish best served cold, and revenge is sweet, then revenge is:",False,1,frozen yogurt,Checked,0,1
f7a686ae542e841d28ba0fc87d921f5c48c2b9cf76bb0f111f547c29f897483c, 1,8/27/2026 11:08 AM,8/27/2026 11:11 AM,,1,MC,,"What is the answer to life, the universe, and everything?",False,1,38,UnChecked,0,1
f7a686ae542e841d28ba0fc87d921f5c48c2b9cf76bb0f111f547c29f897483c, 1,8/27/2026 11:08 AM,8/27/2026 11:11 AM,,1,MC,,"What is the answer to life, the universe, and everything?",False,1,39,UnChecked,0,1
f7a686ae542e841d28ba0fc87d921f5c48c2b9cf76bb0f111f547c29f897483c, 1,8/27/2026 11:08 AM,8/27/2026 11:11 AM,,1,MC,,"What is the answer to life, the universe, and everything?",False,1,40,UnChecked,0,1
f7a686ae542e841d28ba0fc87d921f5c48c2b9cf76bb0f111f547c29f897483c, 1,8/27/2026 11:08 AM,8/27/2026 11:11 AM,,1,MC,,"What is the answer to life, the universe, and everything?",False,1,41,Checked,0,1
f7a686ae542e841d28ba0fc87d921f5c48c2b9cf76bb0f111f547c29f897483c, 1,8/27/2026 11:08 AM,8/27/2026 11:11 AM,,2,MC,,"If you choose the answer to this question at random, what is the chance you will be correct?",False,1,25%,Checked,0,1
f7a686ae542e841d28ba0fc87d921f5c48c2b9cf76bb0f111f547c29f897483c, 1,8/27/2026 11:08 AM,8/27/2026 11:11 AM,,2,MC,,"If you choose the answer to this question at random, what is the chance you will be correct?",False,1,50%,UnChecked,0,1
f7a686ae542e841d28ba0fc87d921f5c48c2b9cf76bb0f111f547c29f897483c, 1,8/27/2026 11:08 AM,8/27/2026 11:11 AM,,2,MC,,"If you choose the answer to this question at random, what is the chance you will be correct?",False,1,60%,UnChecked,0,1
f7a686ae542e841d28ba0fc87d921f5c48c2b9cf76bb0f111f547c29f897483c, 1,8/27/2026 11:08 AM,8/27/2026 11:11 AM,,2,MC,,"If you choose the answer to this question at random, what is the chance you will be correct?",False,1,25%,UnChecked,0,1
f7a686ae542e841d28ba0fc87d921f5c48c2b9cf76bb0f111f547c29f897483c, 1,8/27/2026 11:08 AM,8/27/2026 11:11 AM,,3,T/F,,"Should the word ""Abbreviation"" be shorter?",False,1,True,Checked,1,1
f7a686ae542e841d28ba0fc87d921f5c48c2b9cf76bb0f111f547c29f897483c, 1,8/27/2026 11:08 AM,8/27/2026 11:11 AM,,3,T/F,,"Should the word ""Abbreviation"" be shorter?",False,1,False,UnChecked,1,1
f7a686ae542e841d28ba0fc87d921f5c48c2b9cf76bb0f111f547c29f897483c, 1,8/27/2026 11:08 AM,8/27/2026 11:11 AM,,4,MC,,How many letters are in the alphabet?,False,1,11,UnChecked,0,1
f7a686ae542e841d28ba0fc87d921f5c48c2b9cf76bb0f111f547c29f897483c, 1,8/27/2026 11:08 AM,8/27/2026 11:11 AM,,4,MC,,How many letters are in the alphabet?,False,1,7,UnChecked,0,1
f7a686ae542e841d28ba0fc87d921f5c48c2b9cf76bb0f111f547c29f897483c, 1,8/27/2026 11:08 AM,8/27/2026 11:11 AM,,4,MC,,How many letters are in the alphabet?,False,1,26,Checked,0,1
f7a686ae542e841d28ba0fc87d921f5c48c2b9cf76bb0f111f547c29f897483c, 1,8/27/2026 11:08 AM,8/27/2026 11:11 AM,,4,MC,,How many letters are in the alphabet?,False,1,11010,UnChecked,0,1
f7a686ae542e841d28ba0fc87d921f5c48c2b9cf76bb0f111f547c29f897483c, 1,8/27/2026 11:08 AM,8/27/2026 11:11 AM,,5,MC,,"If you take a ship and replaced all of the parts until none of the original parts of this ship are a part of the ship, what happens?",False,1,Disney sues you,Checked,0,1
f7a686ae542e841d28ba0fc87d921f5c48c2b9cf76bb0f111f547c29f897483c, 1,8/27/2026 11:08 AM,8/27/2026 11:11 AM,,5,MC,,"If you take a ship and replaced all of the parts until none of the original parts of this ship are a part of the ship, what happens?",False,1,Paul Bettany joins you,UnChecked,0,1
f7a686ae542e841d28ba0fc87d921f5c48c2b9cf76bb0f111f547c29f897483c, 1,8/27/2026 11:08 AM,8/27/2026 11:11 AM,,5,MC,,"If you take a ship and replaced all of the parts until none of the original parts of this ship are a part of the ship, what happens?",False,1,You have two ships,UnChecked,0,1
f7a686ae542e841d28ba0fc87d921f5c48c2b9cf76bb0f111f547c29f897483c, 1,8/27/2026 11:08 AM,8/27/2026 11:11 AM,,6,T/F,,Something can be both New and Improved,False,1,True,Checked,0,1
f7a686ae542e841d28ba0fc87d921f5c48c2b9cf76bb0f111f547c29f897483c, 1,8/27/2026 11:08 AM,8/27/2026 11:11 AM,,6,T/F,,Something can be both New and Improved,False,1,False,UnChecked,0,1
f7a686ae542e841d28ba0fc87d921f5c48c2b9cf76bb0f111f547c29f897483c, 1,8/27/2026 11:08 AM,8/27/2026 11:11 AM,,7,FIB,,"My bologna has a first name, it's _______ my bologna has a second name, it's _______ ",False,1,Answer for blank # 1,john,0,1
f7a686ae542e841d28ba0fc87d921f5c48c2b9cf76bb0f111f547c29f897483c, 1,8/27/2026 11:08 AM,8/27/2026 11:11 AM,,7,FIB,,"My bologna has a first name, it's _______ my bologna has a second name, it's _______ ",False,1,Answer for blank # 2,stockton,0,1
f7a686ae542e841d28ba0fc87d921f5c48c2b9cf76bb0f111f547c29f897483c, 1,8/27/2026 11:08 AM,8/27/2026 11:11 AM,,8,MC,,Is your answer to this question 'no'?,False,1,yes,UnChecked,0,1
f7a686ae542e841d28ba0fc87d921f5c48c2b9cf76bb0f111f547c29f897483c, 1,8/27/2026 11:08 AM,8/27/2026 11:11 AM,,8,MC,,Is your answer to this question 'no'?,False,1,no,Checked,0,1
f7a686ae542e841d28ba0fc87d921f5c48c2b9cf76bb0f111f547c29f897483c, 1,8/27/2026 11:08 AM,8/27/2026 11:11 AM,,9,MC,,"In the word ""scent"", which letter is silent?",False,1,s,UnChecked,0,1
f7a686ae542e841d28ba0fc87d921f5c48c2b9cf76bb0f111f547c29f897483c, 1,8/27/2026 11:08 AM,8/27/2026 11:11 AM,,9,MC,,"In the word ""scent"", which letter is silent?",False,1,c,Checked,0,1
f7a686ae542e841d28ba0fc87d921f5c48c2b9cf76bb0f111f547c29f897483c, 1,8/27/2026 11:08 AM,8/27/2026 11:11 AM,,9,MC,,"In the word ""scent"", which letter is silent?",False,1,a,UnChecked,0,1
f7a686ae542e841d28ba0fc87d921f5c48c2b9cf76bb0f111f547c29f897483c, 1,8/27/2026 11:08 AM,8/27/2026 11:11 AM,,9,MC,,"In the word ""scent"", which letter is silent?",False,1,p,UnChecked,0,1
f7a686ae542e841d28ba0fc87d921f5c48c2b9cf76bb0f111f547c29f897483c, 1,8/27/2026 11:08 AM,8/27/2026 11:11 AM,,10,MC,,"If revenge is a dish best served cold, and revenge is sweet, then revenge is:",False,1,ice cream,Checked,1,1
f7a686ae542e841d28ba0fc87d921f5c48c2b9cf76bb0f111f547c29f897483c, 1,8/27/2026 11:08 AM,8/27/2026 11:11 AM,,10,MC,,"If revenge is a dish best served cold, and revenge is sweet, then revenge is:",False,1,coca cola,UnChecked,1,1
f7a686ae542e841d28ba0fc87d921f5c48c2b9cf76bb0f111f547c29f897483c, 1,8/27/2026 11:08 AM,8/27/2026 11:11 AM,,10,MC,,"If revenge is a dish best served cold, and revenge is sweet, then revenge is:",False,1,a popsicle,UnChecked,1,1
f7a686ae542e841d28ba0fc87d921f5c48c2b9cf76bb0f111f547c29f897483c, 1,8/27/2026 11:08 AM,8/27/2026 11:11 AM,,10,MC,,"If revenge is a dish best served cold, and revenge is sweet, then revenge is:",False,1,frozen yogurt,UnChecked,1,1
0f899a81ced6d70d6bc243ab77ec0a26ef0b24b7b6ef41b17a35132ce2fa792f, 1,8/27/2026 11:07 AM,8/27/2026 11:09 AM,,1,MC,,"What is the answer to life, the universe, and everything?",False,1,38,UnChecked,1,1
0f899a81ced6d70d6bc243ab77ec0a26ef0b24b7b6ef41b17a35132ce2fa792f, 1,8/27/2026 11:07 AM,8/27/2026 11:09 AM,,1,MC,,"What is the answer to life, the universe, and everything?",False,1,39,Checked,1,1
0f899a81ced6d70d6bc243ab77ec0a26ef0b24b7b6ef41b17a35132ce2fa792f, 1,8/27/2026 11:07 AM,8/27/2026 11:09 AM,,1,MC,,"What is the answer to life, the universe, and everything?",False,1,40,UnChecked,1,1
0f899a81ced6d70d6bc243ab77ec0a26ef0b24b7b6ef41b17a35132ce2fa792f, 1,8/27/2026 11:07 AM,8/27/2026 11:09 AM,,1,MC,,"What is the answer to life, the universe, and everything?",False,1,41,UnChecked,1,1
0f899a81ced6d70d6bc243ab77ec0a26ef0b24b7b6ef41b17a35132ce2fa792f, 1,8/27/2026 11:07 AM,8/27/2026 11:09 AM,,2,MC,,"If you choose the answer to this question at random, what is the chance you will be correct?",False,1,25%,UnChecked,0,1
0f899a81ced6d70d6bc243ab77ec0a26ef0b24b7b6ef41b17a35132ce2fa792f, 1,8/27/2026 11:07 AM,8/27/2026 11:09 AM,,2,MC,,"If you choose the answer to this question at random, what is the chance you will be correct?",False,1,50%,Checked,0,1
0f899a81ced6d70d6bc243ab77ec0a26ef0b24b7b6ef41b17a35132ce2fa792f, 1,8/27/2026 11:07 AM,8/27/2026 11:09 AM,,2,MC,,"If you choose the answer to this question at random, what is the chance you will be correct?",False,1,60%,UnChecked,0,1
0f899a81ced6d70d6bc243ab77ec0a26ef0b24b7b6ef41b17a35132ce2fa792f, 1,8/27/2026 11:07 AM,8/27/2026 11:09 AM,,2,MC,,"If you choose the answer to this question at random, what is the chance you will be correct?",False,1,25%,UnChecked,0,1
0f899a81ced6d70d6bc243ab77ec0a26ef0b24b7b6ef41b17a35132ce2fa792f, 1,8/27/2026 11:07 AM,8/27/2026 11:09 AM,,3,T/F,,"Should the word ""Abbreviation"" be shorter?",False,1,True,Checked,1,1
0f899a81ced6d70d6bc243ab77ec0a26ef0b24b7b6ef41b17a35132ce2fa792f, 1,8/27/2026 11:07 AM,8/27/2026 11:09 AM,,3,T/F,,"Should the word ""Abbreviation"" be shorter?",False,1,False,UnChecked,1,1
0f899a81ced6d70d6bc243ab77ec0a26ef0b24b7b6ef41b17a35132ce2fa792f, 1,8/27/2026 11:07 AM,8/27/2026 11:09 AM,,4,MC,,How many letters are in the alphabet?,False,1,11,UnChecked,0,1
0f899a81ced6d70d6bc243ab77ec0a26ef0b24b7b6ef41b17a35132ce2fa792f, 1,8/27/2026 11:07 AM,8/27/2026 11:09 AM,,4,MC,,How many letters are in the alphabet?,False,1,7,UnChecked,0,1
0f899a81ced6d70d6bc243ab77ec0a26ef0b24b7b6ef41b17a35132ce2fa792f, 1,8/27/2026 11:07 AM,8/27/2026 11:09 AM,,4,MC,,How many letters are in the alphabet?,False,1,26,Checked,0,1
0f899a81ced6d70d6bc243ab77ec0a26ef0b24b7b6ef41b17a35132ce2fa792f, 1,8/27/2026 11:07 AM,8/27/2026 11:09 AM,,4,MC,,How many letters are in the alphabet?,False,1,11010,UnChecked,0,1
0f899a81ced6d70d6bc243ab77ec0a26ef0b24b7b6ef41b17a35132ce2fa792f, 1,8/27/2026 11:07 AM,8/27/2026 11:09 AM,,5,MC,,"If you take a ship and replaced all of the parts until none of the original parts of this ship are a part of the ship, what happens?",False,1,Disney sues you,Checked,0,1
0f899a81ced6d70d6bc243ab77ec0a26ef0b24b7b6ef41b17a35132ce2fa792f, 1,8/27/2026 11:07 AM,8/27/2026 11:09 AM,,5,MC,,"If you take a ship and replaced all of the parts until none of the original parts of this ship are a part of the ship, what happens?",False,1,Paul Bettany joins you,UnChecked,0,1
0f899a81ced6d70d6bc243ab77ec0a26ef0b24b7b6ef41b17a35132ce2fa792f, 1,8/27/2026 11:07 AM,8/27/2026 11:09 AM,,5,MC,,"If you take a ship and replaced all of the parts until none of the original parts of this ship are a part of the ship, what happens?",False,1,You have two ships,UnChecked,0,1
0f899a81ced6d70d6bc243ab77ec0a26ef0b24b7b6ef41b17a35132ce2fa792f, 1,8/27/2026 11:07 AM,8/27/2026 11:09 AM,,6,T/F,,Something can be both New and Improved,False,1,True,Checked,0,1
0f899a81ced6d70d6bc243ab77ec0a26ef0b24b7b6ef41b17a35132ce2fa792f, 1,8/27/2026 11:07 AM,8/27/2026 11:09 AM,,6,T/F,,Something can be both New and Improved,False,1,False,UnChecked,0,1
0f899a81ced6d70d6bc243ab77ec0a26ef0b24b7b6ef41b17a35132ce2fa792f, 1,8/27/2026 11:07 AM,8/27/2026 11:09 AM,,7,FIB,,"My bologna has a first name, it's _______ my bologna has a second name, it's _______ ",False,1,Answer for blank # 1,Tony,0,1
0f899a81ced6d70d6bc243ab77ec0a26ef0b24b7b6ef41b17a35132ce2fa792f, 1,8/27/2026 11:07 AM,8/27/2026 11:09 AM,,7,FIB,,"My bologna has a first name, it's _______ my bologna has a second name, it's _______ ",False,1,Answer for blank # 2,Jabroni,0,1
0f899a81ced6d70d6bc243ab77ec0a26ef0b24b7b6ef41b17a35132ce2fa792f, 1,8/27/2026 11:07 AM,8/27/2026 11:09 AM,,8,MC,,Is your answer to this question 'no'?,False,1,yes,Checked,1,1
0f899a81ced6d70d6bc243ab77ec0a26ef0b24b7b6ef41b17a35132ce2fa792f, 1,8/27/2026 11:07 AM,8/27/2026 11:09 AM,,8,MC,,Is your answer to this question 'no'?,False,1,no,UnChecked,1,1
0f899a81ced6d70d6bc243ab77ec0a26ef0b24b7b6ef41b17a35132ce2fa792f, 1,8/27/2026 11:07 AM,8/27/2026 11:09 AM,,9,MC,,"In the word ""scent"", which letter is silent?",False,1,s,Checked,0,1
0f899a81ced6d70d6bc243ab77ec0a26ef0b24b7b6ef41b17a35132ce2fa792f, 1,8/27/2026 11:07 AM,8/27/2026 11:09 AM,,9,MC,,"In the word ""scent"", which letter is silent?",False,1,c,UnChecked,0,1
0f899a81ced6d70d6bc243ab77ec0a26ef0b24b7b6ef41b17a35132ce2fa792f, 1,8/27/2026 11:07 AM,8/27/2026 11:09 AM,,9,MC,,"In the word ""scent"", which letter is silent?",False,1,a,UnChecked,0,1
0f899a81ced6d70d6bc243ab77ec0a26ef0b24b7b6ef41b17a35132ce2fa792f, 1,8/27/2026 11:07 AM,8/27/2026 11:09 AM,,9,MC,,"In the word ""scent"", which letter is silent?",False,1,p,UnChecked,0,1
0f899a81ced6d70d6bc243ab77ec0a26ef0b24b7b6ef41b17a35132ce2fa792f, 1,8/27/2026 11:07 AM,8/27/2026 11:09 AM,,10,MC,,"If revenge is a dish best served cold, and revenge is sweet, then revenge is:",False,1,ice cream,UnChecked,0,1
0f899a81ced6d70d6bc243ab77ec0a26ef0b24b7b6ef41b17a35132ce2fa792f, 1,8/27/2026 11:07 AM,8/27/2026 11:09 AM,,10,MC,,"If revenge is a dish best served cold, and revenge is sweet, then revenge is:",False,1,frozen yogurt,Checked,0,1
0f899a81ced6d70d6bc243ab77ec0a26ef0b24b7b6ef41b17a35132ce2fa792f, 1,8/27/2026 11:07 AM,8/27/2026 11:09 AM,,10,MC,,"If revenge is a dish best served cold, and revenge is sweet, then revenge is:",False,1,coca cola,UnChecked,0,1
0f899a81ced6d70d6bc243ab77ec0a26ef0b24b7b6ef41b17a35132ce2fa792f, 1,8/27/2026 11:07 AM,8/27/2026 11:09 AM,,10,MC,,"If revenge is a dish best served cold, and revenge is sweet, then revenge is:",False,1,a popsicle,UnChecked,0,1
7dd5c13cac893c4dbb663999548e75ab896e4b4c446c908fe3b81bd31f90d0a4, 1,8/27/2026 11:08 AM,8/27/2026 11:10 AM,,1,MC,,"What is the answer to life, the universe, and everything?",False,1,38,UnChecked,0,1
7dd5c13cac893c4dbb663999548e75ab896e4b4c446c908fe3b81bd31f90d0a4, 1,8/27/2026 11:08 AM,8/27/2026 11:10 AM,,1,MC,,"What is the answer to life, the universe, and everything?",False,1,39,UnChecked,0,1
7dd5c13cac893c4dbb663999548e75ab896e4b4c446c908fe3b81bd31f90d0a4, 1,8/27/2026 11:08 AM,8/27/2026 11:10 AM,,1,MC,,"What is the answer to life, the universe, and everything?",False,1,40,Checked,0,1
7dd5c13cac893c4dbb663999548e75ab896e4b4c446c908fe3b81bd31f90d0a4, 1,8/27/2026 11:08 AM,8/27/2026 11:10 AM,,1,MC,,"What is the answer to life, the universe, and everything?",False,1,41,UnChecked,0,1
7dd5c13cac893c4dbb663999548e75ab896e4b4c446c908fe3b81bd31f90d0a4, 1,8/27/2026 11:08 AM,8/27/2026 11:10 AM,,2,MC,,"If you choose the answer to this question at random, what is the chance you will be correct?",False,1,25%,UnChecked,1,1
7dd5c13cac893c4dbb663999548e75ab896e4b4c446c908fe3b81bd31f90d0a4, 1,8/27/2026 11:08 AM,8/27/2026 11:10 AM,,2,MC,,"If you choose the answer to this question at random, what is the chance you will be correct?",False,1,50%,UnChecked,1,1
7dd5c13cac893c4dbb663999548e75ab896e4b4c446c908fe3b81bd31f90d0a4, 1,8/27/2026 11:08 AM,8/27/2026 11:10 AM,,2,MC,,"If you choose the answer to this question at random, what is the chance you will be correct?",False,1,60%,Checked,1,1
7dd5c13cac893c4dbb663999548e75ab896e4b4c446c908fe3b81bd31f90d0a4, 1,8/27/2026 11:08 AM,8/27/2026 11:10 AM,,2,MC,,"If you choose the answer to this question at random, what is the chance you will be correct?",False,1,25%,UnChecked,1,1
7dd5c13cac893c4dbb663999548e75ab896e4b4c446c908fe3b81bd31f90d0a4, 1,8/27/2026 11:08 AM,8/27/2026 11:10 AM,,3,T/F,,"Should the word ""Abbreviation"" be shorter?",False,1,True,UnChecked,0,1
7dd5c13cac893c4dbb663999548e75ab896e4b4c446c908fe3b81bd31f90d0a4, 1,8/27/2026 11:08 AM,8/27/2026 11:10 AM,,3,T/F,,"Should the word ""Abbreviation"" be shorter?",False,1,False,Checked,0,1
7dd5c13cac893c4dbb663999548e75ab896e4b4c446c908fe3b81bd31f90d0a4, 1,8/27/2026 11:08 AM,8/27/2026 11:10 AM,,4,MC,,How many letters are in the alphabet?,False,1,11,UnChecked,0,1
7dd5c13cac893c4dbb663999548e75ab896e4b4c446c908fe3b81bd31f90d0a4, 1,8/27/2026 11:08 AM,8/27/2026 11:10 AM,,4,MC,,How many letters are in the alphabet?,False,1,7,UnChecked,0,1
7dd5c13cac893c4dbb663999548e75ab896e4b4c446c908fe3b81bd31f90d0a4, 1,8/27/2026 11:08 AM,8/27/2026 11:10 AM,,4,MC,,How many letters are in the alphabet?,False,1,26,Checked,0,1
7dd5c13cac893c4dbb663999548e75ab896e4b4c446c908fe3b81bd31f90d0a4, 1,8/27/2026 11:08 AM,8/27/2026 11:10 AM,,4,MC,,How many letters are in the alphabet?,False,1,11010,UnChecked,0,1
7dd5c13cac893c4dbb663999548e75ab896e4b4c446c908fe3b81bd31f90d0a4, 1,8/27/2026 11:08 AM,8/27/2026 11:10 AM,,5,MC,,"If you take a ship and replaced all of the parts until none of the original parts of this ship are a part of the ship, what happens?",False,1,Disney sues you,UnChecked,0,1
7dd5c13cac893c4dbb663999548e75ab896e4b4c446c908fe3b81bd31f90d0a4, 1,8/27/2026 11:08 AM,8/27/2026 11:10 AM,,5,MC,,"If you take a ship and replaced all of the parts until none of the original parts of this ship are a part of the ship, what happens?",False,1,Paul Bettany joins you,Checked,0,1
7dd5c13cac893c4dbb663999548e75ab896e4b4c446c908fe3b81bd31f90d0a4, 1,8/27/2026 11:08 AM,8/27/2026 11:10 AM,,5,MC,,"If you take a ship and replaced all of the parts until none of the original parts of this ship are a part of the ship, what happens?",False,1,You have two ships,UnChecked,0,1
7dd5c13cac893c4dbb663999548e75ab896e4b4c446c908fe3b81bd31f90d0a4, 1,8/27/2026 11:08 AM,8/27/2026 11:10 AM,,6,T/F,,Something can be both New and Improved,False,1,True,Checked,0,1
7dd5c13cac893c4dbb663999548e75ab896e4b4c446c908fe3b81bd31f90d0a4, 1,8/27/2026 11:08 AM,8/27/2026 11:10 AM,,6,T/F,,Something can be both New and Improved,False,1,False,UnChecked,0,1
7dd5c13cac893c4dbb663999548e75ab896e4b4c446c908fe3b81bd31f90d0a4, 1,8/27/2026 11:08 AM,8/27/2026 11:10 AM,,7,FIB,,"My bologna has a first name, it's _______ my bologna has a second name, it's _______ ",False,1,Answer for blank # 1,qpeak,0,1
7dd5c13cac893c4dbb663999548e75ab896e4b4c446c908fe3b81bd31f90d0a4, 1,8/27/2026 11:08 AM,8/27/2026 11:10 AM,,7,FIB,,"My bologna has a first name, it's _______ my bologna has a second name, it's _______ ",False,1,Answer for blank # 2,midroll,0,1
7dd5c13cac893c4dbb663999548e75ab896e4b4c446c908fe3b81bd31f90d0a4, 1,8/27/2026 11:08 AM,8/27/2026 11:10 AM,,8,MC,,Is your answer to this question 'no'?,False,1,yes,UnChecked,0,1
7dd5c13cac893c4dbb663999548e75ab896e4b4c446c908fe3b81bd31f90d0a4, 1,8/27/2026 11:08 AM,8/27/2026 11:10 AM,,8,MC,,Is your answer to this question 'no'?,False,1,no,Checked,0,1
7dd5c13cac893c4dbb663999548e75ab896e4b4c446c908fe3b81bd31f90d0a4, 1,8/27/2026 11:08 AM,8/27/2026 11:10 AM,,9,MC,,"In the word ""scent"", which letter is silent?",False,1,s,UnChecked,0,1
7dd5c13cac893c4dbb663999548e75ab896e4b4c446c908fe3b81bd31f90d0a4, 1,8/27/2026 11:08 AM,8/27/2026 11:10 AM,,9,MC,,"In the word ""scent"", which letter is silent?",False,1,c,UnChecked,0,1
7dd5c13cac893c4dbb663999548e75ab896e4b4c446c908fe3b81bd31f90d0a4, 1,8/27/2026 11:08 AM,8/27/2026 11:10 AM,,9,MC,,"In the word ""scent"", which letter is silent?",False,1,a,UnChecked,0,1
7dd5c13cac893c4dbb663999548e75ab896e4b4c446c908fe3b81bd31f90d0a4, 1,8/27/2026 11:08 AM,8/27/2026 11:10 AM,,9,MC,,"In the word ""scent"", which letter is silent?",False,1,p,Checked,0,1
7dd5c13cac893c4dbb663999548e75ab896e4b4c446c908fe3b81bd31f90d0a4, 1,8/27/2026 11:08 AM,8/27/2026 11:10 AM,,10,MC,,"If revenge is a dish best served cold, and revenge is sweet, then revenge is:",False,1,frozen yogurt,UnChecked,1,1
7dd5c13cac893c4dbb663999548e75ab896e4b4c446c908fe3b81bd31f90d0a4, 1,8/27/2026 11:08 AM,8/27/2026 11:10 AM,,10,MC,,"If revenge is a dish best served cold, and revenge is sweet, then revenge is:",False,1,coca cola,UnChecked,1,1
7dd5c13cac893c4dbb663999548e75ab896e4b4c446c908fe3b81bd31f90d0a4, 1,8/27/2026 11:08 AM,8/27/2026 11:10 AM,,10,MC,,"If revenge is a dish best served cold, and revenge is sweet, then revenge is:",False,1,a popsicle,UnChecked,1,1
7dd5c13cac893c4dbb663999548e75ab896e4b4c446c908fe3b81bd31f90d0a4, 1,8/27/2026 11:08 AM,8/27/2026 11:10 AM,,10,MC,,"If revenge is a dish best served cold, and revenge is sweet, then revenge is:",False,1,ice cream,Checked,1,1
c241524338b87770da3e1dcf5e095b63c17410397bbe21890d63b1092933fc7d, 1,8/27/2026 11:07 AM,8/27/2026 11:10 AM,,1,MC,,"What is the answer to life, the universe, and everything?",False,1,38,UnChecked,0,1
c241524338b87770da3e1dcf5e095b63c17410397bbe21890d63b1092933fc7d, 1,8/27/2026 11:07 AM,8/27/2026 11:10 AM,,1,MC,,"What is the answer to life, the universe, and everything?",False,1,39,UnChecked,0,1
c241524338b87770da3e1dcf5e095b63c17410397bbe21890d63b1092933fc7d, 1,8/27/2026 11:07 AM,8/27/2026 11:10 AM,,1,MC,,"What is the answer to life, the universe, and everything?",False,1,40,Checked,0,1
c241524338b87770da3e1dcf5e095b63c17410397bbe21890d63b1092933fc7d, 1,8/27/2026 11:07 AM,8/27/2026 11:10 AM,,1,MC,,"What is the answer to life, the universe, and everything?",False,1,41,UnChecked,0,1
c241524338b87770da3e1dcf5e095b63c17410397bbe21890d63b1092933fc7d, 1,8/27/2026 11:07 AM,8/27/2026 11:10 AM,,2,MC,,"If you choose the answer to this question at random, what is the chance you will be correct?",False,1,25%,Checked,0,1
c241524338b87770da3e1dcf5e095b63c17410397bbe21890d63b1092933fc7d, 1,8/27/2026 11:07 AM,8/27/2026 11:10 AM,,2,MC,,"If you choose the answer to this question at random, what is the chance you will be correct?",False,1,50%,UnChecked,0,1
c241524338b87770da3e1dcf5e095b63c17410397bbe21890d63b1092933fc7d, 1,8/27/2026 11:07 AM,8/27/2026 11:10 AM,,2,MC,,"If you choose the answer to this question at random, what is the chance you will be correct?",False,1,60%,UnChecked,0,1
c241524338b87770da3e1dcf5e095b63c17410397bbe21890d63b1092933fc7d, 1,8/27/2026 11:07 AM,8/27/2026 11:10 AM,,2,MC,,"If you choose the answer to this question at random, what is the chance you will be correct?",False,1,25%,UnChecked,0,1
c241524338b87770da3e1dcf5e095b63c17410397bbe21890d63b1092933fc7d, 1,8/27/2026 11:07 AM,8/27/2026 11:10 AM,,3,T/F,,"Should the word ""Abbreviation"" be shorter?",False,1,True,Checked,1,1
c241524338b87770da3e1dcf5e095b63c17410397bbe21890d63b1092933fc7d, 1,8/27/2026 11:07 AM,8/27/2026 11:10 AM,,3,T/F,,"Should the word ""Abbreviation"" be shorter?",False,1,False,UnChecked,1,1
c241524338b87770da3e1dcf5e095b63c17410397bbe21890d63b1092933fc7d, 1,8/27/2026 11:07 AM,8/27/2026 11:10 AM,,4,MC,,How many letters are in the alphabet?,False,1,11,UnChecked,0,1
c241524338b87770da3e1dcf5e095b63c17410397bbe21890d63b1092933fc7d, 1,8/27/2026 11:07 AM,8/27/2026 11:10 AM,,4,MC,,How many letters are in the alphabet?,False,1,7,UnChecked,0,1
c241524338b87770da3e1dcf5e095b63c17410397bbe21890d63b1092933fc7d, 1,8/27/2026 11:07 AM,8/27/2026 11:10 AM,,4,MC,,How many letters are in the alphabet?,False,1,26,UnChecked,0,1
c241524338b87770da3e1dcf5e095b63c17410397bbe21890d63b1092933fc7d, 1,8/27/2026 11:07 AM,8/27/2026 11:10 AM,,4,MC,,How many letters are in the alphabet?,False,1,11010,Checked,0,1
c241524338b87770da3e1dcf5e095b63c17410397bbe21890d63b1092933fc7d, 1,8/27/2026 11:07 AM,8/27/2026 11:10 AM,,5,MC,,"If you take a ship and replaced all of the parts until none of the original parts of this ship are a part of the ship, what happens?",False,1,Disney sues you,Checked,0,1
c241524338b87770da3e1dcf5e095b63c17410397bbe21890d63b1092933fc7d, 1,8/27/2026 11:07 AM,8/27/2026 11:10 AM,,5,MC,,"If you take a ship and replaced all of the parts until none of the original parts of this ship are a part of the ship, what happens?",False,1,Paul Bettany joins you,UnChecked,0,1
c241524338b87770da3e1dcf5e095b63c17410397bbe21890d63b1092933fc7d, 1,8/27/2026 11:07 AM,8/27/2026 11:10 AM,,5,MC,,"If you take a ship and replaced all of the parts until none of the original parts of this ship are a part of the ship, what happens?",False,1,You have two ships,UnChecked,0,1
c241524338b87770da3e1dcf5e095b63c17410397bbe21890d63b1092933fc7d, 1,8/27/2026 11:07 AM,8/27/2026 11:10 AM,,6,T/F,,Something can be both New and Improved,False,1,True,Checked,0,1
c241524338b87770da3e1dcf5e095b63c17410397bbe21890d63b1092933fc7d, 1,8/27/2026 11:07 AM,8/27/2026 11:10 AM,,6,T/F,,Something can be both New and Improved,False,1,False,UnChecked,0,1
c241524338b87770da3e1dcf5e095b63c17410397bbe21890d63b1092933fc7d, 1,8/27/2026 11:07 AM,8/27/2026 11:10 AM,,7,FIB,,"My bologna has a first name, it's _______ my bologna has a second name, it's _______ ",False,1,Answer for blank # 1,sammy,0,1
c241524338b87770da3e1dcf5e095b63c17410397bbe21890d63b1092933fc7d, 1,8/27/2026 11:07 AM,8/27/2026 11:10 AM,,7,FIB,,"My bologna has a first name, it's _______ my bologna has a second name, it's _______ ",False,1,Answer for blank # 2,sammy,0,1
c241524338b87770da3e1dcf5e095b63c17410397bbe21890d63b1092933fc7d, 1,8/27/2026 11:07 AM,8/27/2026 11:10 AM,,8,MC,,Is your answer to this question 'no'?,False,1,yes,Checked,1,1
c241524338b87770da3e1dcf5e095b63c17410397bbe21890d63b1092933fc7d, 1,8/27/2026 11:07 AM,8/27/2026 11:10 AM,,8,MC,,Is your answer to this question 'no'?,False,1,no,UnChecked,1,1
c241524338b87770da3e1dcf5e095b63c17410397bbe21890d63b1092933fc7d, 1,8/27/2026 11:07 AM,8/27/2026 11:10 AM,,9,MC,,"In the word ""scent"", which letter is silent?",False,1,s,UnChecked,0,1
c241524338b87770da3e1dcf5e095b63c17410397bbe21890d63b1092933fc7d, 1,8/27/2026 11:07 AM,8/27/2026 11:10 AM,,9,MC,,"In the word ""scent"", which letter is silent?",False,1,c,Checked,0,1
c241524338b87770da3e1dcf5e095b63c17410397bbe21890d63b1092933fc7d, 1,8/27/2026 11:07 AM,8/27/2026 11:10 AM,,9,MC,,"In the word ""scent"", which letter is silent?",False,1,a,UnChecked,0,1
c241524338b87770da3e1dcf5e095b63c17410397bbe21890d63b1092933fc7d, 1,8/27/2026 11:07 AM,8/27/2026 11:10 AM,,9,MC,,"In the word ""scent"", which letter is silent?",False,1,p,UnChecked,0,1
c241524338b87770da3e1dcf5e095b63c17410397bbe21890d63b1092933fc7d, 1,8/27/2026 11:07 AM,8/27/2026 11:10 AM,,10,MC,,"If revenge is a dish best served cold, and revenge is sweet, then revenge is:",False,1,frozen yogurt,UnChecked,0,1
c241524338b87770da3e1dcf5e095b63c17410397bbe21890d63b1092933fc7d, 1,8/27/2026 11:07 AM,8/27/2026 11:10 AM,,10,MC,,"If revenge is a dish best served cold, and revenge is sweet, then revenge is:",False,1,a popsicle,UnChecked,0,1
c241524338b87770da3e1dcf5e095b63c17410397bbe21890d63b1092933fc7d, 1,8/27/2026 11:07 AM,8/27/2026 11:10 AM,,10,MC,,"If revenge is a dish best served cold, and revenge is sweet, then revenge is:",False,1,ice cream,UnChecked,0,1
c241524338b87770da3e1dcf5e095b63c17410397bbe21890d63b1092933fc7d, 1,8/27/2026 11:07 AM,8/27/2026 11:10 AM,,10,MC,,"If revenge is a dish best served cold, and revenge is sweet, then revenge is:",False,1,coca cola,Checked,0,1
427df71cbf313cacef1a559f198c3db50c1764679b29ae4635a0b081cb0605d4, 1,8/27/2026 11:03 AM,8/27/2026 11:05 AM,,1,MC,,"What is the answer to life, the universe, and everything?",False,1,38,UnChecked,0,1
427df71cbf313cacef1a559f198c3db50c1764679b29ae4635a0b081cb0605d4, 1,8/27/2026 11:03 AM,8/27/2026 11:05 AM,,1,MC,,"What is the answer to life, the universe, and everything?",False,1,39,UnChecked,0,1
427df71cbf313cacef1a559f198c3db50c1764679b29ae4635a0b081cb0605d4, 1,8/27/2026 11:03 AM,8/27/2026 11:05 AM,,1,MC,,"What is the answer to life, the universe, and everything?",False,1,40,UnChecked,0,1
427df71cbf313cacef1a559f198c3db50c1764679b29ae4635a0b081cb0605d4, 1,8/27/2026 11:03 AM,8/27/2026 11:05 AM,,1,MC,,"What is the answer to life, the universe, and everything?",False,1,41,Checked,0,1
427df71cbf313cacef1a559f198c3db50c1764679b29ae4635a0b081cb0605d4, 1,8/27/2026 11:03 AM,8/27/2026 11:05 AM,,2,MC,,"If you choose the answer to this question at random, what is the chance you will be correct?",False,1,25%,Checked,0,1
427df71cbf313cacef1a559f198c3db50c1764679b29ae4635a0b081cb0605d4, 1,8/27/2026 11:03 AM,8/27/2026 11:05 AM,,2,MC,,"If you choose the answer to this question at random, what is the chance you will be correct?",False,1,50%,UnChecked,0,1
427df71cbf313cacef1a559f198c3db50c1764679b29ae4635a0b081cb0605d4, 1,8/27/2026 11:03 AM,8/27/2026 11:05 AM,,2,MC,,"If you choose the answer to this question at random, what is the chance you will be correct?",False,1,60%,UnChecked,0,1
427df71cbf313cacef1a559f198c3db50c1764679b29ae4635a0b081cb0605d4, 1,8/27/2026 11:03 AM,8/27/2026 11:05 AM,,2,MC,,"If you choose the answer to this question at random, what is the chance you will be correct?",False,1,25%,UnChecked,0,1
427df71cbf313cacef1a559f198c3db50c1764679b29ae4635a0b081cb0605d4, 1,8/27/2026 11:03 AM,8/27/2026 11:05 AM,,3,T/F,,"Should the word ""Abbreviation"" be shorter?",False,1,True,UnChecked,0,1
427df71cbf313cacef1a559f198c3db50c1764679b29ae4635a0b081cb0605d4, 1,8/27/2026 11:03 AM,8/27/2026 11:05 AM,,3,T/F,,"Should the word ""Abbreviation"" be shorter?",False,1,False,Checked,0,1
427df71cbf313cacef1a559f198c3db50c1764679b29ae4635a0b081cb0605d4, 1,8/27/2026 11:03 AM,8/27/2026 11:05 AM,,4,MC,,How many letters are in the alphabet?,False,1,11,UnChecked,0,1
427df71cbf313cacef1a559f198c3db50c1764679b29ae4635a0b081cb0605d4, 1,8/27/2026 11:03 AM,8/27/2026 11:05 AM,,4,MC,,How many letters are in the alphabet?,False,1,7,UnChecked,0,1
427df71cbf313cacef1a559f198c3db50c1764679b29ae4635a0b081cb0605d4, 1,8/27/2026 11:03 AM,8/27/2026 11:05 AM,,4,MC,,How many letters are in the alphabet?,False,1,26,Checked,0,1
427df71cbf313cacef1a559f198c3db50c1764679b29ae4635a0b081cb0605d4, 1,8/27/2026 11:03 AM,8/27/2026 11:05 AM,,4,MC,,How many letters are in the alphabet?,False,1,11010,UnChecked,0,1
427df71cbf313cacef1a559f198c3db50c1764679b29ae4635a0b081cb0605d4, 1,8/27/2026 11:03 AM,8/27/2026 11:05 AM,,5,MC,,"If you take a ship and replaced all of the parts until none of the original parts of this ship are a part of the ship, what happens?",False,1,Disney sues you,UnChecked,1,1
427df71cbf313cacef1a559f198c3db50c1764679b29ae4635a0b081cb0605d4, 1,8/27/2026 11:03 AM,8/27/2026 11:05 AM,,5,MC,,"If you take a ship and replaced all of the parts until none of the original parts of this ship are a part of the ship, what happens?",False,1,Paul Bettany joins you,UnChecked,1,1
427df71cbf313cacef1a559f198c3db50c1764679b29ae4635a0b081cb0605d4, 1,8/27/2026 11:03 AM,8/27/2026 11:05 AM,,5,MC,,"If you take a ship and replaced all of the parts until none of the original parts of this ship are a part of the ship, what happens?",False,1,You have two ships,Checked,1,1
427df71cbf313cacef1a559f198c3db50c1764679b29ae4635a0b081cb0605d4, 1,8/27/2026 11:03 AM,8/27/2026 11:05 AM,,6,T/F,,Something can be both New and Improved,False,1,True,Checked,0,1
427df71cbf313cacef1a559f198c3db50c1764679b29ae4635a0b081cb0605d4, 1,8/27/2026 11:03 AM,8/27/2026 11:05 AM,,6,T/F,,Something can be both New and Improved,False,1,False,UnChecked,0,1
427df71cbf313cacef1a559f198c3db50c1764679b29ae4635a0b081cb0605d4, 1,8/27/2026 11:03 AM,8/27/2026 11:05 AM,,7,FIB,,"My bologna has a first name, it's _______ my bologna has a second name, it's _______ ",False,1,Answer for blank # 1,Bobby,0,1
427df71cbf313cacef1a559f198c3db50c1764679b29ae4635a0b081cb0605d4, 1,8/27/2026 11:03 AM,8/27/2026 11:05 AM,,7,FIB,,"My bologna has a first name, it's _______ my bologna has a second name, it's _______ ",False,1,Answer for blank # 2,Bobby Jr,0,1
427df71cbf313cacef1a559f198c3db50c1764679b29ae4635a0b081cb0605d4, 1,8/27/2026 11:03 AM,8/27/2026 11:05 AM,,8,MC,,Is your answer to this question 'no'?,False,1,yes,UnChecked,0,1
427df71cbf313cacef1a559f198c3db50c1764679b29ae4635a0b081cb0605d4, 1,8/27/2026 11:03 AM,8/27/2026 11:05 AM,,8,MC,,Is your answer to this question 'no'?,False,1,no,Checked,0,1
427df71cbf313cacef1a559f198c3db50c1764679b29ae4635a0b081cb0605d4, 1,8/27/2026 11:03 AM,8/27/2026 11:05 AM,,9,MC,,"In the word ""scent"", which letter is silent?",False,1,s,UnChecked,0,1
427df71cbf313cacef1a559f198c3db50c1764679b29ae4635a0b081cb0605d4, 1,8/27/2026 11:03 AM,8/27/2026 11:05 AM,,9,MC,,"In the word ""scent"", which letter is silent?",False,1,c,Checked,0,1
427df71cbf313cacef1a559f198c3db50c1764679b29ae4635a0b081cb0605d4, 1,8/27/2026 11:03 AM,8/27/2026 11:05 AM,,9,MC,,"In the word ""scent"", which letter is silent?",False,1,a,UnChecked,0,1
427df71cbf313cacef1a559f198c3db50c1764679b29ae4635a0b081cb0605d4, 1,8/27/2026 11:03 AM,8/27/2026 11:05 AM,,9,MC,,"In the word ""scent"", which letter is silent?",False,1,p,UnChecked,0,1
427df71cbf313cacef1a559f198c3db50c1764679b29ae4635a0b081cb0605d4, 1,8/27/2026 11:03 AM,8/27/2026 11:05 AM,,10,MC,,"If revenge is a dish best served cold, and revenge is sweet, then revenge is:",False,1,ice cream,UnChecked,0,1
427df71cbf313cacef1a559f198c3db50c1764679b29ae4635a0b081cb0605d4, 1,8/27/2026 11:03 AM,8/27/2026 11:05 AM,,10,MC,,"If revenge is a dish best served cold, and revenge is sweet, then revenge is:",False,1,a popsicle,Checked,0,1
427df71cbf313cacef1a559f198c3db50c1764679b29ae4635a0b081cb0605d4, 1,8/27/2026 11:03 AM,8/27/2026 11:05 AM,,10,MC,,"If revenge is a dish best served cold, and revenge is sweet, then revenge is:",False,1,coca cola,UnChecked,0,1
427df71cbf313cacef1a559f198c3db50c1764679b29ae4635a0b081cb0605d4, 1,8/27/2026 11:03 AM,8/27/2026 11:05 AM,,10,MC,,"If revenge is a dish best served cold, and revenge is sweet, then revenge is:",False,1,frozen yogurt,UnChecked,0,1
343ae4ab2e964e691d4477b1b068f01e68a20b8951af22e877fc25aefdae8588, 1,8/27/2026 11:08 AM,8/27/2026 11:11 AM,,1,MC,,"What is the answer to life, the universe, and everything?",False,1,38,UnChecked,0,1
343ae4ab2e964e691d4477b1b068f01e68a20b8951af22e877fc25aefdae8588, 1,8/27/2026 11:08 AM,8/27/2026 11:11 AM,,1,MC,,"What is the answer to life, the universe, and everything?",False,1,39,UnChecked,0,1
343ae4ab2e964e691d4477b1b068f01e68a20b8951af22e877fc25aefdae8588, 1,8/27/2026 11:08 AM,8/27/2026 11:11 AM,,1,MC,,"What is the answer to life, the universe, and everything?",False,1,40,UnChecked,0,1
343ae4ab2e964e691d4477b1b068f01e68a20b8951af22e877fc25aefdae8588, 1,8/27/2026 11:08 AM,8/27/2026 11:11 AM,,1,MC,,"What is the answer to life, the universe, and everything?",False,1,41,Checked,0,1
343ae4ab2e964e691d4477b1b068f01e68a20b8951af22e877fc25aefdae8588, 1,8/27/2026 11:08 AM,8/27/2026 11:11 AM,,2,MC,,"If you choose the answer to this question at random, what is the chance you will be correct?",False,1,25%,Checked,0,1
343ae4ab2e964e691d4477b1b068f01e68a20b8951af22e877fc25aefdae8588, 1,8/27/2026 11:08 AM,8/27/2026 11:11 AM,,2,MC,,"If you choose the answer to this question at random, what is the chance you will be correct?",False,1,50%,UnChecked,0,1
343ae4ab2e964e691d4477b1b068f01e68a20b8951af22e877fc25aefdae8588, 1,8/27/2026 11:08 AM,8/27/2026 11:11 AM,,2,MC,,"If you choose the answer to this question at random, what is the chance you will be correct?",False,1,60%,UnChecked,0,1
343ae4ab2e964e691d4477b1b068f01e68a20b8951af22e877fc25aefdae8588, 1,8/27/2026 11:08 AM,8/27/2026 11:11 AM,,2,MC,,"If you choose the answer to this question at random, what is the chance you will be correct?",False,1,25%,UnChecked,0,1
343ae4ab2e964e691d4477b1b068f01e68a20b8951af22e877fc25aefdae8588, 1,8/27/2026 11:08 AM,8/27/2026 11:11 AM,,3,T/F,,"Should the word ""Abbreviation"" be shorter?",False,1,True,UnChecked,0,1
343ae4ab2e964e691d4477b1b068f01e68a20b8951af22e877fc25aefdae8588, 1,8/27/2026 11:08 AM,8/27/2026 11:11 AM,,3,T/F,,"Should the word ""Abbreviation"" be shorter?",False,1,False,Checked,0,1
343ae4ab2e964e691d4477b1b068f01e68a20b8951af22e877fc25aefdae8588, 1,8/27/2026 11:08 AM,8/27/2026 11:11 AM,,4,MC,,How many letters are in the alphabet?,False,1,11,UnChecked,0,1
343ae4ab2e964e691d4477b1b068f01e68a20b8951af22e877fc25aefdae8588, 1,8/27/2026 11:08 AM,8/27/2026 11:11 AM,,4,MC,,How many letters are in the alphabet?,False,1,7,UnChecked,0,1
343ae4ab2e964e691d4477b1b068f01e68a20b8951af22e877fc25aefdae8588, 1,8/27/2026 11:08 AM,8/27/2026 11:11 AM,,4,MC,,How many letters are in the alphabet?,False,1,26,UnChecked,0,1
343ae4ab2e964e691d4477b1b068f01e68a20b8951af22e877fc25aefdae8588, 1,8/27/2026 11:08 AM,8/27/2026 11:11 AM,,4,MC,,How many letters are in the alphabet?,False,1,11010,Checked,0,1
343ae4ab2e964e691d4477b1b068f01e68a20b8951af22e877fc25aefdae8588, 1,8/27/2026 11:08 AM,8/27/2026 11:11 AM,,5,MC,,"If you take a ship and replaced all of the parts until none of the original parts of this ship are a part of the ship, what happens?",False,1,Disney sues you,UnChecked,1,1
343ae4ab2e964e691d4477b1b068f01e68a20b8951af22e877fc25aefdae8588, 1,8/27/2026 11:08 AM,8/27/2026 11:11 AM,,5,MC,,"If you take a ship and replaced all of the parts until none of the original parts of this ship are a part of the ship, what happens?",False,1,Paul Bettany joins you,UnChecked,1,1
343ae4ab2e964e691d4477b1b068f01e68a20b8951af22e877fc25aefdae8588, 1,8/27/2026 11:08 AM,8/27/2026 11:11 AM,,5,MC,,"If you take a ship and replaced all of the parts until none of the original parts of this ship are a part of the ship, what happens?",False,1,You have two ships,Checked,1,1
343ae4ab2e964e691d4477b1b068f01e68a20b8951af22e877fc25aefdae8588, 1,8/27/2026 11:08 AM,8/27/2026 11:11 AM,,6,T/F,,Something can be both New and Improved,False,1,True,Checked,0,1
343ae4ab2e964e691d4477b1b068f01e68a20b8951af22e877fc25aefdae8588, 1,8/27/2026 11:08 AM,8/27/2026 11:11 AM,,6,T/F,,Something can be both New and Improved,False,1,False,UnChecked,0,1
343ae4ab2e964e691d4477b1b068f01e68a20b8951af22e877fc25aefdae8588, 1,8/27/2026 11:08 AM,8/27/2026 11:11 AM,,7,FIB,,"My bologna has a first name, it's _______ my bologna has a second name, it's _______ ",False,1,Answer for blank # 1,Oscar,0,1
343ae4ab2e964e691d4477b1b068f01e68a20b8951af22e877fc25aefdae8588, 1,8/27/2026 11:08 AM,8/27/2026 11:11 AM,,7,FIB,,"My bologna has a first name, it's _______ my bologna has a second name, it's _______ ",False,1,Answer for blank # 2,Mayer,0,1
343ae4ab2e964e691d4477b1b068f01e68a20b8951af22e877fc25aefdae8588, 1,8/27/2026 11:08 AM,8/27/2026 11:11 AM,,8,MC,,Is your answer to this question 'no'?,False,1,yes,Checked,1,1
343ae4ab2e964e691d4477b1b068f01e68a20b8951af22e877fc25aefdae8588, 1,8/27/2026 11:08 AM,8/27/2026 11:11 AM,,8,MC,,Is your answer to this question 'no'?,False,1,no,UnChecked,1,1
343ae4ab2e964e691d4477b1b068f01e68a20b8951af22e877fc25aefdae8588, 1,8/27/2026 11:08 AM,8/27/2026 11:11 AM,,9,MC,,"In the word ""scent"", which letter is silent?",False,1,s,UnChecked,0,1
343ae4ab2e964e691d4477b1b068f01e68a20b8951af22e877fc25aefdae8588, 1,8/27/2026 11:08 AM,8/27/2026 11:11 AM,,9,MC,,"In the word ""scent"", which letter is silent?",False,1,c,Checked,0,1
343ae4ab2e964e691d4477b1b068f01e68a20b8951af22e877fc25aefdae8588, 1,8/27/2026 11:08 AM,8/27/2026 11:11 AM,,9,MC,,"In the word ""scent"", which letter is silent?",False,1,a,UnChecked,0,1
343ae4ab2e964e691d4477b1b068f01e68a20b8951af22e877fc25aefdae8588, 1,8/27/2026 11:08 AM,8/27/2026 11:11 AM,,9,MC,,"In the word ""scent"", which letter is silent?",False,1,p,UnChecked,0,1
343ae4ab2e964e691d4477b1b068f01e68a20b8951af22e877fc25aefdae8588, 1,8/27/2026 11:08 AM,8/27/2026 11:11 AM,,10,MC,,"If revenge is a dish best served cold, and revenge is sweet, then revenge is:",False,1,ice cream,Checked,1,1
343ae4ab2e964e691d4477b1b068f01e68a20b8951af22e877fc25aefdae8588, 1,8/27/2026 11:08 AM,8/27/2026 11:11 AM,,10,MC,,"If revenge is a dish best served cold, and revenge is sweet, then revenge is:",False,1,coca cola,UnChecked,1,1
343ae4ab2e964e691d4477b1b068f01e68a20b8951af22e877fc25aefdae8588, 1,8/27/2026 11:08 AM,8/27/2026 11:11 AM,,10,MC,,"If revenge is a dish best served cold, and revenge is sweet, then revenge is:",False,1,a popsicle,UnChecked,1,1
343ae4ab2e964e691d4477b1b068f01e68a20b8951af22e877fc25aefdae8588, 1,8/27/2026 11:08 AM,8/27/2026 11:11 AM,,10,MC,,"If revenge is a dish best served cold, and revenge is sweet, then revenge is:",False,1,frozen yogurt,UnChecked,1,1
747d39b25f1a589e10e71dcd1e04d8f0021b72dd5a9f880256d227cdb0c59358, 1,8/27/2026 11:07 AM,8/27/2026 11:09 AM,,1,MC,,"What is the answer to life, the universe, and everything?",False,1,38,UnChecked,0,1
747d39b25f1a589e10e71dcd1e04d8f0021b72dd5a9f880256d227cdb0c59358, 1,8/27/2026 11:07 AM,8/27/2026 11:09 AM,,1,MC,,"What is the answer to life, the universe, and everything?",False,1,39,UnChecked,0,1
747d39b25f1a589e10e71dcd1e04d8f0021b72dd5a9f880256d227cdb0c59358, 1,8/27/2026 11:07 AM,8/27/2026 11:09 AM,,1,MC,,"What is the answer to life, the universe, and everything?",False,1,40,UnChecked,0,1
747d39b25f1a589e10e71dcd1e04d8f0021b72dd5a9f880256d227cdb0c59358, 1,8/27/2026 11:07 AM,8/27/2026 11:09 AM,,1,MC,,"What is the answer to life, the universe, and everything?",False,1,41,Checked,0,1
747d39b25f1a589e10e71dcd1e04d8f0021b72dd5a9f880256d227cdb0c59358, 1,8/27/2026 11:07 AM,8/27/2026 11:09 AM,,2,MC,,"If you choose the answer to this question at random, what is the chance you will be correct?",False,1,25%,UnChecked,0,1
747d39b25f1a589e10e71dcd1e04d8f0021b72dd5a9f880256d227cdb0c59358, 1,8/27/2026 11:07 AM,8/27/2026 11:09 AM,,2,MC,,"If you choose the answer to this question at random, what is the chance you will be correct?",False,1,50%,UnChecked,0,1
747d39b25f1a589e10e71dcd1e04d8f0021b72dd5a9f880256d227cdb0c59358, 1,8/27/2026 11:07 AM,8/27/2026 11:09 AM,,2,MC,,"If you choose the answer to this question at random, what is the chance you will be correct?",False,1,60%,UnChecked,0,1
747d39b25f1a589e10e71dcd1e04d8f0021b72dd5a9f880256d227cdb0c59358, 1,8/27/2026 11:07 AM,8/27/2026 11:09 AM,,2,MC,,"If you choose the answer to this question at random, what is the chance you will be correct?",False,1,25%,Checked,0,1
747d39b25f1a589e10e71dcd1e04d8f0021b72dd5a9f880256d227cdb0c59358, 1,8/27/2026 11:07 AM,8/27/2026 11:09 AM,,3,T/F,,"Should the word ""Abbreviation"" be shorter?",False,1,True,UnChecked,0,1
747d39b25f1a589e10e71dcd1e04d8f0021b72dd5a9f880256d227cdb0c59358, 1,8/27/2026 11:07 AM,8/27/2026 11:09 AM,,3,T/F,,"Should the word ""Abbreviation"" be shorter?",False,1,False,Checked,0,1
747d39b25f1a589e10e71dcd1e04d8f0021b72dd5a9f880256d227cdb0c59358, 1,8/27/2026 11:07 AM,8/27/2026 11:09 AM,,4,MC,,How many letters are in the alphabet?,False,1,11,UnChecked,0,1
747d39b25f1a589e10e71dcd1e04d8f0021b72dd5a9f880256d227cdb0c59358, 1,8/27/2026 11:07 AM,8/27/2026 11:09 AM,,4,MC,,How many letters are in the alphabet?,False,1,7,UnChecked,0,1
747d39b25f1a589e10e71dcd1e04d8f0021b72dd5a9f880256d227cdb0c59358, 1,8/27/2026 11:07 AM,8/27/2026 11:09 AM,,4,MC,,How many letters are in the alphabet?,False,1,26,Checked,0,1
747d39b25f1a589e10e71dcd1e04d8f0021b72dd5a9f880256d227cdb0c59358, 1,8/27/2026 11:07 AM,8/27/2026 11:09 AM,,4,MC,,How many letters are in the alphabet?,False,1,11010,UnChecked,0,1
747d39b25f1a589e10e71dcd1e04d8f0021b72dd5a9f880256d227cdb0c59358, 1,8/27/2026 11:07 AM,8/27/2026 11:09 AM,,5,MC,,"If you take a ship and replaced all of the parts until none of the original parts of this ship are a part of the ship, what happens?",False,1,Disney sues you,UnChecked,1,1
747d39b25f1a589e10e71dcd1e04d8f0021b72dd5a9f880256d227cdb0c59358, 1,8/27/2026 11:07 AM,8/27/2026 11:09 AM,,5,MC,,"If you take a ship and replaced all of the parts until none of the original parts of this ship are a part of the ship, what happens?",False,1,Paul Bettany joins you,UnChecked,1,1
747d39b25f1a589e10e71dcd1e04d8f0021b72dd5a9f880256d227cdb0c59358, 1,8/27/2026 11:07 AM,8/27/2026 11:09 AM,,5,MC,,"If you take a ship and replaced all of the parts until none of the original parts of this ship are a part of the ship, what happens?",False,1,You have two ships,Checked,1,1
747d39b25f1a589e10e71dcd1e04d8f0021b72dd5a9f880256d227cdb0c59358, 1,8/27/2026 11:07 AM,8/27/2026 11:09 AM,,6,T/F,,Something can be both New and Improved,False,1,True,Checked,0,1
747d39b25f1a589e10e71dcd1e04d8f0021b72dd5a9f880256d227cdb0c59358, 1,8/27/2026 11:07 AM,8/27/2026 11:09 AM,,6,T/F,,Something can be both New and Improved,False,1,False,UnChecked,0,1
747d39b25f1a589e10e71dcd1e04d8f0021b72dd5a9f880256d227cdb0c59358, 1,8/27/2026 11:07 AM,8/27/2026 11:09 AM,,7,FIB,,"My bologna has a first name, it's _______ my bologna has a second name, it's _______ ",False,1,Answer for blank # 1,a,0,1
747d39b25f1a589e10e71dcd1e04d8f0021b72dd5a9f880256d227cdb0c59358, 1,8/27/2026 11:07 AM,8/27/2026 11:09 AM,,7,FIB,,"My bologna has a first name, it's _______ my bologna has a second name, it's _______ ",False,1,Answer for blank # 2,b,0,1
747d39b25f1a589e10e71dcd1e04d8f0021b72dd5a9f880256d227cdb0c59358, 1,8/27/2026 11:07 AM,8/27/2026 11:09 AM,,8,MC,,Is your answer to this question 'no'?,False,1,yes,UnChecked,0,1
747d39b25f1a589e10e71dcd1e04d8f0021b72dd5a9f880256d227cdb0c59358, 1,8/27/2026 11:07 AM,8/27/2026 11:09 AM,,8,MC,,Is your answer to this question 'no'?,False,1,no,Checked,0,1
747d39b25f1a589e10e71dcd1e04d8f0021b72dd5a9f880256d227cdb0c59358, 1,8/27/2026 11:07 AM,8/27/2026 11:09 AM,,9,MC,,"In the word ""scent"", which letter is silent?",False,1,s,UnChecked,0,1
747d39b25f1a589e10e71dcd1e04d8f0021b72dd5a9f880256d227cdb0c59358, 1,8/27/2026 11:07 AM,8/27/2026 11:09 AM,,9,MC,,"In the word ""scent"", which letter is silent?",False,1,c,Checked,0,1
747d39b25f1a589e10e71dcd1e04d8f0021b72dd5a9f880256d227cdb0c59358, 1,8/27/2026 11:07 AM,8/27/2026 11:09 AM,,9,MC,,"In the word ""scent"", which letter is silent?",False,1,a,UnChecked,0,1
747d39b25f1a589e10e71dcd1e04d8f0021b72dd5a9f880256d227cdb0c59358, 1,8/27/2026 11:07 AM,8/27/2026 11:09 AM,,9,MC,,"In the word ""scent"", which letter is silent?",False,1,p,UnChecked,0,1
747d39b25f1a589e10e71dcd1e04d8f0021b72dd5a9f880256d227cdb0c59358, 1,8/27/2026 11:07 AM,8/27/2026 11:09 AM,,10,MC,,"If revenge is a dish best served cold, and revenge is sweet, then revenge is:",False,1,frozen yogurt,UnChecked,1,1
747d39b25f1a589e10e71dcd1e04d8f0021b72dd5a9f880256d227cdb0c59358, 1,8/27/2026 11:07 AM,8/27/2026 11:09 AM,,10,MC,,"If revenge is a dish best served cold, and revenge is sweet, then revenge is:",False,1,ice cream,Checked,1,1
747d39b25f1a589e10e71dcd1e04d8f0021b72dd5a9f880256d227cdb0c59358, 1,8/27/2026 11:07 AM,8/27/2026 11:09 AM,,10,MC,,"If revenge is a dish best served cold, and revenge is sweet, then revenge is:",False,1,coca cola,UnChecked,1,1
747d39b25f1a589e10e71dcd1e04d8f0021b72dd5a9f880256d227cdb0c59358, 1,8/27/2026 11:07 AM,8/27/2026 11:09 AM,,10,MC,,"If revenge is a dish best served cold, and revenge is sweet, then revenge is:",False,1,a popsicle,UnChecked,1,1
3bcff0a6cdc5113552f56aa8b8e5f58d698cf17daedd1195c3ff709881bd9f4b, 1,8/27/2026 11:07 AM,8/27/2026 11:09 AM,,1,MC,,"What is the answer to life, the universe, and everything?",False,1,38,UnChecked,0,1
3bcff0a6cdc5113552f56aa8b8e5f58d698cf17daedd1195c3ff709881bd9f4b, 1,8/27/2026 11:07 AM,8/27/2026 11:09 AM,,1,MC,,"What is the answer to life, the universe, and everything?",False,1,39,UnChecked,0,1
3bcff0a6cdc5113552f56aa8b8e5f58d698cf17daedd1195c3ff709881bd9f4b, 1,8/27/2026 11:07 AM,8/27/2026 11:09 AM,,1,MC,,"What is the answer to life, the universe, and everything?",False,1,40,UnChecked,0,1
3bcff0a6cdc5113552f56aa8b8e5f58d698cf17daedd1195c3ff709881bd9f4b, 1,8/27/2026 11:07 AM,8/27/2026 11:09 AM,,1,MC,,"What is the answer to life, the universe, and everything?",False,1,41,Checked,0,1
3bcff0a6cdc5113552f56aa8b8e5f58d698cf17daedd1195c3ff709881bd9f4b, 1,8/27/2026 11:07 AM,8/27/2026 11:09 AM,,2,MC,,"If you choose the answer to this question at random, what is the chance you will be correct?",False,1,25%,Checked,0,1
3bcff0a6cdc5113552f56aa8b8e5f58d698cf17daedd1195c3ff709881bd9f4b, 1,8/27/2026 11:07 AM,8/27/2026 11:09 AM,,2,MC,,"If you choose the answer to this question at random, what is the chance you will be correct?",False,1,50%,UnChecked,0,1
3bcff0a6cdc5113552f56aa8b8e5f58d698cf17daedd1195c3ff709881bd9f4b, 1,8/27/2026 11:07 AM,8/27/2026 11:09 AM,,2,MC,,"If you choose the answer to this question at random, what is the chance you will be correct?",False,1,60%,UnChecked,0,1
3bcff0a6cdc5113552f56aa8b8e5f58d698cf17daedd1195c3ff709881bd9f4b, 1,8/27/2026 11:07 AM,8/27/2026 11:09 AM,,2,MC,,"If you choose the answer to this question at random, what is the chance you will be correct?",False,1,25%,UnChecked,0,1
3bcff0a6cdc5113552f56aa8b8e5f58d698cf17daedd1195c3ff709881bd9f4b, 1,8/27/2026 11:07 AM,8/27/2026 11:09 AM,,3,T/F,,"Should the word ""Abbreviation"" be shorter?",False,1,True,UnChecked,0,1
3bcff0a6cdc5113552f56aa8b8e5f58d698cf17daedd1195c3ff709881bd9f4b, 1,8/27/2026 11:07 AM,8/27/2026 11:09 AM,,3,T/F,,"Should the word ""Abbreviation"" be shorter?",False,1,False,Checked,0,1
3bcff0a6cdc5113552f56aa8b8e5f58d698cf17daedd1195c3ff709881bd9f4b, 1,8/27/2026 11:07 AM,8/27/2026 11:09 AM,,4,MC,,How many letters are in the alphabet?,False,1,11,UnChecked,0,1
3bcff0a6cdc5113552f56aa8b8e5f58d698cf17daedd1195c3ff709881bd9f4b, 1,8/27/2026 11:07 AM,8/27/2026 11:09 AM,,4,MC,,How many letters are in the alphabet?,False,1,7,UnChecked,0,1
3bcff0a6cdc5113552f56aa8b8e5f58d698cf17daedd1195c3ff709881bd9f4b, 1,8/27/2026 11:07 AM,8/27/2026 11:09 AM,,4,MC,,How many letters are in the alphabet?,False,1,26,UnChecked,0,1
3bcff0a6cdc5113552f56aa8b8e5f58d698cf17daedd1195c3ff709881bd9f4b, 1,8/27/2026 11:07 AM,8/27/2026 11:09 AM,,4,MC,,How many letters are in the alphabet?,False,1,11010,Checked,0,1
3bcff0a6cdc5113552f56aa8b8e5f58d698cf17daedd1195c3ff709881bd9f4b, 1,8/27/2026 11:07 AM,8/27/2026 11:09 AM,,5,MC,,"If you take a ship and replaced all of the parts until none of the original parts of this ship are a part of the ship, what happens?",False,1,Disney sues you,Checked,0,1
3bcff0a6cdc5113552f56aa8b8e5f58d698cf17daedd1195c3ff709881bd9f4b, 1,8/27/2026 11:07 AM,8/27/2026 11:09 AM,,5,MC,,"If you take a ship and replaced all of the parts until none of the original parts of this ship are a part of the ship, what happens?",False,1,Paul Bettany joins you,UnChecked,0,1
3bcff0a6cdc5113552f56aa8b8e5f58d698cf17daedd1195c3ff709881bd9f4b, 1,8/27/2026 11:07 AM,8/27/2026 11:09 AM,,5,MC,,"If you take a ship and replaced all of the parts until none of the original parts of this ship are a part of the ship, what happens?",False,1,You have two ships,UnChecked,0,1
3bcff0a6cdc5113552f56aa8b8e5f58d698cf17daedd1195c3ff709881bd9f4b, 1,8/27/2026 11:07 AM,8/27/2026 11:09 AM,,6,T/F,,Something can be both New and Improved,False,1,True,Checked,0,1
3bcff0a6cdc5113552f56aa8b8e5f58d698cf17daedd1195c3ff709881bd9f4b, 1,8/27/2026 11:07 AM,8/27/2026 11:09 AM,,6,T/F,,Something can be both New and Improved,False,1,False,UnChecked,0,1
3bcff0a6cdc5113552f56aa8b8e5f58d698cf17daedd1195c3ff709881bd9f4b, 1,8/27/2026 11:07 AM,8/27/2026 11:09 AM,,7,FIB,,"My bologna has a first name, it's _______ my bologna has a second name, it's _______ ",False,1,Answer for blank # 1,bologna,0,1
3bcff0a6cdc5113552f56aa8b8e5f58d698cf17daedd1195c3ff709881bd9f4b, 1,8/27/2026 11:07 AM,8/27/2026 11:09 AM,,7,FIB,,"My bologna has a first name, it's _______ my bologna has a second name, it's _______ ",False,1,Answer for blank # 2,boloney,0,1
3bcff0a6cdc5113552f56aa8b8e5f58d698cf17daedd1195c3ff709881bd9f4b, 1,8/27/2026 11:07 AM,8/27/2026 11:09 AM,,8,MC,,Is your answer to this question 'no'?,False,1,yes,UnChecked,0,1
3bcff0a6cdc5113552f56aa8b8e5f58d698cf17daedd1195c3ff709881bd9f4b, 1,8/27/2026 11:07 AM,8/27/2026 11:09 AM,,8,MC,,Is your answer to this question 'no'?,False,1,no,Checked,0,1
3bcff0a6cdc5113552f56aa8b8e5f58d698cf17daedd1195c3ff709881bd9f4b, 1,8/27/2026 11:07 AM,8/27/2026 11:09 AM,,9,MC,,"In the word ""scent"", which letter is silent?",False,1,s,UnChecked,0,1
3bcff0a6cdc5113552f56aa8b8e5f58d698cf17daedd1195c3ff709881bd9f4b, 1,8/27/2026 11:07 AM,8/27/2026 11:09 AM,,9,MC,,"In the word ""scent"", which letter is silent?",False,1,c,UnChecked,0,1
3bcff0a6cdc5113552f56aa8b8e5f58d698cf17daedd1195c3ff709881bd9f4b, 1,8/27/2026 11:07 AM,8/27/2026 11:09 AM,,9,MC,,"In the word ""scent"", which letter is silent?",False,1,a,UnChecked,0,1
3bcff0a6cdc5113552f56aa8b8e5f58d698cf17daedd1195c3ff709881bd9f4b, 1,8/27/2026 11:07 AM,8/27/2026 11:09 AM,,9,MC,,"In the word ""scent"", which letter is silent?",False,1,p,Checked,0,1
3bcff0a6cdc5113552f56aa8b8e5f58d698cf17daedd1195c3ff709881bd9f4b, 1,8/27/2026 11:07 AM,8/27/2026 11:09 AM,,10,MC,,"If revenge is a dish best served cold, and revenge is sweet, then revenge is:",False,1,a popsicle,UnChecked,0,1
3bcff0a6cdc5113552f56aa8b8e5f58d698cf17daedd1195c3ff709881bd9f4b, 1,8/27/2026 11:07 AM,8/27/2026 11:09 AM,,10,MC,,"If revenge is a dish best served cold, and revenge is sweet, then revenge is:",False,1,coca cola,Checked,0,1
3bcff0a6cdc5113552f56aa8b8e5f58d698cf17daedd1195c3ff709881bd9f4b, 1,8/27/2026 11:07 AM,8/27/2026 11:09 AM,,10,MC,,"If revenge is a dish best served cold, and revenge is sweet, then revenge is:",False,1,frozen yogurt,UnChecked,0,1
3bcff0a6cdc5113552f56aa8b8e5f58d698cf17daedd1195c3ff709881bd9f4b, 1,8/27/2026 11:07 AM,8/27/2026 11:09 AM,,10,MC,,"If revenge is a dish best served cold, and revenge is sweet, then revenge is:",False,1,ice cream,UnChecked,0,1
8b788f3a42d8cae3b6fe3a4ec5da0b2e358c57efbeaa53c49ea56bfd5076ca85, 1,8/27/2026 11:07 AM,8/27/2026 11:10 AM,,1,MC,,"What is the answer to life, the universe, and everything?",False,1,38,UnChecked,0,1
8b788f3a42d8cae3b6fe3a4ec5da0b2e358c57efbeaa53c49ea56bfd5076ca85, 1,8/27/2026 11:07 AM,8/27/2026 11:10 AM,,1,MC,,"What is the answer to life, the universe, and everything?",False,1,39,UnChecked,0,1
8b788f3a42d8cae3b6fe3a4ec5da0b2e358c57efbeaa53c49ea56bfd5076ca85, 1,8/27/2026 11:07 AM,8/27/2026 11:10 AM,,1,MC,,"What is the answer to life, the universe, and everything?",False,1,40,UnChecked,0,1
8b788f3a42d8cae3b6fe3a4ec5da0b2e358c57efbeaa53c49ea56bfd5076ca85, 1,8/27/2026 11:07 AM,8/27/2026 11:10 AM,,1,MC,,"What is the answer to life, the universe, and everything?",False,1,41,Checked,0,1
8b788f3a42d8cae3b6fe3a4ec5da0b2e358c57efbeaa53c49ea56bfd5076ca85, 1,8/27/2026 11:07 AM,8/27/2026 11:10 AM,,2,MC,,"If you choose the answer to this question at random, what is the chance you will be correct?",False,1,25%,UnChecked,1,1
8b788f3a42d8cae3b6fe3a4ec5da0b2e358c57efbeaa53c49ea56bfd5076ca85, 1,8/27/2026 11:07 AM,8/27/2026 11:10 AM,,2,MC,,"If you choose the answer to this question at random, what is the chance you will be correct?",False,1,50%,UnChecked,1,1
8b788f3a42d8cae3b6fe3a4ec5da0b2e358c57efbeaa53c49ea56bfd5076ca85, 1,8/27/2026 11:07 AM,8/27/2026 11:10 AM,,2,MC,,"If you choose the answer to this question at random, what is the chance you will be correct?",False,1,60%,Checked,1,1
8b788f3a42d8cae3b6fe3a4ec5da0b2e358c57efbeaa53c49ea56bfd5076ca85, 1,8/27/2026 11:07 AM,8/27/2026 11:10 AM,,2,MC,,"If you choose the answer to this question at random, what is the chance you will be correct?",False,1,25%,UnChecked,1,1
8b788f3a42d8cae3b6fe3a4ec5da0b2e358c57efbeaa53c49ea56bfd5076ca85, 1,8/27/2026 11:07 AM,8/27/2026 11:10 AM,,3,T/F,,"Should the word ""Abbreviation"" be shorter?",False,1,True,Checked,1,1
8b788f3a42d8cae3b6fe3a4ec5da0b2e358c57efbeaa53c49ea56bfd5076ca85, 1,8/27/2026 11:07 AM,8/27/2026 11:10 AM,,3,T/F,,"Should the word ""Abbreviation"" be shorter?",False,1,False,UnChecked,1,1
8b788f3a42d8cae3b6fe3a4ec5da0b2e358c57efbeaa53c49ea56bfd5076ca85, 1,8/27/2026 11:07 AM,8/27/2026 11:10 AM,,4,MC,,How many letters are in the alphabet?,False,1,11,UnChecked,0,1
8b788f3a42d8cae3b6fe3a4ec5da0b2e358c57efbeaa53c49ea56bfd5076ca85, 1,8/27/2026 11:07 AM,8/27/2026 11:10 AM,,4,MC,,How many letters are in the alphabet?,False,1,7,UnChecked,0,1
8b788f3a42d8cae3b6fe3a4ec5da0b2e358c57efbeaa53c49ea56bfd5076ca85, 1,8/27/2026 11:07 AM,8/27/2026 11:10 AM,,4,MC,,How many letters are in the alphabet?,False,1,26,UnChecked,0,1
8b788f3a42d8cae3b6fe3a4ec5da0b2e358c57efbeaa53c49ea56bfd5076ca85, 1,8/27/2026 11:07 AM,8/27/2026 11:10 AM,,4,MC,,How many letters are in the alphabet?,False,1,11010,Checked,0,1
8b788f3a42d8cae3b6fe3a4ec5da0b2e358c57efbeaa53c49ea56bfd5076ca85, 1,8/27/2026 11:07 AM,8/27/2026 11:10 AM,,5,MC,,"If you take a ship and replaced all of the parts until none of the original parts of this ship are a part of the ship, what happens?",False,1,Disney sues you,UnChecked,0,1
8b788f3a42d8cae3b6fe3a4ec5da0b2e358c57efbeaa53c49ea56bfd5076ca85, 1,8/27/2026 11:07 AM,8/27/2026 11:10 AM,,5,MC,,"If you take a ship and replaced all of the parts until none of the original parts of this ship are a part of the ship, what happens?",False,1,Paul Bettany joins you,Checked,0,1
8b788f3a42d8cae3b6fe3a4ec5da0b2e358c57efbeaa53c49ea56bfd5076ca85, 1,8/27/2026 11:07 AM,8/27/2026 11:10 AM,,5,MC,,"If you take a ship and replaced all of the parts until none of the original parts of this ship are a part of the ship, what happens?",False,1,You have two ships,UnChecked,0,1
8b788f3a42d8cae3b6fe3a4ec5da0b2e358c57efbeaa53c49ea56bfd5076ca85, 1,8/27/2026 11:07 AM,8/27/2026 11:10 AM,,6,T/F,,Something can be both New and Improved,False,1,True,Checked,0,1
8b788f3a42d8cae3b6fe3a4ec5da0b2e358c57efbeaa53c49ea56bfd5076ca85, 1,8/27/2026 11:07 AM,8/27/2026 11:10 AM,,6,T/F,,Something can be both New and Improved,False,1,False,UnChecked,0,1
8b788f3a42d8cae3b6fe3a4ec5da0b2e358c57efbeaa53c49ea56bfd5076ca85, 1,8/27/2026 11:07 AM,8/27/2026 11:10 AM,,7,FIB,,"My bologna has a first name, it's _______ my bologna has a second name, it's _______ ",False,1,Answer for blank # 1,Mark,0,1
8b788f3a42d8cae3b6fe3a4ec5da0b2e358c57efbeaa53c49ea56bfd5076ca85, 1,8/27/2026 11:07 AM,8/27/2026 11:10 AM,,7,FIB,,"My bologna has a first name, it's _______ my bologna has a second name, it's _______ ",False,1,Answer for blank # 2,John Quifrey Leopald II,0,1
8b788f3a42d8cae3b6fe3a4ec5da0b2e358c57efbeaa53c49ea56bfd5076ca85, 1,8/27/2026 11:07 AM,8/27/2026 11:10 AM,,8,MC,,Is your answer to this question 'no'?,False,1,yes,Checked,1,1
8b788f3a42d8cae3b6fe3a4ec5da0b2e358c57efbeaa53c49ea56bfd5076ca85, 1,8/27/2026 11:07 AM,8/27/2026 11:10 AM,,8,MC,,Is your answer to this question 'no'?,False,1,no,UnChecked,1,1
8b788f3a42d8cae3b6fe3a4ec5da0b2e358c57efbeaa53c49ea56bfd5076ca85, 1,8/27/2026 11:07 AM,8/27/2026 11:10 AM,,9,MC,,"In the word ""scent"", which letter is silent?",False,1,s,UnChecked,1,1
8b788f3a42d8cae3b6fe3a4ec5da0b2e358c57efbeaa53c49ea56bfd5076ca85, 1,8/27/2026 11:07 AM,8/27/2026 11:10 AM,,9,MC,,"In the word ""scent"", which letter is silent?",False,1,c,UnChecked,1,1
8b788f3a42d8cae3b6fe3a4ec5da0b2e358c57efbeaa53c49ea56bfd5076ca85, 1,8/27/2026 11:07 AM,8/27/2026 11:10 AM,,9,MC,,"In the word ""scent"", which letter is silent?",False,1,a,Checked,1,1
8b788f3a42d8cae3b6fe3a4ec5da0b2e358c57efbeaa53c49ea56bfd5076ca85, 1,8/27/2026 11:07 AM,8/27/2026 11:10 AM,,9,MC,,"In the word ""scent"", which letter is silent?",False,1,p,UnChecked,1,1
8b788f3a42d8cae3b6fe3a4ec5da0b2e358c57efbeaa53c49ea56bfd5076ca85, 1,8/27/2026 11:07 AM,8/27/2026 11:10 AM,,10,MC,,"If revenge is a dish best served cold, and revenge is sweet, then revenge is:",False,1,a popsicle,UnChecked,0,1
8b788f3a42d8cae3b6fe3a4ec5da0b2e358c57efbeaa53c49ea56bfd5076ca85, 1,8/27/2026 11:07 AM,8/27/2026 11:10 AM,,10,MC,,"If revenge is a dish best served cold, and revenge is sweet, then revenge is:",False,1,frozen yogurt,Checked,0,1
8b788f3a42d8cae3b6fe3a4ec5da0b2e358c57efbeaa53c49ea56bfd5076ca85, 1,8/27/2026 11:07 AM,8/27/2026 11:10 AM,,10,MC,,"If revenge is a dish best served cold, and revenge is sweet, then revenge is:",False,1,ice cream,UnChecked,0,1
8b788f3a42d8cae3b6fe3a4ec5da0b2e358c57efbeaa53c49ea56bfd5076ca85, 1,8/27/2026 11:07 AM,8/27/2026 11:10 AM,,10,MC,,"If revenge is a dish best served cold, and revenge is sweet, then revenge is:",False,1,coca cola,UnChecked,0,1
31b46a6186a97cd6c07d5336a1a88f5957f55fb87c19e0f60942052f4048ae45, 1,8/27/2026 11:07 AM,8/27/2026 11:10 AM,,1,MC,,"What is the answer to life, the universe, and everything?",False,1,38,UnChecked,0,1
31b46a6186a97cd6c07d5336a1a88f5957f55fb87c19e0f60942052f4048ae45, 1,8/27/2026 11:07 AM,8/27/2026 11:10 AM,,1,MC,,"What is the answer to life, the universe, and everything?",False,1,39,UnChecked,0,1
31b46a6186a97cd6c07d5336a1a88f5957f55fb87c19e0f60942052f4048ae45, 1,8/27/2026 11:07 AM,8/27/2026 11:10 AM,,1,MC,,"What is the answer to life, the universe, and everything?",False,1,40,Checked,0,1
31b46a6186a97cd6c07d5336a1a88f5957f55fb87c19e0f60942052f4048ae45, 1,8/27/2026 11:07 AM,8/27/2026 11:10 AM,,1,MC,,"What is the answer to life, the universe, and everything?",False,1,41,UnChecked,0,1
31b46a6186a97cd6c07d5336a1a88f5957f55fb87c19e0f60942052f4048ae45, 1,8/27/2026 11:07 AM,8/27/2026 11:10 AM,,2,MC,,"If you choose the answer to this question at random, what is the chance you will be correct?",False,1,25%,Checked,0,1
31b46a6186a97cd6c07d5336a1a88f5957f55fb87c19e0f60942052f4048ae45, 1,8/27/2026 11:07 AM,8/27/2026 11:10 AM,,2,MC,,"If you choose the answer to this question at random, what is the chance you will be correct?",False,1,50%,UnChecked,0,1
31b46a6186a97cd6c07d5336a1a88f5957f55fb87c19e0f60942052f4048ae45, 1,8/27/2026 11:07 AM,8/27/2026 11:10 AM,,2,MC,,"If you choose the answer to this question at random, what is the chance you will be correct?",False,1,60%,UnChecked,0,1
31b46a6186a97cd6c07d5336a1a88f5957f55fb87c19e0f60942052f4048ae45, 1,8/27/2026 11:07 AM,8/27/2026 11:10 AM,,2,MC,,"If you choose the answer to this question at random, what is the chance you will be correct?",False,1,25%,UnChecked,0,1
31b46a6186a97cd6c07d5336a1a88f5957f55fb87c19e0f60942052f4048ae45, 1,8/27/2026 11:07 AM,8/27/2026 11:10 AM,,3,T/F,,"Should the word ""Abbreviation"" be shorter?",False,1,True,Checked,1,1
31b46a6186a97cd6c07d5336a1a88f5957f55fb87c19e0f60942052f4048ae45, 1,8/27/2026 11:07 AM,8/27/2026 11:10 AM,,3,T/F,,"Should the word ""Abbreviation"" be shorter?",False,1,False,UnChecked,1,1
31b46a6186a97cd6c07d5336a1a88f5957f55fb87c19e0f60942052f4048ae45, 1,8/27/2026 11:07 AM,8/27/2026 11:10 AM,,4,MC,,How many letters are in the alphabet?,False,1,11,UnChecked,0,1
31b46a6186a97cd6c07d5336a1a88f5957f55fb87c19e0f60942052f4048ae45, 1,8/27/2026 11:07 AM,8/27/2026 11:10 AM,,4,MC,,How many letters are in the alphabet?,False,1,7,UnChecked,0,1
31b46a6186a97cd6c07d5336a1a88f5957f55fb87c19e0f60942052f4048ae45, 1,8/27/2026 11:07 AM,8/27/2026 11:10 AM,,4,MC,,How many letters are in the alphabet?,False,1,26,Checked,0,1
31b46a6186a97cd6c07d5336a1a88f5957f55fb87c19e0f60942052f4048ae45, 1,8/27/2026 11:07 AM,8/27/2026 11:10 AM,,4,MC,,How many letters are in the alphabet?,False,1,11010,UnChecked,0,1
31b46a6186a97cd6c07d5336a1a88f5957f55fb87c19e0f60942052f4048ae45, 1,8/27/2026 11:07 AM,8/27/2026 11:10 AM,,5,MC,,"If you take a ship and replaced all of the parts until none of the original parts of this ship are a part of the ship, what happens?",False,1,Disney sues you,UnChecked,1,1
31b46a6186a97cd6c07d5336a1a88f5957f55fb87c19e0f60942052f4048ae45, 1,8/27/2026 11:07 AM,8/27/2026 11:10 AM,,5,MC,,"If you take a ship and replaced all of the parts until none of the original parts of this ship are a part of the ship, what happens?",False,1,Paul Bettany joins you,UnChecked,1,1
31b46a6186a97cd6c07d5336a1a88f5957f55fb87c19e0f60942052f4048ae45, 1,8/27/2026 11:07 AM,8/27/2026 11:10 AM,,5,MC,,"If you take a ship and replaced all of the parts until none of the original parts of this ship are a part of the ship, what happens?",False,1,You have two ships,Checked,1,1
31b46a6186a97cd6c07d5336a1a88f5957f55fb87c19e0f60942052f4048ae45, 1,8/27/2026 11:07 AM,8/27/2026 11:10 AM,,6,T/F,,Something can be both New and Improved,False,1,True,Checked,0,1
31b46a6186a97cd6c07d5336a1a88f5957f55fb87c19e0f60942052f4048ae45, 1,8/27/2026 11:07 AM,8/27/2026 11:10 AM,,6,T/F,,Something can be both New and Improved,False,1,False,UnChecked,0,1
31b46a6186a97cd6c07d5336a1a88f5957f55fb87c19e0f60942052f4048ae45, 1,8/27/2026 11:07 AM,8/27/2026 11:10 AM,,7,FIB,,"My bologna has a first name, it's _______ my bologna has a second name, it's _______ ",False,1,Answer for blank # 1,John,0,1
31b46a6186a97cd6c07d5336a1a88f5957f55fb87c19e0f60942052f4048ae45, 1,8/27/2026 11:07 AM,8/27/2026 11:10 AM,,7,FIB,,"My bologna has a first name, it's _______ my bologna has a second name, it's _______ ",False,1,Answer for blank # 2,Pork,0,1
31b46a6186a97cd6c07d5336a1a88f5957f55fb87c19e0f60942052f4048ae45, 1,8/27/2026 11:07 AM,8/27/2026 11:10 AM,,8,MC,,Is your answer to this question 'no'?,False,1,yes,Checked,1,1
31b46a6186a97cd6c07d5336a1a88f5957f55fb87c19e0f60942052f4048ae45, 1,8/27/2026 11:07 AM,8/27/2026 11:10 AM,,8,MC,,Is your answer to this question 'no'?,False,1,no,UnChecked,1,1
31b46a6186a97cd6c07d5336a1a88f5957f55fb87c19e0f60942052f4048ae45, 1,8/27/2026 11:07 AM,8/27/2026 11:10 AM,,9,MC,,"In the word ""scent"", which letter is silent?",False,1,s,Checked,0,1
31b46a6186a97cd6c07d5336a1a88f5957f55fb87c19e0f60942052f4048ae45, 1,8/27/2026 11:07 AM,8/27/2026 11:10 AM,,9,MC,,"In the word ""scent"", which letter is silent?",False,1,c,UnChecked,0,1
31b46a6186a97cd6c07d5336a1a88f5957f55fb87c19e0f60942052f4048ae45, 1,8/27/2026 11:07 AM,8/27/2026 11:10 AM,,9,MC,,"In the word ""scent"", which letter is silent?",False,1,a,UnChecked,0,1
31b46a6186a97cd6c07d5336a1a88f5957f55fb87c19e0f60942052f4048ae45, 1,8/27/2026 11:07 AM,8/27/2026 11:10 AM,,9,MC,,"In the word ""scent"", which letter is silent?",False,1,p,UnChecked,0,1
31b46a6186a97cd6c07d5336a1a88f5957f55fb87c19e0f60942052f4048ae45, 1,8/27/2026 11:07 AM,8/27/2026 11:10 AM,,10,MC,,"If revenge is a dish best served cold, and revenge is sweet, then revenge is:",False,1,frozen yogurt,UnChecked,1,1
31b46a6186a97cd6c07d5336a1a88f5957f55fb87c19e0f60942052f4048ae45, 1,8/27/2026 11:07 AM,8/27/2026 11:10 AM,,10,MC,,"If revenge is a dish best served cold, and revenge is sweet, then revenge is:",False,1,ice cream,Checked,1,1
31b46a6186a97cd6c07d5336a1a88f5957f55fb87c19e0f60942052f4048ae45, 1,8/27/2026 11:07 AM,8/27/2026 11:10 AM,,10,MC,,"If revenge is a dish best served cold, and revenge is sweet, then revenge is:",False,1,a popsicle,UnChecked,1,1
31b46a6186a97cd6c07d5336a1a88f5957f55fb87c19e0f60942052f4048ae45, 1,8/27/2026 11:07 AM,8/27/2026 11:10 AM,,10,MC,,"If revenge is a dish best served cold, and revenge is sweet, then revenge is:",False,1,coca cola,UnChecked,1,1
5bdf7d68245b4ce49cd5f721f092fb11ce0c77530c504015c3565ddc9bcc8dcb, 1,8/27/2026 11:07 AM,8/27/2026 11:09 AM,,1,MC,,"What is the answer to life, the universe, and everything?",False,1,38,UnChecked,0,1
5bdf7d68245b4ce49cd5f721f092fb11ce0c77530c504015c3565ddc9bcc8dcb, 1,8/27/2026 11:07 AM,8/27/2026 11:09 AM,,1,MC,,"What is the answer to life, the universe, and everything?",False,1,39,UnChecked,0,1
5bdf7d68245b4ce49cd5f721f092fb11ce0c77530c504015c3565ddc9bcc8dcb, 1,8/27/2026 11:07 AM,8/27/2026 11:09 AM,,1,MC,,"What is the answer to life, the universe, and everything?",False,1,40,UnChecked,0,1
5bdf7d68245b4ce49cd5f721f092fb11ce0c77530c504015c3565ddc9bcc8dcb, 1,8/27/2026 11:07 AM,8/27/2026 11:09 AM,,1,MC,,"What is the answer to life, the universe, and everything?",False,1,41,Checked,0,1
5bdf7d68245b4ce49cd5f721f092fb11ce0c77530c504015c3565ddc9bcc8dcb, 1,8/27/2026 11:07 AM,8/27/2026 11:09 AM,,2,MC,,"If you choose the answer to this question at random, what is the chance you will be correct?",False,1,25%,Checked,0,1
5bdf7d68245b4ce49cd5f721f092fb11ce0c77530c504015c3565ddc9bcc8dcb, 1,8/27/2026 11:07 AM,8/27/2026 11:09 AM,,2,MC,,"If you choose the answer to this question at random, what is the chance you will be correct?",False,1,50%,UnChecked,0,1
5bdf7d68245b4ce49cd5f721f092fb11ce0c77530c504015c3565ddc9bcc8dcb, 1,8/27/2026 11:07 AM,8/27/2026 11:09 AM,,2,MC,,"If you choose the answer to this question at random, what is the chance you will be correct?",False,1,60%,UnChecked,0,1
5bdf7d68245b4ce49cd5f721f092fb11ce0c77530c504015c3565ddc9bcc8dcb, 1,8/27/2026 11:07 AM,8/27/2026 11:09 AM,,2,MC,,"If you choose the answer to this question at random, what is the chance you will be correct?",False,1,25%,UnChecked,0,1
5bdf7d68245b4ce49cd5f721f092fb11ce0c77530c504015c3565ddc9bcc8dcb, 1,8/27/2026 11:07 AM,8/27/2026 11:09 AM,,3,T/F,,"Should the word ""Abbreviation"" be shorter?",False,1,True,Checked,1,1
5bdf7d68245b4ce49cd5f721f092fb11ce0c77530c504015c3565ddc9bcc8dcb, 1,8/27/2026 11:07 AM,8/27/2026 11:09 AM,,3,T/F,,"Should the word ""Abbreviation"" be shorter?",False,1,False,UnChecked,1,1
5bdf7d68245b4ce49cd5f721f092fb11ce0c77530c504015c3565ddc9bcc8dcb, 1,8/27/2026 11:07 AM,8/27/2026 11:09 AM,,4,MC,,How many letters are in the alphabet?,False,1,11,UnChecked,0,1
5bdf7d68245b4ce49cd5f721f092fb11ce0c77530c504015c3565ddc9bcc8dcb, 1,8/27/2026 11:07 AM,8/27/2026 11:09 AM,,4,MC,,How many letters are in the alphabet?,False,1,7,UnChecked,0,1
5bdf7d68245b4ce49cd5f721f092fb11ce0c77530c504015c3565ddc9bcc8dcb, 1,8/27/2026 11:07 AM,8/27/2026 11:09 AM,,4,MC,,How many letters are in the alphabet?,False,1,26,Checked,0,1
5bdf7d68245b4ce49cd5f721f092fb11ce0c77530c504015c3565ddc9bcc8dcb, 1,8/27/2026 11:07 AM,8/27/2026 11:09 AM,,4,MC,,How many letters are in the alphabet?,False,1,11010,UnChecked,0,1
5bdf7d68245b4ce49cd5f721f092fb11ce0c77530c504015c3565ddc9bcc8dcb, 1,8/27/2026 11:07 AM,8/27/2026 11:09 AM,,5,MC,,"If you take a ship and replaced all of the parts until none of the original parts of this ship are a part of the ship, what happens?",False,1,Disney sues you,UnChecked,1,1
5bdf7d68245b4ce49cd5f721f092fb11ce0c77530c504015c3565ddc9bcc8dcb, 1,8/27/2026 11:07 AM,8/27/2026 11:09 AM,,5,MC,,"If you take a ship and replaced all of the parts until none of the original parts of this ship are a part of the ship, what happens?",False,1,Paul Bettany joins you,UnChecked,1,1
5bdf7d68245b4ce49cd5f721f092fb11ce0c77530c504015c3565ddc9bcc8dcb, 1,8/27/2026 11:07 AM,8/27/2026 11:09 AM,,5,MC,,"If you take a ship and replaced all of the parts until none of the original parts of this ship are a part of the ship, what happens?",False,1,You have two ships,Checked,1,1
5bdf7d68245b4ce49cd5f721f092fb11ce0c77530c504015c3565ddc9bcc8dcb, 1,8/27/2026 11:07 AM,8/27/2026 11:09 AM,,6,T/F,,Something can be both New and Improved,False,1,True,UnChecked,1,1
5bdf7d68245b4ce49cd5f721f092fb11ce0c77530c504015c3565ddc9bcc8dcb, 1,8/27/2026 11:07 AM,8/27/2026 11:09 AM,,6,T/F,,Something can be both New and Improved,False,1,False,Checked,1,1
5bdf7d68245b4ce49cd5f721f092fb11ce0c77530c504015c3565ddc9bcc8dcb, 1,8/27/2026 11:07 AM,8/27/2026 11:09 AM,,7,FIB,,"My bologna has a first name, it's _______ my bologna has a second name, it's _______ ",False,1,Answer for blank # 1,Porky,0,1
5bdf7d68245b4ce49cd5f721f092fb11ce0c77530c504015c3565ddc9bcc8dcb, 1,8/27/2026 11:07 AM,8/27/2026 11:09 AM,,7,FIB,,"My bologna has a first name, it's _______ my bologna has a second name, it's _______ ",False,1,Answer for blank # 2,Beef,0,1
5bdf7d68245b4ce49cd5f721f092fb11ce0c77530c504015c3565ddc9bcc8dcb, 1,8/27/2026 11:07 AM,8/27/2026 11:09 AM,,8,MC,,Is your answer to this question 'no'?,False,1,yes,UnChecked,0,1
5bdf7d68245b4ce49cd5f721f092fb11ce0c77530c504015c3565ddc9bcc8dcb, 1,8/27/2026 11:07 AM,8/27/2026 11:09 AM,,8,MC,,Is your answer to this question 'no'?,False,1,no,Checked,0,1
5bdf7d68245b4ce49cd5f721f092fb11ce0c77530c504015c3565ddc9bcc8dcb, 1,8/27/2026 11:07 AM,8/27/2026 11:09 AM,,9,MC,,"In the word ""scent"", which letter is silent?",False,1,s,Checked,0,1
5bdf7d68245b4ce49cd5f721f092fb11ce0c77530c504015c3565ddc9bcc8dcb, 1,8/27/2026 11:07 AM,8/27/2026 11:09 AM,,9,MC,,"In the word ""scent"", which letter is silent?",False,1,c,UnChecked,0,1
5bdf7d68245b4ce49cd5f721f092fb11ce0c77530c504015c3565ddc9bcc8dcb, 1,8/27/2026 11:07 AM,8/27/2026 11:09 AM,,9,MC,,"In the word ""scent"", which letter is silent?",False,1,a,UnChecked,0,1
5bdf7d68245b4ce49cd5f721f092fb11ce0c77530c504015c3565ddc9bcc8dcb, 1,8/27/2026 11:07 AM,8/27/2026 11:09 AM,,9,MC,,"In the word ""scent"", which letter is silent?",False,1,p,UnChecked,0,1
5bdf7d68245b4ce49cd5f721f092fb11ce0c77530c504015c3565ddc9bcc8dcb, 1,8/27/2026 11:07 AM,8/27/2026 11:09 AM,,10,MC,,"If revenge is a dish best served cold, and revenge is sweet, then revenge is:",False,1,frozen yogurt,UnChecked,1,1
5bdf7d68245b4ce49cd5f721f092fb11ce0c77530c504015c3565ddc9bcc8dcb, 1,8/27/2026 11:07 AM,8/27/2026 11:09 AM,,10,MC,,"If revenge is a dish best served cold, and revenge is sweet, then revenge is:",False,1,ice cream,Checked,1,1
5bdf7d68245b4ce49cd5f721f092fb11ce0c77530c504015c3565ddc9bcc8dcb, 1,8/27/2026 11:07 AM,8/27/2026 11:09 AM,,10,MC,,"If revenge is a dish best served cold, and revenge is sweet, then revenge is:",False,1,a popsicle,UnChecked,1,1
5bdf7d68245b4ce49cd5f721f092fb11ce0c77530c504015c3565ddc9bcc8dcb, 1,8/27/2026 11:07 AM,8/27/2026 11:09 AM,,10,MC,,"If revenge is a dish best served cold, and revenge is sweet, then revenge is:",False,1,coca cola,UnChecked,1,1
12a9905d3a5706314011cbe2a3cd6123605395a4b50f91b12d4c93bff3548f82, 1,8/27/2026 11:07 AM,8/27/2026 11:10 AM,,1,MC,,"What is the answer to life, the universe, and everything?",False,1,38,UnChecked,0,1
12a9905d3a5706314011cbe2a3cd6123605395a4b50f91b12d4c93bff3548f82, 1,8/27/2026 11:07 AM,8/27/2026 11:10 AM,,1,MC,,"What is the answer to life, the universe, and everything?",False,1,39,UnChecked,0,1
12a9905d3a5706314011cbe2a3cd6123605395a4b50f91b12d4c93bff3548f82, 1,8/27/2026 11:07 AM,8/27/2026 11:10 AM,,1,MC,,"What is the answer to life, the universe, and everything?",False,1,40,UnChecked,0,1
12a9905d3a5706314011cbe2a3cd6123605395a4b50f91b12d4c93bff3548f82, 1,8/27/2026 11:07 AM,8/27/2026 11:10 AM,,1,MC,,"What is the answer to life, the universe, and everything?",False,1,41,Checked,0,1
12a9905d3a5706314011cbe2a3cd6123605395a4b50f91b12d4c93bff3548f82, 1,8/27/2026 11:07 AM,8/27/2026 11:10 AM,,2,MC,,"If you choose the answer to this question at random, what is the chance you will be correct?",False,1,25%,Checked,0,1
12a9905d3a5706314011cbe2a3cd6123605395a4b50f91b12d4c93bff3548f82, 1,8/27/2026 11:07 AM,8/27/2026 11:10 AM,,2,MC,,"If you choose the answer to this question at random, what is the chance you will be correct?",False,1,50%,UnChecked,0,1
12a9905d3a5706314011cbe2a3cd6123605395a4b50f91b12d4c93bff3548f82, 1,8/27/2026 11:07 AM,8/27/2026 11:10 AM,,2,MC,,"If you choose the answer to this question at random, what is the chance you will be correct?",False,1,60%,UnChecked,0,1
12a9905d3a5706314011cbe2a3cd6123605395a4b50f91b12d4c93bff3548f82, 1,8/27/2026 11:07 AM,8/27/2026 11:10 AM,,2,MC,,"If you choose the answer to this question at random, what is the chance you will be correct?",False,1,25%,UnChecked,0,1
12a9905d3a5706314011cbe2a3cd6123605395a4b50f91b12d4c93bff3548f82, 1,8/27/2026 11:07 AM,8/27/2026 11:10 AM,,3,T/F,,"Should the word ""Abbreviation"" be shorter?",False,1,True,Checked,1,1
12a9905d3a5706314011cbe2a3cd6123605395a4b50f91b12d4c93bff3548f82, 1,8/27/2026 11:07 AM,8/27/2026 11:10 AM,,3,T/F,,"Should the word ""Abbreviation"" be shorter?",False,1,False,UnChecked,1,1
12a9905d3a5706314011cbe2a3cd6123605395a4b50f91b12d4c93bff3548f82, 1,8/27/2026 11:07 AM,8/27/2026 11:10 AM,,4,MC,,How many letters are in the alphabet?,False,1,11,UnChecked,0,1
12a9905d3a5706314011cbe2a3cd6123605395a4b50f91b12d4c93bff3548f82, 1,8/27/2026 11:07 AM,8/27/2026 11:10 AM,,4,MC,,How many letters are in the alphabet?,False,1,7,UnChecked,0,1
12a9905d3a5706314011cbe2a3cd6123605395a4b50f91b12d4c93bff3548f82, 1,8/27/2026 11:07 AM,8/27/2026 11:10 AM,,4,MC,,How many letters are in the alphabet?,False,1,26,Checked,0,1
12a9905d3a5706314011cbe2a3cd6123605395a4b50f91b12d4c93bff3548f82, 1,8/27/2026 11:07 AM,8/27/2026 11:10 AM,,4,MC,,How many letters are in the alphabet?,False,1,11010,UnChecked,0,1
12a9905d3a5706314011cbe2a3cd6123605395a4b50f91b12d4c93bff3548f82, 1,8/27/2026 11:07 AM,8/27/2026 11:10 AM,,5,MC,,"If you take a ship and replaced all of the parts until none of the original parts of this ship are a part of the ship, what happens?",False,1,Disney sues you,UnChecked,1,1
12a9905d3a5706314011cbe2a3cd6123605395a4b50f91b12d4c93bff3548f82, 1,8/27/2026 11:07 AM,8/27/2026 11:10 AM,,5,MC,,"If you take a ship and replaced all of the parts until none of the original parts of this ship are a part of the ship, what happens?",False,1,Paul Bettany joins you,UnChecked,1,1
12a9905d3a5706314011cbe2a3cd6123605395a4b50f91b12d4c93bff3548f82, 1,8/27/2026 11:07 AM,8/27/2026 11:10 AM,,5,MC,,"If you take a ship and replaced all of the parts until none of the original parts of this ship are a part of the ship, what happens?",False,1,You have two ships,Checked,1,1
12a9905d3a5706314011cbe2a3cd6123605395a4b50f91b12d4c93bff3548f82, 1,8/27/2026 11:07 AM,8/27/2026 11:10 AM,,6,T/F,,Something can be both New and Improved,False,1,True,Checked,0,1
12a9905d3a5706314011cbe2a3cd6123605395a4b50f91b12d4c93bff3548f82, 1,8/27/2026 11:07 AM,8/27/2026 11:10 AM,,6,T/F,,Something can be both New and Improved,False,1,False,UnChecked,0,1
12a9905d3a5706314011cbe2a3cd6123605395a4b50f91b12d4c93bff3548f82, 1,8/27/2026 11:07 AM,8/27/2026 11:10 AM,,7,FIB,,"My bologna has a first name, it's _______ my bologna has a second name, it's _______ ",False,1,Answer for blank # 1,bolo,0,1
12a9905d3a5706314011cbe2a3cd6123605395a4b50f91b12d4c93bff3548f82, 1,8/27/2026 11:07 AM,8/27/2026 11:10 AM,,7,FIB,,"My bologna has a first name, it's _______ my bologna has a second name, it's _______ ",False,1,Answer for blank # 2,gna,0,1
12a9905d3a5706314011cbe2a3cd6123605395a4b50f91b12d4c93bff3548f82, 1,8/27/2026 11:07 AM,8/27/2026 11:10 AM,,8,MC,,Is your answer to this question 'no'?,False,1,yes,UnChecked,0,1
12a9905d3a5706314011cbe2a3cd6123605395a4b50f91b12d4c93bff3548f82, 1,8/27/2026 11:07 AM,8/27/2026 11:10 AM,,8,MC,,Is your answer to this question 'no'?,False,1,no,Checked,0,1
12a9905d3a5706314011cbe2a3cd6123605395a4b50f91b12d4c93bff3548f82, 1,8/27/2026 11:07 AM,8/27/2026 11:10 AM,,9,MC,,"In the word ""scent"", which letter is silent?",False,1,s,UnChecked,0,1
12a9905d3a5706314011cbe2a3cd6123605395a4b50f91b12d4c93bff3548f82, 1,8/27/2026 11:07 AM,8/27/2026 11:10 AM,,9,MC,,"In the word ""scent"", which letter is silent?",False,1,c,Checked,0,1
12a9905d3a5706314011cbe2a3cd6123605395a4b50f91b12d4c93bff3548f82, 1,8/27/2026 11:07 AM,8/27/2026 11:10 AM,,9,MC,,"In the word ""scent"", which letter is silent?",False,1,a,UnChecked,0,1
12a9905d3a5706314011cbe2a3cd6123605395a4b50f91b12d4c93bff3548f82, 1,8/27/2026 11:07 AM,8/27/2026 11:10 AM,,9,MC,,"In the word ""scent"", which letter is silent?",False,1,p,UnChecked,0,1
12a9905d3a5706314011cbe2a3cd6123605395a4b50f91b12d4c93bff3548f82, 1,8/27/2026 11:07 AM,8/27/2026 11:10 AM,,10,MC,,"If revenge is a dish best served cold, and revenge is sweet, then revenge is:",False,1,frozen yogurt,UnChecked,0,1
12a9905d3a5706314011cbe2a3cd6123605395a4b50f91b12d4c93bff3548f82, 1,8/27/2026 11:07 AM,8/27/2026 11:10 AM,,10,MC,,"If revenge is a dish best served cold, and revenge is sweet, then revenge is:",False,1,coca cola,Checked,0,1
12a9905d3a5706314011cbe2a3cd6123605395a4b50f91b12d4c93bff3548f82, 1,8/27/2026 11:07 AM,8/27/2026 11:10 AM,,10,MC,,"If revenge is a dish best served cold, and revenge is sweet, then revenge is:",False,1,ice cream,UnChecked,0,1
12a9905d3a5706314011cbe2a3cd6123605395a4b50f91b12d4c93bff3548f82, 1,8/27/2026 11:07 AM,8/27/2026 11:10 AM,,10,MC,,"If revenge is a dish best served cold, and revenge is sweet, then revenge is:",False,1,a popsicle,UnChecked,0,1
e5fc83a1000a5e6ba80ebcd32f6c002876ad8e9fd338b18841fc8e81c094bf6f, 1,8/27/2026 11:07 AM,8/27/2026 11:09 AM,,1,MC,,"What is the answer to life, the universe, and everything?",False,1,38,UnChecked,0,1
e5fc83a1000a5e6ba80ebcd32f6c002876ad8e9fd338b18841fc8e81c094bf6f, 1,8/27/2026 11:07 AM,8/27/2026 11:09 AM,,1,MC,,"What is the answer to life, the universe, and everything?",False,1,39,UnChecked,0,1
e5fc83a1000a5e6ba80ebcd32f6c002876ad8e9fd338b18841fc8e81c094bf6f, 1,8/27/2026 11:07 AM,8/27/2026 11:09 AM,,1,MC,,"What is the answer to life, the universe, and everything?",False,1,40,Checked,0,1
e5fc83a1000a5e6ba80ebcd32f6c002876ad8e9fd338b18841fc8e81c094bf6f, 1,8/27/2026 11:07 AM,8/27/2026 11:09 AM,,1,MC,,"What is the answer to life, the universe, and everything?",False,1,41,UnChecked,0,1
e5fc83a1000a5e6ba80ebcd32f6c002876ad8e9fd338b18841fc8e81c094bf6f, 1,8/27/2026 11:07 AM,8/27/2026 11:09 AM,,2,MC,,"If you choose the answer to this question at random, what is the chance you will be correct?",False,1,25%,UnChecked,0,1
e5fc83a1000a5e6ba80ebcd32f6c002876ad8e9fd338b18841fc8e81c094bf6f, 1,8/27/2026 11:07 AM,8/27/2026 11:09 AM,,2,MC,,"If you choose the answer to this question at random, what is the chance you will be correct?",False,1,50%,Checked,0,1
e5fc83a1000a5e6ba80ebcd32f6c002876ad8e9fd338b18841fc8e81c094bf6f, 1,8/27/2026 11:07 AM,8/27/2026 11:09 AM,,2,MC,,"If you choose the answer to this question at random, what is the chance you will be correct?",False,1,60%,UnChecked,0,1
e5fc83a1000a5e6ba80ebcd32f6c002876ad8e9fd338b18841fc8e81c094bf6f, 1,8/27/2026 11:07 AM,8/27/2026 11:09 AM,,2,MC,,"If you choose the answer to this question at random, what is the chance you will be correct?",False,1,25%,UnChecked,0,1
e5fc83a1000a5e6ba80ebcd32f6c002876ad8e9fd338b18841fc8e81c094bf6f, 1,8/27/2026 11:07 AM,8/27/2026 11:09 AM,,3,T/F,,"Should the word ""Abbreviation"" be shorter?",False,1,True,Checked,1,1
e5fc83a1000a5e6ba80ebcd32f6c002876ad8e9fd338b18841fc8e81c094bf6f, 1,8/27/2026 11:07 AM,8/27/2026 11:09 AM,,3,T/F,,"Should the word ""Abbreviation"" be shorter?",False,1,False,UnChecked,1,1
e5fc83a1000a5e6ba80ebcd32f6c002876ad8e9fd338b18841fc8e81c094bf6f, 1,8/27/2026 11:07 AM,8/27/2026 11:09 AM,,4,MC,,How many letters are in the alphabet?,False,1,11,Checked,0,1
e5fc83a1000a5e6ba80ebcd32f6c002876ad8e9fd338b18841fc8e81c094bf6f, 1,8/27/2026 11:07 AM,8/27/2026 11:09 AM,,4,MC,,How many letters are in the alphabet?,False,1,7,UnChecked,0,1
e5fc83a1000a5e6ba80ebcd32f6c002876ad8e9fd338b18841fc8e81c094bf6f, 1,8/27/2026 11:07 AM,8/27/2026 11:09 AM,,4,MC,,How many letters are in the alphabet?,False,1,26,UnChecked,0,1
e5fc83a1000a5e6ba80ebcd32f6c002876ad8e9fd338b18841fc8e81c094bf6f, 1,8/27/2026 11:07 AM,8/27/2026 11:09 AM,,4,MC,,How many letters are in the alphabet?,False,1,11010,UnChecked,0,1
e5fc83a1000a5e6ba80ebcd32f6c002876ad8e9fd338b18841fc8e81c094bf6f, 1,8/27/2026 11:07 AM,8/27/2026 11:09 AM,,5,MC,,"If you take a ship and replaced all of the parts until none of the original parts of this ship are a part of the ship, what happens?",False,1,Disney sues you,Checked,0,1
e5fc83a1000a5e6ba80ebcd32f6c002876ad8e9fd338b18841fc8e81c094bf6f, 1,8/27/2026 11:07 AM,8/27/2026 11:09 AM,,5,MC,,"If you take a ship and replaced all of the parts until none of the original parts of this ship are a part of the ship, what happens?",False,1,Paul Bettany joins you,UnChecked,0,1
e5fc83a1000a5e6ba80ebcd32f6c002876ad8e9fd338b18841fc8e81c094bf6f, 1,8/27/2026 11:07 AM,8/27/2026 11:09 AM,,5,MC,,"If you take a ship and replaced all of the parts until none of the original parts of this ship are a part of the ship, what happens?",False,1,You have two ships,UnChecked,0,1
e5fc83a1000a5e6ba80ebcd32f6c002876ad8e9fd338b18841fc8e81c094bf6f, 1,8/27/2026 11:07 AM,8/27/2026 11:09 AM,,6,T/F,,Something can be both New and Improved,False,1,True,Checked,0,1
e5fc83a1000a5e6ba80ebcd32f6c002876ad8e9fd338b18841fc8e81c094bf6f, 1,8/27/2026 11:07 AM,8/27/2026 11:09 AM,,6,T/F,,Something can be both New and Improved,False,1,False,UnChecked,0,1
e5fc83a1000a5e6ba80ebcd32f6c002876ad8e9fd338b18841fc8e81c094bf6f, 1,8/27/2026 11:07 AM,8/27/2026 11:09 AM,,7,FIB,,"My bologna has a first name, it's _______ my bologna has a second name, it's _______ ",False,1,Answer for blank # 1,Bartholomew,0,1
e5fc83a1000a5e6ba80ebcd32f6c002876ad8e9fd338b18841fc8e81c094bf6f, 1,8/27/2026 11:07 AM,8/27/2026 11:09 AM,,7,FIB,,"My bologna has a first name, it's _______ my bologna has a second name, it's _______ ",False,1,Answer for blank # 2,Thomas,0,1
e5fc83a1000a5e6ba80ebcd32f6c002876ad8e9fd338b18841fc8e81c094bf6f, 1,8/27/2026 11:07 AM,8/27/2026 11:09 AM,,8,MC,,Is your answer to this question 'no'?,False,1,yes,Checked,1,1
e5fc83a1000a5e6ba80ebcd32f6c002876ad8e9fd338b18841fc8e81c094bf6f, 1,8/27/2026 11:07 AM,8/27/2026 11:09 AM,,8,MC,,Is your answer to this question 'no'?,False,1,no,UnChecked,1,1
e5fc83a1000a5e6ba80ebcd32f6c002876ad8e9fd338b18841fc8e81c094bf6f, 1,8/27/2026 11:07 AM,8/27/2026 11:09 AM,,9,MC,,"In the word ""scent"", which letter is silent?",False,1,s,UnChecked,0,1
e5fc83a1000a5e6ba80ebcd32f6c002876ad8e9fd338b18841fc8e81c094bf6f, 1,8/27/2026 11:07 AM,8/27/2026 11:09 AM,,9,MC,,"In the word ""scent"", which letter is silent?",False,1,c,UnChecked,0,1
e5fc83a1000a5e6ba80ebcd32f6c002876ad8e9fd338b18841fc8e81c094bf6f, 1,8/27/2026 11:07 AM,8/27/2026 11:09 AM,,9,MC,,"In the word ""scent"", which letter is silent?",False,1,a,UnChecked,0,1
e5fc83a1000a5e6ba80ebcd32f6c002876ad8e9fd338b18841fc8e81c094bf6f, 1,8/27/2026 11:07 AM,8/27/2026 11:09 AM,,9,MC,,"In the word ""scent"", which letter is silent?",False,1,p,Checked,0,1
e5fc83a1000a5e6ba80ebcd32f6c002876ad8e9fd338b18841fc8e81c094bf6f, 1,8/27/2026 11:07 AM,8/27/2026 11:09 AM,,10,MC,,"If revenge is a dish best served cold, and revenge is sweet, then revenge is:",False,1,frozen yogurt,UnChecked,0,1
e5fc83a1000a5e6ba80ebcd32f6c002876ad8e9fd338b18841fc8e81c094bf6f, 1,8/27/2026 11:07 AM,8/27/2026 11:09 AM,,10,MC,,"If revenge is a dish best served cold, and revenge is sweet, then revenge is:",False,1,ice cream,UnChecked,0,1
e5fc83a1000a5e6ba80ebcd32f6c002876ad8e9fd338b18841fc8e81c094bf6f, 1,8/27/2026 11:07 AM,8/27/2026 11:09 AM,,10,MC,,"If revenge is a dish best served cold, and revenge is sweet, then revenge is:",False,1,a popsicle,UnChecked,0,1
e5fc83a1000a5e6ba80ebcd32f6c002876ad8e9fd338b18841fc8e81c094bf6f, 1,8/27/2026 11:07 AM,8/27/2026 11:09 AM,,10,MC,,"If revenge is a dish best served cold, and revenge is sweet, then revenge is:",False,1,coca cola,Checked,0,1
a55ef67b1a183cfc53f99baa8f6f85a5d4a8aa81ea9433e365dc7ef8675372d6, 1,8/27/2026 11:08 AM,8/27/2026 11:10 AM,,1,MC,,"What is the answer to life, the universe, and everything?",False,1,38,UnChecked,0,1
a55ef67b1a183cfc53f99baa8f6f85a5d4a8aa81ea9433e365dc7ef8675372d6, 1,8/27/2026 11:08 AM,8/27/2026 11:10 AM,,1,MC,,"What is the answer to life, the universe, and everything?",False,1,39,UnChecked,0,1
a55ef67b1a183cfc53f99baa8f6f85a5d4a8aa81ea9433e365dc7ef8675372d6, 1,8/27/2026 11:08 AM,8/27/2026 11:10 AM,,1,MC,,"What is the answer to life, the universe, and everything?",False,1,40,UnChecked,0,1
a55ef67b1a183cfc53f99baa8f6f85a5d4a8aa81ea9433e365dc7ef8675372d6, 1,8/27/2026 11:08 AM,8/27/2026 11:10 AM,,1,MC,,"What is the answer to life, the universe, and everything?",False,1,41,Checked,0,1
a55ef67b1a183cfc53f99baa8f6f85a5d4a8aa81ea9433e365dc7ef8675372d6, 1,8/27/2026 11:08 AM,8/27/2026 11:10 AM,,2,MC,,"If you choose the answer to this question at random, what is the chance you will be correct?",False,1,25%,Checked,0,1
a55ef67b1a183cfc53f99baa8f6f85a5d4a8aa81ea9433e365dc7ef8675372d6, 1,8/27/2026 11:08 AM,8/27/2026 11:10 AM,,2,MC,,"If you choose the answer to this question at random, what is the chance you will be correct?",False,1,50%,UnChecked,0,1
a55ef67b1a183cfc53f99baa8f6f85a5d4a8aa81ea9433e365dc7ef8675372d6, 1,8/27/2026 11:08 AM,8/27/2026 11:10 AM,,2,MC,,"If you choose the answer to this question at random, what is the chance you will be correct?",False,1,60%,UnChecked,0,1
a55ef67b1a183cfc53f99baa8f6f85a5d4a8aa81ea9433e365dc7ef8675372d6, 1,8/27/2026 11:08 AM,8/27/2026 11:10 AM,,2,MC,,"If you choose the answer to this question at random, what is the chance you will be correct?",False,1,25%,UnChecked,0,1
a55ef67b1a183cfc53f99baa8f6f85a5d4a8aa81ea9433e365dc7ef8675372d6, 1,8/27/2026 11:08 AM,8/27/2026 11:10 AM,,3,T/F,,"Should the word ""Abbreviation"" be shorter?",False,1,True,Checked,1,1
a55ef67b1a183cfc53f99baa8f6f85a5d4a8aa81ea9433e365dc7ef8675372d6, 1,8/27/2026 11:08 AM,8/27/2026 11:10 AM,,3,T/F,,"Should the word ""Abbreviation"" be shorter?",False,1,False,UnChecked,1,1
a55ef67b1a183cfc53f99baa8f6f85a5d4a8aa81ea9433e365dc7ef8675372d6, 1,8/27/2026 11:08 AM,8/27/2026 11:10 AM,,4,MC,,How many letters are in the alphabet?,False,1,11,UnChecked,0,1
a55ef67b1a183cfc53f99baa8f6f85a5d4a8aa81ea9433e365dc7ef8675372d6, 1,8/27/2026 11:08 AM,8/27/2026 11:10 AM,,4,MC,,How many letters are in the alphabet?,False,1,7,UnChecked,0,1
a55ef67b1a183cfc53f99baa8f6f85a5d4a8aa81ea9433e365dc7ef8675372d6, 1,8/27/2026 11:08 AM,8/27/2026 11:10 AM,,4,MC,,How many letters are in the alphabet?,False,1,26,Checked,0,1
a55ef67b1a183cfc53f99baa8f6f85a5d4a8aa81ea9433e365dc7ef8675372d6, 1,8/27/2026 11:08 AM,8/27/2026 11:10 AM,,4,MC,,How many letters are in the alphabet?,False,1,11010,UnChecked,0,1
a55ef67b1a183cfc53f99baa8f6f85a5d4a8aa81ea9433e365dc7ef8675372d6, 1,8/27/2026 11:08 AM,8/27/2026 11:10 AM,,5,MC,,"If you take a ship and replaced all of the parts until none of the original parts of this ship are a part of the ship, what happens?",False,1,Disney sues you,Checked,0,1
a55ef67b1a183cfc53f99baa8f6f85a5d4a8aa81ea9433e365dc7ef8675372d6, 1,8/27/2026 11:08 AM,8/27/2026 11:10 AM,,5,MC,,"If you take a ship and replaced all of the parts until none of the original parts of this ship are a part of the ship, what happens?",False,1,Paul Bettany joins you,UnChecked,0,1
a55ef67b1a183cfc53f99baa8f6f85a5d4a8aa81ea9433e365dc7ef8675372d6, 1,8/27/2026 11:08 AM,8/27/2026 11:10 AM,,5,MC,,"If you take a ship and replaced all of the parts until none of the original parts of this ship are a part of the ship, what happens?",False,1,You have two ships,UnChecked,0,1
a55ef67b1a183cfc53f99baa8f6f85a5d4a8aa81ea9433e365dc7ef8675372d6, 1,8/27/2026 11:08 AM,8/27/2026 11:10 AM,,6,T/F,,Something can be both New and Improved,False,1,True,UnChecked,1,1
a55ef67b1a183cfc53f99baa8f6f85a5d4a8aa81ea9433e365dc7ef8675372d6, 1,8/27/2026 11:08 AM,8/27/2026 11:10 AM,,6,T/F,,Something can be both New and Improved,False,1,False,Checked,1,1
a55ef67b1a183cfc53f99baa8f6f85a5d4a8aa81ea9433e365dc7ef8675372d6, 1,8/27/2026 11:08 AM,8/27/2026 11:10 AM,,7,FIB,,"My bologna has a first name, it's _______ my bologna has a second name, it's _______ ",False,1,Answer for blank # 1,hello,0,1
a55ef67b1a183cfc53f99baa8f6f85a5d4a8aa81ea9433e365dc7ef8675372d6, 1,8/27/2026 11:08 AM,8/27/2026 11:10 AM,,7,FIB,,"My bologna has a first name, it's _______ my bologna has a second name, it's _______ ",False,1,Answer for blank # 2,goodbye,0,1
a55ef67b1a183cfc53f99baa8f6f85a5d4a8aa81ea9433e365dc7ef8675372d6, 1,8/27/2026 11:08 AM,8/27/2026 11:10 AM,,8,MC,,Is your answer to this question 'no'?,False,1,yes,Checked,1,1
a55ef67b1a183cfc53f99baa8f6f85a5d4a8aa81ea9433e365dc7ef8675372d6, 1,8/27/2026 11:08 AM,8/27/2026 11:10 AM,,8,MC,,Is your answer to this question 'no'?,False,1,no,UnChecked,1,1
a55ef67b1a183cfc53f99baa8f6f85a5d4a8aa81ea9433e365dc7ef8675372d6, 1,8/27/2026 11:08 AM,8/27/2026 11:10 AM,,9,MC,,"In the word ""scent"", which letter is silent?",False,1,s,UnChecked,0,1
a55ef67b1a183cfc53f99baa8f6f85a5d4a8aa81ea9433e365dc7ef8675372d6, 1,8/27/2026 11:08 AM,8/27/2026 11:10 AM,,9,MC,,"In the word ""scent"", which letter is silent?",False,1,c,Checked,0,1
a55ef67b1a183cfc53f99baa8f6f85a5d4a8aa81ea9433e365dc7ef8675372d6, 1,8/27/2026 11:08 AM,8/27/2026 11:10 AM,,9,MC,,"In the word ""scent"", which letter is silent?",False,1,a,UnChecked,0,1
a55ef67b1a183cfc53f99baa8f6f85a5d4a8aa81ea9433e365dc7ef8675372d6, 1,8/27/2026 11:08 AM,8/27/2026 11:10 AM,,9,MC,,"In the word ""scent"", which letter is silent?",False,1,p,UnChecked,0,1
a55ef67b1a183cfc53f99baa8f6f85a5d4a8aa81ea9433e365dc7ef8675372d6, 1,8/27/2026 11:08 AM,8/27/2026 11:10 AM,,10,MC,,"If revenge is a dish best served cold, and revenge is sweet, then revenge is:",False,1,coca cola,Checked,0,1
a55ef67b1a183cfc53f99baa8f6f85a5d4a8aa81ea9433e365dc7ef8675372d6, 1,8/27/2026 11:08 AM,8/27/2026 11:10 AM,,10,MC,,"If revenge is a dish best served cold, and revenge is sweet, then revenge is:",False,1,ice cream,UnChecked,0,1
a55ef67b1a183cfc53f99baa8f6f85a5d4a8aa81ea9433e365dc7ef8675372d6, 1,8/27/2026 11:08 AM,8/27/2026 11:10 AM,,10,MC,,"If revenge is a dish best served cold, and revenge is sweet, then revenge is:",False,1,frozen yogurt,UnChecked,0,1
a55ef67b1a183cfc53f99baa8f6f85a5d4a8aa81ea9433e365dc7ef8675372d6, 1,8/27/2026 11:08 AM,8/27/2026 11:10 AM,,10,MC,,"If revenge is a dish best served cold, and revenge is sweet, then revenge is:",False,1,a popsicle,UnChecked,0,1
39094f7bdf885e91fb2538d2ca0164fa36f5b2729379ba4ea9893d3ffea720e6, 1,8/27/2026 11:07 AM,8/27/2026 11:09 AM,,1,MC,,"What is the answer to life, the universe, and everything?",False,1,38,UnChecked,0,1
39094f7bdf885e91fb2538d2ca0164fa36f5b2729379ba4ea9893d3ffea720e6, 1,8/27/2026 11:07 AM,8/27/2026 11:09 AM,,1,MC,,"What is the answer to life, the universe, and everything?",False,1,39,UnChecked,0,1
39094f7bdf885e91fb2538d2ca0164fa36f5b2729379ba4ea9893d3ffea720e6, 1,8/27/2026 11:07 AM,8/27/2026 11:09 AM,,1,MC,,"What is the answer to life, the universe, and everything?",False,1,40,UnChecked,0,1
39094f7bdf885e91fb2538d2ca0164fa36f5b2729379ba4ea9893d3ffea720e6, 1,8/27/2026 11:07 AM,8/27/2026 11:09 AM,,1,MC,,"What is the answer to life, the universe, and everything?",False,1,41,Checked,0,1
39094f7bdf885e91fb2538d2ca0164fa36f5b2729379ba4ea9893d3ffea720e6, 1,8/27/2026 11:07 AM,8/27/2026 11:09 AM,,2,MC,,"If you choose the answer to this question at random, what is the chance you will be correct?",False,1,25%,UnChecked,0,1
39094f7bdf885e91fb2538d2ca0164fa36f5b2729379ba4ea9893d3ffea720e6, 1,8/27/2026 11:07 AM,8/27/2026 11:09 AM,,2,MC,,"If you choose the answer to this question at random, what is the chance you will be correct?",False,1,50%,UnChecked,0,1
39094f7bdf885e91fb2538d2ca0164fa36f5b2729379ba4ea9893d3ffea720e6, 1,8/27/2026 11:07 AM,8/27/2026 11:09 AM,,2,MC,,"If you choose the answer to this question at random, what is the chance you will be correct?",False,1,60%,UnChecked,0,1
39094f7bdf885e91fb2538d2ca0164fa36f5b2729379ba4ea9893d3ffea720e6, 1,8/27/2026 11:07 AM,8/27/2026 11:09 AM,,2,MC,,"If you choose the answer to this question at random, what is the chance you will be correct?",False,1,25%,Checked,0,1
39094f7bdf885e91fb2538d2ca0164fa36f5b2729379ba4ea9893d3ffea720e6, 1,8/27/2026 11:07 AM,8/27/2026 11:09 AM,,3,T/F,,"Should the word ""Abbreviation"" be shorter?",False,1,True,Checked,1,1
39094f7bdf885e91fb2538d2ca0164fa36f5b2729379ba4ea9893d3ffea720e6, 1,8/27/2026 11:07 AM,8/27/2026 11:09 AM,,3,T/F,,"Should the word ""Abbreviation"" be shorter?",False,1,False,UnChecked,1,1
39094f7bdf885e91fb2538d2ca0164fa36f5b2729379ba4ea9893d3ffea720e6, 1,8/27/2026 11:07 AM,8/27/2026 11:09 AM,,4,MC,,How many letters are in the alphabet?,False,1,11,UnChecked,0,1
39094f7bdf885e91fb2538d2ca0164fa36f5b2729379ba4ea9893d3ffea720e6, 1,8/27/2026 11:07 AM,8/27/2026 11:09 AM,,4,MC,,How many letters are in the alphabet?,False,1,7,UnChecked,0,1
39094f7bdf885e91fb2538d2ca0164fa36f5b2729379ba4ea9893d3ffea720e6, 1,8/27/2026 11:07 AM,8/27/2026 11:09 AM,,4,MC,,How many letters are in the alphabet?,False,1,26,Checked,0,1
39094f7bdf885e91fb2538d2ca0164fa36f5b2729379ba4ea9893d3ffea720e6, 1,8/27/2026 11:07 AM,8/27/2026 11:09 AM,,4,MC,,How many letters are in the alphabet?,False,1,11010,UnChecked,0,1
39094f7bdf885e91fb2538d2ca0164fa36f5b2729379ba4ea9893d3ffea720e6, 1,8/27/2026 11:07 AM,8/27/2026 11:09 AM,,5,MC,,"If you take a ship and replaced all of the parts until none of the original parts of this ship are a part of the ship, what happens?",False,1,Disney sues you,Checked,0,1
39094f7bdf885e91fb2538d2ca0164fa36f5b2729379ba4ea9893d3ffea720e6, 1,8/27/2026 11:07 AM,8/27/2026 11:09 AM,,5,MC,,"If you take a ship and replaced all of the parts until none of the original parts of this ship are a part of the ship, what happens?",False,1,Paul Bettany joins you,UnChecked,0,1
39094f7bdf885e91fb2538d2ca0164fa36f5b2729379ba4ea9893d3ffea720e6, 1,8/27/2026 11:07 AM,8/27/2026 11:09 AM,,5,MC,,"If you take a ship and replaced all of the parts until none of the original parts of this ship are a part of the ship, what happens?",False,1,You have two ships,UnChecked,0,1
39094f7bdf885e91fb2538d2ca0164fa36f5b2729379ba4ea9893d3ffea720e6, 1,8/27/2026 11:07 AM,8/27/2026 11:09 AM,,6,T/F,,Something can be both New and Improved,False,1,True,UnChecked,1,1
39094f7bdf885e91fb2538d2ca0164fa36f5b2729379ba4ea9893d3ffea720e6, 1,8/27/2026 11:07 AM,8/27/2026 11:09 AM,,6,T/F,,Something can be both New and Improved,False,1,False,Checked,1,1
39094f7bdf885e91fb2538d2ca0164fa36f5b2729379ba4ea9893d3ffea720e6, 1,8/27/2026 11:07 AM,8/27/2026 11:09 AM,,7,FIB,,"My bologna has a first name, it's _______ my bologna has a second name, it's _______ ",False,1,Answer for blank # 1,bingus,0,1
39094f7bdf885e91fb2538d2ca0164fa36f5b2729379ba4ea9893d3ffea720e6, 1,8/27/2026 11:07 AM,8/27/2026 11:09 AM,,7,FIB,,"My bologna has a first name, it's _______ my bologna has a second name, it's _______ ",False,1,Answer for blank # 2,bongo,0,1
39094f7bdf885e91fb2538d2ca0164fa36f5b2729379ba4ea9893d3ffea720e6, 1,8/27/2026 11:07 AM,8/27/2026 11:09 AM,,8,MC,,Is your answer to this question 'no'?,False,1,yes,Checked,1,1
39094f7bdf885e91fb2538d2ca0164fa36f5b2729379ba4ea9893d3ffea720e6, 1,8/27/2026 11:07 AM,8/27/2026 11:09 AM,,8,MC,,Is your answer to this question 'no'?,False,1,no,UnChecked,1,1
39094f7bdf885e91fb2538d2ca0164fa36f5b2729379ba4ea9893d3ffea720e6, 1,8/27/2026 11:07 AM,8/27/2026 11:09 AM,,9,MC,,"In the word ""scent"", which letter is silent?",False,1,s,UnChecked,0,1
39094f7bdf885e91fb2538d2ca0164fa36f5b2729379ba4ea9893d3ffea720e6, 1,8/27/2026 11:07 AM,8/27/2026 11:09 AM,,9,MC,,"In the word ""scent"", which letter is silent?",False,1,c,Checked,0,1
39094f7bdf885e91fb2538d2ca0164fa36f5b2729379ba4ea9893d3ffea720e6, 1,8/27/2026 11:07 AM,8/27/2026 11:09 AM,,9,MC,,"In the word ""scent"", which letter is silent?",False,1,a,UnChecked,0,1
39094f7bdf885e91fb2538d2ca0164fa36f5b2729379ba4ea9893d3ffea720e6, 1,8/27/2026 11:07 AM,8/27/2026 11:09 AM,,9,MC,,"In the word ""scent"", which letter is silent?",False,1,p,UnChecked,0,1
39094f7bdf885e91fb2538d2ca0164fa36f5b2729379ba4ea9893d3ffea720e6, 1,8/27/2026 11:07 AM,8/27/2026 11:09 AM,,10,MC,,"If revenge is a dish best served cold, and revenge is sweet, then revenge is:",False,1,coca cola,UnChecked,1,1
39094f7bdf885e91fb2538d2ca0164fa36f5b2729379ba4ea9893d3ffea720e6, 1,8/27/2026 11:07 AM,8/27/2026 11:09 AM,,10,MC,,"If revenge is a dish best served cold, and revenge is sweet, then revenge is:",False,1,ice cream,Checked,1,1
39094f7bdf885e91fb2538d2ca0164fa36f5b2729379ba4ea9893d3ffea720e6, 1,8/27/2026 11:07 AM,8/27/2026 11:09 AM,,10,MC,,"If revenge is a dish best served cold, and revenge is sweet, then revenge is:",False,1,a popsicle,UnChecked,1,1
39094f7bdf885e91fb2538d2ca0164fa36f5b2729379ba4ea9893d3ffea720e6, 1,8/27/2026 11:07 AM,8/27/2026 11:09 AM,,10,MC,,"If revenge is a dish best served cold, and revenge is sweet, then revenge is:",False,1,frozen yogurt,UnChecked,1,1
4a93e8c0c9a26e454d59984e2d59cc0709ee74242993d3d8c3bb47a89d59ca75, 1,8/27/2026 11:07 AM,8/27/2026 11:12 AM,,1,MC,,"What is the answer to life, the universe, and everything?",False,1,38,UnChecked,0,1
4a93e8c0c9a26e454d59984e2d59cc0709ee74242993d3d8c3bb47a89d59ca75, 1,8/27/2026 11:07 AM,8/27/2026 11:12 AM,,1,MC,,"What is the answer to life, the universe, and everything?",False,1,39,UnChecked,0,1
4a93e8c0c9a26e454d59984e2d59cc0709ee74242993d3d8c3bb47a89d59ca75, 1,8/27/2026 11:07 AM,8/27/2026 11:12 AM,,1,MC,,"What is the answer to life, the universe, and everything?",False,1,40,Checked,0,1
4a93e8c0c9a26e454d59984e2d59cc0709ee74242993d3d8c3bb47a89d59ca75, 1,8/27/2026 11:07 AM,8/27/2026 11:12 AM,,1,MC,,"What is the answer to life, the universe, and everything?",False,1,41,UnChecked,0,1
4a93e8c0c9a26e454d59984e2d59cc0709ee74242993d3d8c3bb47a89d59ca75, 1,8/27/2026 11:07 AM,8/27/2026 11:12 AM,,2,MC,,"If you choose the answer to this question at random, what is the chance you will be correct?",False,1,25%,UnChecked,0,1
4a93e8c0c9a26e454d59984e2d59cc0709ee74242993d3d8c3bb47a89d59ca75, 1,8/27/2026 11:07 AM,8/27/2026 11:12 AM,,2,MC,,"If you choose the answer to this question at random, what is the chance you will be correct?",False,1,50%,UnChecked,0,1
4a93e8c0c9a26e454d59984e2d59cc0709ee74242993d3d8c3bb47a89d59ca75, 1,8/27/2026 11:07 AM,8/27/2026 11:12 AM,,2,MC,,"If you choose the answer to this question at random, what is the chance you will be correct?",False,1,60%,UnChecked,0,1
4a93e8c0c9a26e454d59984e2d59cc0709ee74242993d3d8c3bb47a89d59ca75, 1,8/27/2026 11:07 AM,8/27/2026 11:12 AM,,2,MC,,"If you choose the answer to this question at random, what is the chance you will be correct?",False,1,25%,Checked,0,1
4a93e8c0c9a26e454d59984e2d59cc0709ee74242993d3d8c3bb47a89d59ca75, 1,8/27/2026 11:07 AM,8/27/2026 11:12 AM,,3,T/F,,"Should the word ""Abbreviation"" be shorter?",False,1,True,Checked,1,1
4a93e8c0c9a26e454d59984e2d59cc0709ee74242993d3d8c3bb47a89d59ca75, 1,8/27/2026 11:07 AM,8/27/2026 11:12 AM,,3,T/F,,"Should the word ""Abbreviation"" be shorter?",False,1,False,UnChecked,1,1
4a93e8c0c9a26e454d59984e2d59cc0709ee74242993d3d8c3bb47a89d59ca75, 1,8/27/2026 11:07 AM,8/27/2026 11:12 AM,,4,MC,,How many letters are in the alphabet?,False,1,11,UnChecked,0,1
4a93e8c0c9a26e454d59984e2d59cc0709ee74242993d3d8c3bb47a89d59ca75, 1,8/27/2026 11:07 AM,8/27/2026 11:12 AM,,4,MC,,How many letters are in the alphabet?,False,1,7,UnChecked,0,1
4a93e8c0c9a26e454d59984e2d59cc0709ee74242993d3d8c3bb47a89d59ca75, 1,8/27/2026 11:07 AM,8/27/2026 11:12 AM,,4,MC,,How many letters are in the alphabet?,False,1,26,Checked,0,1
4a93e8c0c9a26e454d59984e2d59cc0709ee74242993d3d8c3bb47a89d59ca75, 1,8/27/2026 11:07 AM,8/27/2026 11:12 AM,,4,MC,,How many letters are in the alphabet?,False,1,11010,UnChecked,0,1
4a93e8c0c9a26e454d59984e2d59cc0709ee74242993d3d8c3bb47a89d59ca75, 1,8/27/2026 11:07 AM,8/27/2026 11:12 AM,,5,MC,,"If you take a ship and replaced all of the parts until none of the original parts of this ship are a part of the ship, what happens?",False,1,Disney sues you,Checked,0,1
4a93e8c0c9a26e454d59984e2d59cc0709ee74242993d3d8c3bb47a89d59ca75, 1,8/27/2026 11:07 AM,8/27/2026 11:12 AM,,5,MC,,"If you take a ship and replaced all of the parts until none of the original parts of this ship are a part of the ship, what happens?",False,1,Paul Bettany joins you,UnChecked,0,1
4a93e8c0c9a26e454d59984e2d59cc0709ee74242993d3d8c3bb47a89d59ca75, 1,8/27/2026 11:07 AM,8/27/2026 11:12 AM,,5,MC,,"If you take a ship and replaced all of the parts until none of the original parts of this ship are a part of the ship, what happens?",False,1,You have two ships,UnChecked,0,1
4a93e8c0c9a26e454d59984e2d59cc0709ee74242993d3d8c3bb47a89d59ca75, 1,8/27/2026 11:07 AM,8/27/2026 11:12 AM,,6,T/F,,Something can be both New and Improved,False,1,True,Checked,0,1
4a93e8c0c9a26e454d59984e2d59cc0709ee74242993d3d8c3bb47a89d59ca75, 1,8/27/2026 11:07 AM,8/27/2026 11:12 AM,,6,T/F,,Something can be both New and Improved,False,1,False,UnChecked,0,1
4a93e8c0c9a26e454d59984e2d59cc0709ee74242993d3d8c3bb47a89d59ca75, 1,8/27/2026 11:07 AM,8/27/2026 11:12 AM,,7,FIB,,"My bologna has a first name, it's _______ my bologna has a second name, it's _______ ",False,1,Answer for blank # 1,Ain't,0,1
4a93e8c0c9a26e454d59984e2d59cc0709ee74242993d3d8c3bb47a89d59ca75, 1,8/27/2026 11:07 AM,8/27/2026 11:12 AM,,7,FIB,,"My bologna has a first name, it's _______ my bologna has a second name, it's _______ ",False,1,Answer for blank # 2,Happening,0,1
4a93e8c0c9a26e454d59984e2d59cc0709ee74242993d3d8c3bb47a89d59ca75, 1,8/27/2026 11:07 AM,8/27/2026 11:12 AM,,8,MC,,Is your answer to this question 'no'?,False,1,yes,Checked,1,1
4a93e8c0c9a26e454d59984e2d59cc0709ee74242993d3d8c3bb47a89d59ca75, 1,8/27/2026 11:07 AM,8/27/2026 11:12 AM,,8,MC,,Is your answer to this question 'no'?,False,1,no,UnChecked,1,1
4a93e8c0c9a26e454d59984e2d59cc0709ee74242993d3d8c3bb47a89d59ca75, 1,8/27/2026 11:07 AM,8/27/2026 11:12 AM,,9,MC,,"In the word ""scent"", which letter is silent?",False,1,s,Checked,0,1
4a93e8c0c9a26e454d59984e2d59cc0709ee74242993d3d8c3bb47a89d59ca75, 1,8/27/2026 11:07 AM,8/27/2026 11:12 AM,,9,MC,,"In the word ""scent"", which letter is silent?",False,1,c,UnChecked,0,1
4a93e8c0c9a26e454d59984e2d59cc0709ee74242993d3d8c3bb47a89d59ca75, 1,8/27/2026 11:07 AM,8/27/2026 11:12 AM,,9,MC,,"In the word ""scent"", which letter is silent?",False,1,a,UnChecked,0,1
4a93e8c0c9a26e454d59984e2d59cc0709ee74242993d3d8c3bb47a89d59ca75, 1,8/27/2026 11:07 AM,8/27/2026 11:12 AM,,9,MC,,"In the word ""scent"", which letter is silent?",False,1,p,UnChecked,0,1
4a93e8c0c9a26e454d59984e2d59cc0709ee74242993d3d8c3bb47a89d59ca75, 1,8/27/2026 11:07 AM,8/27/2026 11:12 AM,,10,MC,,"If revenge is a dish best served cold, and revenge is sweet, then revenge is:",False,1,coca cola,UnChecked,0,1
4a93e8c0c9a26e454d59984e2d59cc0709ee74242993d3d8c3bb47a89d59ca75, 1,8/27/2026 11:07 AM,8/27/2026 11:12 AM,,10,MC,,"If revenge is a dish best served cold, and revenge is sweet, then revenge is:",False,1,a popsicle,UnChecked,0,1
4a93e8c0c9a26e454d59984e2d59cc0709ee74242993d3d8c3bb47a89d59ca75, 1,8/27/2026 11:07 AM,8/27/2026 11:12 AM,,10,MC,,"If revenge is a dish best served cold, and revenge is sweet, then revenge is:",False,1,ice cream,UnChecked,0,1
4a93e8c0c9a26e454d59984e2d59cc0709ee74242993d3d8c3bb47a89d59ca75, 1,8/27/2026 11:07 AM,8/27/2026 11:12 AM,,10,MC,,"If revenge is a dish best served cold, and revenge is sweet, then revenge is:",False,1,frozen yogurt,Checked,0,1
a572fc1d9e30135276102205345a807299061d6c95e1ea18b9063698531faf27, 1,8/27/2026 11:07 AM,8/27/2026 11:09 AM,,1,MC,,"What is the answer to life, the universe, and everything?",False,1,38,UnChecked,0,1
a572fc1d9e30135276102205345a807299061d6c95e1ea18b9063698531faf27, 1,8/27/2026 11:07 AM,8/27/2026 11:09 AM,,1,MC,,"What is the answer to life, the universe, and everything?",False,1,39,UnChecked,0,1
a572fc1d9e30135276102205345a807299061d6c95e1ea18b9063698531faf27, 1,8/27/2026 11:07 AM,8/27/2026 11:09 AM,,1,MC,,"What is the answer to life, the universe, and everything?",False,1,40,UnChecked,0,1
a572fc1d9e30135276102205345a807299061d6c95e1ea18b9063698531faf27, 1,8/27/2026 11:07 AM,8/27/2026 11:09 AM,,1,MC,,"What is the answer to life, the universe, and everything?",False,1,41,Checked,0,1
a572fc1d9e30135276102205345a807299061d6c95e1ea18b9063698531faf27, 1,8/27/2026 11:07 AM,8/27/2026 11:09 AM,,2,MC,,"If you choose the answer to this question at random, what is the chance you will be correct?",False,1,25%,Checked,0,1
a572fc1d9e30135276102205345a807299061d6c95e1ea18b9063698531faf27, 1,8/27/2026 11:07 AM,8/27/2026 11:09 AM,,2,MC,,"If you choose the answer to this question at random, what is the chance you will be correct?",False,1,50%,UnChecked,0,1
a572fc1d9e30135276102205345a807299061d6c95e1ea18b9063698531faf27, 1,8/27/2026 11:07 AM,8/27/2026 11:09 AM,,2,MC,,"If you choose the answer to this question at random, what is the chance you will be correct?",False,1,60%,UnChecked,0,1
a572fc1d9e30135276102205345a807299061d6c95e1ea18b9063698531faf27, 1,8/27/2026 11:07 AM,8/27/2026 11:09 AM,,2,MC,,"If you choose the answer to this question at random, what is the chance you will be correct?",False,1,25%,UnChecked,0,1
a572fc1d9e30135276102205345a807299061d6c95e1ea18b9063698531faf27, 1,8/27/2026 11:07 AM,8/27/2026 11:09 AM,,3,T/F,,"Should the word ""Abbreviation"" be shorter?",False,1,True,Checked,1,1
a572fc1d9e30135276102205345a807299061d6c95e1ea18b9063698531faf27, 1,8/27/2026 11:07 AM,8/27/2026 11:09 AM,,3,T/F,,"Should the word ""Abbreviation"" be shorter?",False,1,False,UnChecked,1,1
a572fc1d9e30135276102205345a807299061d6c95e1ea18b9063698531faf27, 1,8/27/2026 11:07 AM,8/27/2026 11:09 AM,,4,MC,,How many letters are in the alphabet?,False,1,11,UnChecked,0,1
a572fc1d9e30135276102205345a807299061d6c95e1ea18b9063698531faf27, 1,8/27/2026 11:07 AM,8/27/2026 11:09 AM,,4,MC,,How many letters are in the alphabet?,False,1,7,UnChecked,0,1
a572fc1d9e30135276102205345a807299061d6c95e1ea18b9063698531faf27, 1,8/27/2026 11:07 AM,8/27/2026 11:09 AM,,4,MC,,How many letters are in the alphabet?,False,1,26,Checked,0,1
a572fc1d9e30135276102205345a807299061d6c95e1ea18b9063698531faf27, 1,8/27/2026 11:07 AM,8/27/2026 11:09 AM,,4,MC,,How many letters are in the alphabet?,False,1,11010,UnChecked,0,1
a572fc1d9e30135276102205345a807299061d6c95e1ea18b9063698531faf27, 1,8/27/2026 11:07 AM,8/27/2026 11:09 AM,,5,MC,,"If you take a ship and replaced all of the parts until none of the original parts of this ship are a part of the ship, what happens?",False,1,Disney sues you,Checked,0,1
a572fc1d9e30135276102205345a807299061d6c95e1ea18b9063698531faf27, 1,8/27/2026 11:07 AM,8/27/2026 11:09 AM,,5,MC,,"If you take a ship and replaced all of the parts until none of the original parts of this ship are a part of the ship, what happens?",False,1,Paul Bettany joins you,UnChecked,0,1
a572fc1d9e30135276102205345a807299061d6c95e1ea18b9063698531faf27, 1,8/27/2026 11:07 AM,8/27/2026 11:09 AM,,5,MC,,"If you take a ship and replaced all of the parts until none of the original parts of this ship are a part of the ship, what happens?",False,1,You have two ships,UnChecked,0,1
a572fc1d9e30135276102205345a807299061d6c95e1ea18b9063698531faf27, 1,8/27/2026 11:07 AM,8/27/2026 11:09 AM,,6,T/F,,Something can be both New and Improved,False,1,True,Checked,0,1
a572fc1d9e30135276102205345a807299061d6c95e1ea18b9063698531faf27, 1,8/27/2026 11:07 AM,8/27/2026 11:09 AM,,6,T/F,,Something can be both New and Improved,False,1,False,UnChecked,0,1
a572fc1d9e30135276102205345a807299061d6c95e1ea18b9063698531faf27, 1,8/27/2026 11:07 AM,8/27/2026 11:09 AM,,7,FIB,,"My bologna has a first name, it's _______ my bologna has a second name, it's _______ ",False,1,Answer for blank # 1,jerry,0,1
a572fc1d9e30135276102205345a807299061d6c95e1ea18b9063698531faf27, 1,8/27/2026 11:07 AM,8/27/2026 11:09 AM,,7,FIB,,"My bologna has a first name, it's _______ my bologna has a second name, it's _______ ",False,1,Answer for blank # 2,antidesestablishmentarinism,0,1
a572fc1d9e30135276102205345a807299061d6c95e1ea18b9063698531faf27, 1,8/27/2026 11:07 AM,8/27/2026 11:09 AM,,8,MC,,Is your answer to this question 'no'?,False,1,yes,UnChecked,0,1
a572fc1d9e30135276102205345a807299061d6c95e1ea18b9063698531faf27, 1,8/27/2026 11:07 AM,8/27/2026 11:09 AM,,8,MC,,Is your answer to this question 'no'?,False,1,no,Checked,0,1
a572fc1d9e30135276102205345a807299061d6c95e1ea18b9063698531faf27, 1,8/27/2026 11:07 AM,8/27/2026 11:09 AM,,9,MC,,"In the word ""scent"", which letter is silent?",False,1,s,UnChecked,0,1
a572fc1d9e30135276102205345a807299061d6c95e1ea18b9063698531faf27, 1,8/27/2026 11:07 AM,8/27/2026 11:09 AM,,9,MC,,"In the word ""scent"", which letter is silent?",False,1,c,Checked,0,1
a572fc1d9e30135276102205345a807299061d6c95e1ea18b9063698531faf27, 1,8/27/2026 11:07 AM,8/27/2026 11:09 AM,,9,MC,,"In the word ""scent"", which letter is silent?",False,1,a,UnChecked,0,1
a572fc1d9e30135276102205345a807299061d6c95e1ea18b9063698531faf27, 1,8/27/2026 11:07 AM,8/27/2026 11:09 AM,,9,MC,,"In the word ""scent"", which letter is silent?",False,1,p,UnChecked,0,1
a572fc1d9e30135276102205345a807299061d6c95e1ea18b9063698531faf27, 1,8/27/2026 11:07 AM,8/27/2026 11:09 AM,,10,MC,,"If revenge is a dish best served cold, and revenge is sweet, then revenge is:",False,1,a popsicle,UnChecked,0,1
a572fc1d9e30135276102205345a807299061d6c95e1ea18b9063698531faf27, 1,8/27/2026 11:07 AM,8/27/2026 11:09 AM,,10,MC,,"If revenge is a dish best served cold, and revenge is sweet, then revenge is:",False,1,ice cream,UnChecked,0,1
a572fc1d9e30135276102205345a807299061d6c95e1ea18b9063698531faf27, 1,8/27/2026 11:07 AM,8/27/2026 11:09 AM,,10,MC,,"If revenge is a dish best served cold, and revenge is sweet, then revenge is:",False,1,coca cola,Checked,0,1
a572fc1d9e30135276102205345a807299061d6c95e1ea18b9063698531faf27, 1,8/27/2026 11:07 AM,8/27/2026 11:09 AM,,10,MC,,"If revenge is a dish best served cold, and revenge is sweet, then revenge is:",False,1,frozen yogurt,UnChecked,0,1
ed244af2b181ead88ba6947222e4e2879eeb1bb0ee5fb0caaee91d3a521fc354, 1,8/27/2026 11:00 AM,8/27/2026 11:02 AM,,1,MC,,"What is the answer to life, the universe, and everything?",False,1,38,UnChecked,0,1
ed244af2b181ead88ba6947222e4e2879eeb1bb0ee5fb0caaee91d3a521fc354, 1,8/27/2026 11:00 AM,8/27/2026 11:02 AM,,1,MC,,"What is the answer to life, the universe, and everything?",False,1,39,UnChecked,0,1
ed244af2b181ead88ba6947222e4e2879eeb1bb0ee5fb0caaee91d3a521fc354, 1,8/27/2026 11:00 AM,8/27/2026 11:02 AM,,1,MC,,"What is the answer to life, the universe, and everything?",False,1,40,UnChecked,0,1
ed244af2b181ead88ba6947222e4e2879eeb1bb0ee5fb0caaee91d3a521fc354, 1,8/27/2026 11:00 AM,8/27/2026 11:02 AM,,1,MC,,"What is the answer to life, the universe, and everything?",False,1,41,Checked,0,1
ed244af2b181ead88ba6947222e4e2879eeb1bb0ee5fb0caaee91d3a521fc354, 1,8/27/2026 11:00 AM,8/27/2026 11:02 AM,,2,MC,,"If you choose the answer to this question at random, what is the chance you will be correct?",False,1,25%,Checked,0,1
ed244af2b181ead88ba6947222e4e2879eeb1bb0ee5fb0caaee91d3a521fc354, 1,8/27/2026 11:00 AM,8/27/2026 11:02 AM,,2,MC,,"If you choose the answer to this question at random, what is the chance you will be correct?",False,1,50%,UnChecked,0,1
ed244af2b181ead88ba6947222e4e2879eeb1bb0ee5fb0caaee91d3a521fc354, 1,8/27/2026 11:00 AM,8/27/2026 11:02 AM,,2,MC,,"If you choose the answer to this question at random, what is the chance you will be correct?",False,1,60%,UnChecked,0,1
ed244af2b181ead88ba6947222e4e2879eeb1bb0ee5fb0caaee91d3a521fc354, 1,8/27/2026 11:00 AM,8/27/2026 11:02 AM,,2,MC,,"If you choose the answer to this question at random, what is the chance you will be correct?",False,1,25%,UnChecked,0,1
ed244af2b181ead88ba6947222e4e2879eeb1bb0ee5fb0caaee91d3a521fc354, 1,8/27/2026 11:00 AM,8/27/2026 11:02 AM,,3,T/F,,"Should the word ""Abbreviation"" be shorter?",False,1,True,Checked,1,1
ed244af2b181ead88ba6947222e4e2879eeb1bb0ee5fb0caaee91d3a521fc354, 1,8/27/2026 11:00 AM,8/27/2026 11:02 AM,,3,T/F,,"Should the word ""Abbreviation"" be shorter?",False,1,False,UnChecked,1,1
ed244af2b181ead88ba6947222e4e2879eeb1bb0ee5fb0caaee91d3a521fc354, 1,8/27/2026 11:00 AM,8/27/2026 11:02 AM,,4,MC,,How many letters are in the alphabet?,False,1,11,UnChecked,0,1
ed244af2b181ead88ba6947222e4e2879eeb1bb0ee5fb0caaee91d3a521fc354, 1,8/27/2026 11:00 AM,8/27/2026 11:02 AM,,4,MC,,How many letters are in the alphabet?,False,1,7,UnChecked,0,1
ed244af2b181ead88ba6947222e4e2879eeb1bb0ee5fb0caaee91d3a521fc354, 1,8/27/2026 11:00 AM,8/27/2026 11:02 AM,,4,MC,,How many letters are in the alphabet?,False,1,26,Checked,0,1
ed244af2b181ead88ba6947222e4e2879eeb1bb0ee5fb0caaee91d3a521fc354, 1,8/27/2026 11:00 AM,8/27/2026 11:02 AM,,4,MC,,How many letters are in the alphabet?,False,1,11010,UnChecked,0,1
ed244af2b181ead88ba6947222e4e2879eeb1bb0ee5fb0caaee91d3a521fc354, 1,8/27/2026 11:00 AM,8/27/2026 11:02 AM,,5,MC,,"If you take a ship and replaced all of the parts until none of the original parts of this ship are a part of the ship, what happens?",False,1,Disney sues you,UnChecked,1,1
ed244af2b181ead88ba6947222e4e2879eeb1bb0ee5fb0caaee91d3a521fc354, 1,8/27/2026 11:00 AM,8/27/2026 11:02 AM,,5,MC,,"If you take a ship and replaced all of the parts until none of the original parts of this ship are a part of the ship, what happens?",False,1,Paul Bettany joins you,UnChecked,1,1
ed244af2b181ead88ba6947222e4e2879eeb1bb0ee5fb0caaee91d3a521fc354, 1,8/27/2026 11:00 AM,8/27/2026 11:02 AM,,5,MC,,"If you take a ship and replaced all of the parts until none of the original parts of this ship are a part of the ship, what happens?",False,1,You have two ships,Checked,1,1
ed244af2b181ead88ba6947222e4e2879eeb1bb0ee5fb0caaee91d3a521fc354, 1,8/27/2026 11:00 AM,8/27/2026 11:02 AM,,6,T/F,,Something can be both New and Improved,False,1,True,Checked,0,1
ed244af2b181ead88ba6947222e4e2879eeb1bb0ee5fb0caaee91d3a521fc354, 1,8/27/2026 11:00 AM,8/27/2026 11:02 AM,,6,T/F,,Something can be both New and Improved,False,1,False,UnChecked,0,1
ed244af2b181ead88ba6947222e4e2879eeb1bb0ee5fb0caaee91d3a521fc354, 1,8/27/2026 11:00 AM,8/27/2026 11:02 AM,,7,FIB,,"My bologna has a first name, it's _______ my bologna has a second name, it's _______ ",False,1,Answer for blank # 1,Bleu,0,1
ed244af2b181ead88ba6947222e4e2879eeb1bb0ee5fb0caaee91d3a521fc354, 1,8/27/2026 11:00 AM,8/27/2026 11:02 AM,,7,FIB,,"My bologna has a first name, it's _______ my bologna has a second name, it's _______ ",False,1,Answer for blank # 2,Bolognia,0,1
ed244af2b181ead88ba6947222e4e2879eeb1bb0ee5fb0caaee91d3a521fc354, 1,8/27/2026 11:00 AM,8/27/2026 11:02 AM,,8,MC,,Is your answer to this question 'no'?,False,1,yes,Checked,1,1
ed244af2b181ead88ba6947222e4e2879eeb1bb0ee5fb0caaee91d3a521fc354, 1,8/27/2026 11:00 AM,8/27/2026 11:02 AM,,8,MC,,Is your answer to this question 'no'?,False,1,no,UnChecked,1,1
ed244af2b181ead88ba6947222e4e2879eeb1bb0ee5fb0caaee91d3a521fc354, 1,8/27/2026 11:00 AM,8/27/2026 11:02 AM,,9,MC,,"In the word ""scent"", which letter is silent?",False,1,s,UnChecked,0,1
ed244af2b181ead88ba6947222e4e2879eeb1bb0ee5fb0caaee91d3a521fc354, 1,8/27/2026 11:00 AM,8/27/2026 11:02 AM,,9,MC,,"In the word ""scent"", which letter is silent?",False,1,c,Checked,0,1
ed244af2b181ead88ba6947222e4e2879eeb1bb0ee5fb0caaee91d3a521fc354, 1,8/27/2026 11:00 AM,8/27/2026 11:02 AM,,9,MC,,"In the word ""scent"", which letter is silent?",False,1,a,UnChecked,0,1
ed244af2b181ead88ba6947222e4e2879eeb1bb0ee5fb0caaee91d3a521fc354, 1,8/27/2026 11:00 AM,8/27/2026 11:02 AM,,9,MC,,"In the word ""scent"", which letter is silent?",False,1,p,UnChecked,0,1
ed244af2b181ead88ba6947222e4e2879eeb1bb0ee5fb0caaee91d3a521fc354, 1,8/27/2026 11:00 AM,8/27/2026 11:02 AM,,10,MC,,"If revenge is a dish best served cold, and revenge is sweet, then revenge is:",False,1,frozen yogurt,UnChecked,0,1
ed244af2b181ead88ba6947222e4e2879eeb1bb0ee5fb0caaee91d3a521fc354, 1,8/27/2026 11:00 AM,8/27/2026 11:02 AM,,10,MC,,"If revenge is a dish best served cold, and revenge is sweet, then revenge is:",False,1,a popsicle,UnChecked,0,1
ed244af2b181ead88ba6947222e4e2879eeb1bb0ee5fb0caaee91d3a521fc354, 1,8/27/2026 11:00 AM,8/27/2026 11:02 AM,,10,MC,,"If revenge is a dish best served cold, and revenge is sweet, then revenge is:",False,1,coca cola,Checked,0,1
ed244af2b181ead88ba6947222e4e2879eeb1bb0ee5fb0caaee91d3a521fc354, 1,8/27/2026 11:00 AM,8/27/2026 11:02 AM,,10,MC,,"If revenge is a dish best served cold, and revenge is sweet, then revenge is:",False,1,ice cream,UnChecked,0,1
341fcce239ba446a3b7796f6383d2e787de17315be4699aa5b662b46d9a08a73, 1,8/27/2026 11:07 AM,8/27/2026 11:09 AM,,1,MC,,"What is the answer to life, the universe, and everything?",False,1,38,UnChecked,0,1
341fcce239ba446a3b7796f6383d2e787de17315be4699aa5b662b46d9a08a73, 1,8/27/2026 11:07 AM,8/27/2026 11:09 AM,,1,MC,,"What is the answer to life, the universe, and everything?",False,1,39,UnChecked,0,1
341fcce239ba446a3b7796f6383d2e787de17315be4699aa5b662b46d9a08a73, 1,8/27/2026 11:07 AM,8/27/2026 11:09 AM,,1,MC,,"What is the answer to life, the universe, and everything?",False,1,40,Checked,0,1
341fcce239ba446a3b7796f6383d2e787de17315be4699aa5b662b46d9a08a73, 1,8/27/2026 11:07 AM,8/27/2026 11:09 AM,,1,MC,,"What is the answer to life, the universe, and everything?",False,1,41,UnChecked,0,1
341fcce239ba446a3b7796f6383d2e787de17315be4699aa5b662b46d9a08a73, 1,8/27/2026 11:07 AM,8/27/2026 11:09 AM,,2,MC,,"If you choose the answer to this question at random, what is the chance you will be correct?",False,1,25%,UnChecked,0,1
341fcce239ba446a3b7796f6383d2e787de17315be4699aa5b662b46d9a08a73, 1,8/27/2026 11:07 AM,8/27/2026 11:09 AM,,2,MC,,"If you choose the answer to this question at random, what is the chance you will be correct?",False,1,50%,Checked,0,1
341fcce239ba446a3b7796f6383d2e787de17315be4699aa5b662b46d9a08a73, 1,8/27/2026 11:07 AM,8/27/2026 11:09 AM,,2,MC,,"If you choose the answer to this question at random, what is the chance you will be correct?",False,1,60%,UnChecked,0,1
341fcce239ba446a3b7796f6383d2e787de17315be4699aa5b662b46d9a08a73, 1,8/27/2026 11:07 AM,8/27/2026 11:09 AM,,2,MC,,"If you choose the answer to this question at random, what is the chance you will be correct?",False,1,25%,UnChecked,0,1
341fcce239ba446a3b7796f6383d2e787de17315be4699aa5b662b46d9a08a73, 1,8/27/2026 11:07 AM,8/27/2026 11:09 AM,,3,T/F,,"Should the word ""Abbreviation"" be shorter?",False,1,True,Checked,1,1
341fcce239ba446a3b7796f6383d2e787de17315be4699aa5b662b46d9a08a73, 1,8/27/2026 11:07 AM,8/27/2026 11:09 AM,,3,T/F,,"Should the word ""Abbreviation"" be shorter?",False,1,False,UnChecked,1,1
341fcce239ba446a3b7796f6383d2e787de17315be4699aa5b662b46d9a08a73, 1,8/27/2026 11:07 AM,8/27/2026 11:09 AM,,4,MC,,How many letters are in the alphabet?,False,1,11,UnChecked,0,1
341fcce239ba446a3b7796f6383d2e787de17315be4699aa5b662b46d9a08a73, 1,8/27/2026 11:07 AM,8/27/2026 11:09 AM,,4,MC,,How many letters are in the alphabet?,False,1,7,UnChecked,0,1
341fcce239ba446a3b7796f6383d2e787de17315be4699aa5b662b46d9a08a73, 1,8/27/2026 11:07 AM,8/27/2026 11:09 AM,,4,MC,,How many letters are in the alphabet?,False,1,26,Checked,0,1
341fcce239ba446a3b7796f6383d2e787de17315be4699aa5b662b46d9a08a73, 1,8/27/2026 11:07 AM,8/27/2026 11:09 AM,,4,MC,,How many letters are in the alphabet?,False,1,11010,UnChecked,0,1
341fcce239ba446a3b7796f6383d2e787de17315be4699aa5b662b46d9a08a73, 1,8/27/2026 11:07 AM,8/27/2026 11:09 AM,,5,MC,,"If you take a ship and replaced all of the parts until none of the original parts of this ship are a part of the ship, what happens?",False,1,Disney sues you,UnChecked,0,1
341fcce239ba446a3b7796f6383d2e787de17315be4699aa5b662b46d9a08a73, 1,8/27/2026 11:07 AM,8/27/2026 11:09 AM,,5,MC,,"If you take a ship and replaced all of the parts until none of the original parts of this ship are a part of the ship, what happens?",False,1,Paul Bettany joins you,Checked,0,1
341fcce239ba446a3b7796f6383d2e787de17315be4699aa5b662b46d9a08a73, 1,8/27/2026 11:07 AM,8/27/2026 11:09 AM,,5,MC,,"If you take a ship and replaced all of the parts until none of the original parts of this ship are a part of the ship, what happens?",False,1,You have two ships,UnChecked,0,1
341fcce239ba446a3b7796f6383d2e787de17315be4699aa5b662b46d9a08a73, 1,8/27/2026 11:07 AM,8/27/2026 11:09 AM,,6,T/F,,Something can be both New and Improved,False,1,True,UnChecked,1,1
341fcce239ba446a3b7796f6383d2e787de17315be4699aa5b662b46d9a08a73, 1,8/27/2026 11:07 AM,8/27/2026 11:09 AM,,6,T/F,,Something can be both New and Improved,False,1,False,Checked,1,1
341fcce239ba446a3b7796f6383d2e787de17315be4699aa5b662b46d9a08a73, 1,8/27/2026 11:07 AM,8/27/2026 11:09 AM,,7,FIB,,"My bologna has a first name, it's _______ my bologna has a second name, it's _______ ",False,1,Answer for blank # 1,bologna,0,1
341fcce239ba446a3b7796f6383d2e787de17315be4699aa5b662b46d9a08a73, 1,8/27/2026 11:07 AM,8/27/2026 11:09 AM,,7,FIB,,"My bologna has a first name, it's _______ my bologna has a second name, it's _______ ",False,1,Answer for blank # 2,bologna,0,1
341fcce239ba446a3b7796f6383d2e787de17315be4699aa5b662b46d9a08a73, 1,8/27/2026 11:07 AM,8/27/2026 11:09 AM,,8,MC,,Is your answer to this question 'no'?,False,1,yes,UnChecked,0,1
341fcce239ba446a3b7796f6383d2e787de17315be4699aa5b662b46d9a08a73, 1,8/27/2026 11:07 AM,8/27/2026 11:09 AM,,8,MC,,Is your answer to this question 'no'?,False,1,no,Checked,0,1
341fcce239ba446a3b7796f6383d2e787de17315be4699aa5b662b46d9a08a73, 1,8/27/2026 11:07 AM,8/27/2026 11:09 AM,,9,MC,,"In the word ""scent"", which letter is silent?",False,1,s,Checked,0,1
341fcce239ba446a3b7796f6383d2e787de17315be4699aa5b662b46d9a08a73, 1,8/27/2026 11:07 AM,8/27/2026 11:09 AM,,9,MC,,"In the word ""scent"", which letter is silent?",False,1,c,UnChecked,0,1
341fcce239ba446a3b7796f6383d2e787de17315be4699aa5b662b46d9a08a73, 1,8/27/2026 11:07 AM,8/27/2026 11:09 AM,,9,MC,,"In the word ""scent"", which letter is silent?",False,1,a,UnChecked,0,1
341fcce239ba446a3b7796f6383d2e787de17315be4699aa5b662b46d9a08a73, 1,8/27/2026 11:07 AM,8/27/2026 11:09 AM,,9,MC,,"In the word ""scent"", which letter is silent?",False,1,p,UnChecked,0,1
341fcce239ba446a3b7796f6383d2e787de17315be4699aa5b662b46d9a08a73, 1,8/27/2026 11:07 AM,8/27/2026 11:09 AM,,10,MC,,"If revenge is a dish best served cold, and revenge is sweet, then revenge is:",False,1,ice cream,UnChecked,0,1
341fcce239ba446a3b7796f6383d2e787de17315be4699aa5b662b46d9a08a73, 1,8/27/2026 11:07 AM,8/27/2026 11:09 AM,,10,MC,,"If revenge is a dish best served cold, and revenge is sweet, then revenge is:",False,1,frozen yogurt,UnChecked,0,1
341fcce239ba446a3b7796f6383d2e787de17315be4699aa5b662b46d9a08a73, 1,8/27/2026 11:07 AM,8/27/2026 11:09 AM,,10,MC,,"If revenge is a dish best served cold, and revenge is sweet, then revenge is:",False,1,coca cola,UnChecked,0,1
341fcce239ba446a3b7796f6383d2e787de17315be4699aa5b662b46d9a08a73, 1,8/27/2026 11:07 AM,8/27/2026 11:09 AM,,10,MC,,"If revenge is a dish best served cold, and revenge is sweet, then revenge is:",False,1,a popsicle,Checked,0,1
1216c179077ffcf77d13c93d3efd238db8538952c324ac87ad9199ce637c723c, 1,8/27/2026 11:08 AM,8/27/2026 11:10 AM,,1,MC,,"What is the answer to life, the universe, and everything?",False,1,38,UnChecked,0,1
1216c179077ffcf77d13c93d3efd238db8538952c324ac87ad9199ce637c723c, 1,8/27/2026 11:08 AM,8/27/2026 11:10 AM,,1,MC,,"What is the answer to life, the universe, and everything?",False,1,39,UnChecked,0,1
1216c179077ffcf77d13c93d3efd238db8538952c324ac87ad9199ce637c723c, 1,8/27/2026 11:08 AM,8/27/2026 11:10 AM,,1,MC,,"What is the answer to life, the universe, and everything?",False,1,40,UnChecked,0,1
1216c179077ffcf77d13c93d3efd238db8538952c324ac87ad9199ce637c723c, 1,8/27/2026 11:08 AM,8/27/2026 11:10 AM,,1,MC,,"What is the answer to life, the universe, and everything?",False,1,41,Checked,0,1
1216c179077ffcf77d13c93d3efd238db8538952c324ac87ad9199ce637c723c, 1,8/27/2026 11:08 AM,8/27/2026 11:10 AM,,2,MC,,"If you choose the answer to this question at random, what is the chance you will be correct?",False,1,25%,Checked,0,1
1216c179077ffcf77d13c93d3efd238db8538952c324ac87ad9199ce637c723c, 1,8/27/2026 11:08 AM,8/27/2026 11:10 AM,,2,MC,,"If you choose the answer to this question at random, what is the chance you will be correct?",False,1,50%,UnChecked,0,1
1216c179077ffcf77d13c93d3efd238db8538952c324ac87ad9199ce637c723c, 1,8/27/2026 11:08 AM,8/27/2026 11:10 AM,,2,MC,,"If you choose the answer to this question at random, what is the chance you will be correct?",False,1,60%,UnChecked,0,1
1216c179077ffcf77d13c93d3efd238db8538952c324ac87ad9199ce637c723c, 1,8/27/2026 11:08 AM,8/27/2026 11:10 AM,,2,MC,,"If you choose the answer to this question at random, what is the chance you will be correct?",False,1,25%,UnChecked,0,1
1216c179077ffcf77d13c93d3efd238db8538952c324ac87ad9199ce637c723c, 1,8/27/2026 11:08 AM,8/27/2026 11:10 AM,,3,T/F,,"Should the word ""Abbreviation"" be shorter?",False,1,True,UnChecked,0,1
1216c179077ffcf77d13c93d3efd238db8538952c324ac87ad9199ce637c723c, 1,8/27/2026 11:08 AM,8/27/2026 11:10 AM,,3,T/F,,"Should the word ""Abbreviation"" be shorter?",False,1,False,Checked,0,1
1216c179077ffcf77d13c93d3efd238db8538952c324ac87ad9199ce637c723c, 1,8/27/2026 11:08 AM,8/27/2026 11:10 AM,,4,MC,,How many letters are in the alphabet?,False,1,11,UnChecked,0,1
1216c179077ffcf77d13c93d3efd238db8538952c324ac87ad9199ce637c723c, 1,8/27/2026 11:08 AM,8/27/2026 11:10 AM,,4,MC,,How many letters are in the alphabet?,False,1,7,UnChecked,0,1
1216c179077ffcf77d13c93d3efd238db8538952c324ac87ad9199ce637c723c, 1,8/27/2026 11:08 AM,8/27/2026 11:10 AM,,4,MC,,How many letters are in the alphabet?,False,1,26,UnChecked,0,1
1216c179077ffcf77d13c93d3efd238db8538952c324ac87ad9199ce637c723c, 1,8/27/2026 11:08 AM,8/27/2026 11:10 AM,,4,MC,,How many letters are in the alphabet?,False,1,11010,Checked,0,1
1216c179077ffcf77d13c93d3efd238db8538952c324ac87ad9199ce637c723c, 1,8/27/2026 11:08 AM,8/27/2026 11:10 AM,,5,MC,,"If you take a ship and replaced all of the parts until none of the original parts of this ship are a part of the ship, what happens?",False,1,Disney sues you,UnChecked,0,1
1216c179077ffcf77d13c93d3efd238db8538952c324ac87ad9199ce637c723c, 1,8/27/2026 11:08 AM,8/27/2026 11:10 AM,,5,MC,,"If you take a ship and replaced all of the parts until none of the original parts of this ship are a part of the ship, what happens?",False,1,Paul Bettany joins you,Checked,0,1
1216c179077ffcf77d13c93d3efd238db8538952c324ac87ad9199ce637c723c, 1,8/27/2026 11:08 AM,8/27/2026 11:10 AM,,5,MC,,"If you take a ship and replaced all of the parts until none of the original parts of this ship are a part of the ship, what happens?",False,1,You have two ships,UnChecked,0,1
1216c179077ffcf77d13c93d3efd238db8538952c324ac87ad9199ce637c723c, 1,8/27/2026 11:08 AM,8/27/2026 11:10 AM,,6,T/F,,Something can be both New and Improved,False,1,True,UnChecked,1,1
1216c179077ffcf77d13c93d3efd238db8538952c324ac87ad9199ce637c723c, 1,8/27/2026 11:08 AM,8/27/2026 11:10 AM,,6,T/F,,Something can be both New and Improved,False,1,False,Checked,1,1
1216c179077ffcf77d13c93d3efd238db8538952c324ac87ad9199ce637c723c, 1,8/27/2026 11:08 AM,8/27/2026 11:10 AM,,7,FIB,,"My bologna has a first name, it's _______ my bologna has a second name, it's _______ ",False,1,Answer for blank # 1,aaaaaaaaaaaaaaaaaaaaaaaaaaaaaaaaaaaa,0,1
1216c179077ffcf77d13c93d3efd238db8538952c324ac87ad9199ce637c723c, 1,8/27/2026 11:08 AM,8/27/2026 11:10 AM,,7,FIB,,"My bologna has a first name, it's _______ my bologna has a second name, it's _______ ",False,1,Answer for blank # 2,aaaaaaaaaaaaaaaaaaaaaaaaaaaaaaaaaaaaaaaaaaaaaaaaaaaaaaa,0,1
1216c179077ffcf77d13c93d3efd238db8538952c324ac87ad9199ce637c723c, 1,8/27/2026 11:08 AM,8/27/2026 11:10 AM,,8,MC,,Is your answer to this question 'no'?,False,1,yes,Checked,1,1
1216c179077ffcf77d13c93d3efd238db8538952c324ac87ad9199ce637c723c, 1,8/27/2026 11:08 AM,8/27/2026 11:10 AM,,8,MC,,Is your answer to this question 'no'?,False,1,no,UnChecked,1,1
1216c179077ffcf77d13c93d3efd238db8538952c324ac87ad9199ce637c723c, 1,8/27/2026 11:08 AM,8/27/2026 11:10 AM,,9,MC,,"In the word ""scent"", which letter is silent?",False,1,s,UnChecked,0,1
1216c179077ffcf77d13c93d3efd238db8538952c324ac87ad9199ce637c723c, 1,8/27/2026 11:08 AM,8/27/2026 11:10 AM,,9,MC,,"In the word ""scent"", which letter is silent?",False,1,c,UnChecked,0,1
1216c179077ffcf77d13c93d3efd238db8538952c324ac87ad9199ce637c723c, 1,8/27/2026 11:08 AM,8/27/2026 11:10 AM,,9,MC,,"In the word ""scent"", which letter is silent?",False,1,a,UnChecked,0,1
1216c179077ffcf77d13c93d3efd238db8538952c324ac87ad9199ce637c723c, 1,8/27/2026 11:08 AM,8/27/2026 11:10 AM,,9,MC,,"In the word ""scent"", which letter is silent?",False,1,p,Checked,0,1
1216c179077ffcf77d13c93d3efd238db8538952c324ac87ad9199ce637c723c, 1,8/27/2026 11:08 AM,8/27/2026 11:10 AM,,10,MC,,"If revenge is a dish best served cold, and revenge is sweet, then revenge is:",False,1,frozen yogurt,UnChecked,0,1
1216c179077ffcf77d13c93d3efd238db8538952c324ac87ad9199ce637c723c, 1,8/27/2026 11:08 AM,8/27/2026 11:10 AM,,10,MC,,"If revenge is a dish best served cold, and revenge is sweet, then revenge is:",False,1,coca cola,UnChecked,0,1
1216c179077ffcf77d13c93d3efd238db8538952c324ac87ad9199ce637c723c, 1,8/27/2026 11:08 AM,8/27/2026 11:10 AM,,10,MC,,"If revenge is a dish best served cold, and revenge is sweet, then revenge is:",False,1,ice cream,UnChecked,0,1
1216c179077ffcf77d13c93d3efd238db8538952c324ac87ad9199ce637c723c, 1,8/27/2026 11:08 AM,8/27/2026 11:10 AM,,10,MC,,"If revenge is a dish best served cold, and revenge is sweet, then revenge is:",False,1,a popsicle,Checked,0,1
3a5f1440d75448d2a34dfc81a98bc683d1d507819d0e89e33f48da62f8a6442d, 1,8/27/2026 11:07 AM,8/27/2026 11:11 AM,,1,MC,,"What is the answer to life, the universe, and everything?",False,1,38,UnChecked,0,1
3a5f1440d75448d2a34dfc81a98bc683d1d507819d0e89e33f48da62f8a6442d, 1,8/27/2026 11:07 AM,8/27/2026 11:11 AM,,1,MC,,"What is the answer to life, the universe, and everything?",False,1,39,UnChecked,0,1
3a5f1440d75448d2a34dfc81a98bc683d1d507819d0e89e33f48da62f8a6442d, 1,8/27/2026 11:07 AM,8/27/2026 11:11 AM,,1,MC,,"What is the answer to life, the universe, and everything?",False,1,40,Checked,0,1
3a5f1440d75448d2a34dfc81a98bc683d1d507819d0e89e33f48da62f8a6442d, 1,8/27/2026 11:07 AM,8/27/2026 11:11 AM,,1,MC,,"What is the answer to life, the universe, and everything?",False,1,41,UnChecked,0,1
3a5f1440d75448d2a34dfc81a98bc683d1d507819d0e89e33f48da62f8a6442d, 1,8/27/2026 11:07 AM,8/27/2026 11:11 AM,,2,MC,,"If you choose the answer to this question at random, what is the chance you will be correct?",False,1,25%,UnChecked,1,1
3a5f1440d75448d2a34dfc81a98bc683d1d507819d0e89e33f48da62f8a6442d, 1,8/27/2026 11:07 AM,8/27/2026 11:11 AM,,2,MC,,"If you choose the answer to this question at random, what is the chance you will be correct?",False,1,50%,UnChecked,1,1
3a5f1440d75448d2a34dfc81a98bc683d1d507819d0e89e33f48da62f8a6442d, 1,8/27/2026 11:07 AM,8/27/2026 11:11 AM,,2,MC,,"If you choose the answer to this question at random, what is the chance you will be correct?",False,1,60%,Checked,1,1
3a5f1440d75448d2a34dfc81a98bc683d1d507819d0e89e33f48da62f8a6442d, 1,8/27/2026 11:07 AM,8/27/2026 11:11 AM,,2,MC,,"If you choose the answer to this question at random, what is the chance you will be correct?",False,1,25%,UnChecked,1,1
3a5f1440d75448d2a34dfc81a98bc683d1d507819d0e89e33f48da62f8a6442d, 1,8/27/2026 11:07 AM,8/27/2026 11:11 AM,,3,T/F,,"Should the word ""Abbreviation"" be shorter?",False,1,True,Checked,1,1
3a5f1440d75448d2a34dfc81a98bc683d1d507819d0e89e33f48da62f8a6442d, 1,8/27/2026 11:07 AM,8/27/2026 11:11 AM,,3,T/F,,"Should the word ""Abbreviation"" be shorter?",False,1,False,UnChecked,1,1
3a5f1440d75448d2a34dfc81a98bc683d1d507819d0e89e33f48da62f8a6442d, 1,8/27/2026 11:07 AM,8/27/2026 11:11 AM,,4,MC,,How many letters are in the alphabet?,False,1,11,UnChecked,0,1
3a5f1440d75448d2a34dfc81a98bc683d1d507819d0e89e33f48da62f8a6442d, 1,8/27/2026 11:07 AM,8/27/2026 11:11 AM,,4,MC,,How many letters are in the alphabet?,False,1,7,UnChecked,0,1
3a5f1440d75448d2a34dfc81a98bc683d1d507819d0e89e33f48da62f8a6442d, 1,8/27/2026 11:07 AM,8/27/2026 11:11 AM,,4,MC,,How many letters are in the alphabet?,False,1,26,Checked,0,1
3a5f1440d75448d2a34dfc81a98bc683d1d507819d0e89e33f48da62f8a6442d, 1,8/27/2026 11:07 AM,8/27/2026 11:11 AM,,4,MC,,How many letters are in the alphabet?,False,1,11010,UnChecked,0,1
3a5f1440d75448d2a34dfc81a98bc683d1d507819d0e89e33f48da62f8a6442d, 1,8/27/2026 11:07 AM,8/27/2026 11:11 AM,,5,MC,,"If you take a ship and replaced all of the parts until none of the original parts of this ship are a part of the ship, what happens?",False,1,Disney sues you,UnChecked,1,1
3a5f1440d75448d2a34dfc81a98bc683d1d507819d0e89e33f48da62f8a6442d, 1,8/27/2026 11:07 AM,8/27/2026 11:11 AM,,5,MC,,"If you take a ship and replaced all of the parts until none of the original parts of this ship are a part of the ship, what happens?",False,1,Paul Bettany joins you,UnChecked,1,1
3a5f1440d75448d2a34dfc81a98bc683d1d507819d0e89e33f48da62f8a6442d, 1,8/27/2026 11:07 AM,8/27/2026 11:11 AM,,5,MC,,"If you take a ship and replaced all of the parts until none of the original parts of this ship are a part of the ship, what happens?",False,1,You have two ships,Checked,1,1
3a5f1440d75448d2a34dfc81a98bc683d1d507819d0e89e33f48da62f8a6442d, 1,8/27/2026 11:07 AM,8/27/2026 11:11 AM,,6,T/F,,Something can be both New and Improved,False,1,True,Checked,0,1
3a5f1440d75448d2a34dfc81a98bc683d1d507819d0e89e33f48da62f8a6442d, 1,8/27/2026 11:07 AM,8/27/2026 11:11 AM,,6,T/F,,Something can be both New and Improved,False,1,False,UnChecked,0,1
3a5f1440d75448d2a34dfc81a98bc683d1d507819d0e89e33f48da62f8a6442d, 1,8/27/2026 11:07 AM,8/27/2026 11:11 AM,,7,FIB,,"My bologna has a first name, it's _______ my bologna has a second name, it's _______ ",False,1,Answer for blank # 1,lasagna,0,1
3a5f1440d75448d2a34dfc81a98bc683d1d507819d0e89e33f48da62f8a6442d, 1,8/27/2026 11:07 AM,8/27/2026 11:11 AM,,7,FIB,,"My bologna has a first name, it's _______ my bologna has a second name, it's _______ ",False,1,Answer for blank # 2,Pneumonoultramicroscopicsilicovolcanoconiosis,0,1
3a5f1440d75448d2a34dfc81a98bc683d1d507819d0e89e33f48da62f8a6442d, 1,8/27/2026 11:07 AM,8/27/2026 11:11 AM,,8,MC,,Is your answer to this question 'no'?,False,1,yes,Checked,1,1
3a5f1440d75448d2a34dfc81a98bc683d1d507819d0e89e33f48da62f8a6442d, 1,8/27/2026 11:07 AM,8/27/2026 11:11 AM,,8,MC,,Is your answer to this question 'no'?,False,1,no,UnChecked,1,1
3a5f1440d75448d2a34dfc81a98bc683d1d507819d0e89e33f48da62f8a6442d, 1,8/27/2026 11:07 AM,8/27/2026 11:11 AM,,9,MC,,"In the word ""scent"", which letter is silent?",False,1,s,UnChecked,0,1
3a5f1440d75448d2a34dfc81a98bc683d1d507819d0e89e33f48da62f8a6442d, 1,8/27/2026 11:07 AM,8/27/2026 11:11 AM,,9,MC,,"In the word ""scent"", which letter is silent?",False,1,c,Checked,0,1
3a5f1440d75448d2a34dfc81a98bc683d1d507819d0e89e33f48da62f8a6442d, 1,8/27/2026 11:07 AM,8/27/2026 11:11 AM,,9,MC,,"In the word ""scent"", which letter is silent?",False,1,a,UnChecked,0,1
3a5f1440d75448d2a34dfc81a98bc683d1d507819d0e89e33f48da62f8a6442d, 1,8/27/2026 11:07 AM,8/27/2026 11:11 AM,,9,MC,,"In the word ""scent"", which letter is silent?",False,1,p,UnChecked,0,1
3a5f1440d75448d2a34dfc81a98bc683d1d507819d0e89e33f48da62f8a6442d, 1,8/27/2026 11:07 AM,8/27/2026 11:11 AM,,10,MC,,"If revenge is a dish best served cold, and revenge is sweet, then revenge is:",False,1,coca cola,UnChecked,1,1
3a5f1440d75448d2a34dfc81a98bc683d1d507819d0e89e33f48da62f8a6442d, 1,8/27/2026 11:07 AM,8/27/2026 11:11 AM,,10,MC,,"If revenge is a dish best served cold, and revenge is sweet, then revenge is:",False,1,ice cream,Checked,1,1
3a5f1440d75448d2a34dfc81a98bc683d1d507819d0e89e33f48da62f8a6442d, 1,8/27/2026 11:07 AM,8/27/2026 11:11 AM,,10,MC,,"If revenge is a dish best served cold, and revenge is sweet, then revenge is:",False,1,a popsicle,UnChecked,1,1
3a5f1440d75448d2a34dfc81a98bc683d1d507819d0e89e33f48da62f8a6442d, 1,8/27/2026 11:07 AM,8/27/2026 11:11 AM,,10,MC,,"If revenge is a dish best served cold, and revenge is sweet, then revenge is:",False,1,frozen yogurt,UnChecked,1,1
1504b6fd7e5a7334eeb9adc03246a8849b1cb493da600999a9f1d53d1a57baa0, 1,8/27/2026 11:07 AM,8/27/2026 11:09 AM,,1,MC,,"What is the answer to life, the universe, and everything?",False,1,38,UnChecked,0,1
1504b6fd7e5a7334eeb9adc03246a8849b1cb493da600999a9f1d53d1a57baa0, 1,8/27/2026 11:07 AM,8/27/2026 11:09 AM,,1,MC,,"What is the answer to life, the universe, and everything?",False,1,39,UnChecked,0,1
1504b6fd7e5a7334eeb9adc03246a8849b1cb493da600999a9f1d53d1a57baa0, 1,8/27/2026 11:07 AM,8/27/2026 11:09 AM,,1,MC,,"What is the answer to life, the universe, and everything?",False,1,40,Checked,0,1
1504b6fd7e5a7334eeb9adc03246a8849b1cb493da600999a9f1d53d1a57baa0, 1,8/27/2026 11:07 AM,8/27/2026 11:09 AM,,1,MC,,"What is the answer to life, the universe, and everything?",False,1,41,UnChecked,0,1
1504b6fd7e5a7334eeb9adc03246a8849b1cb493da600999a9f1d53d1a57baa0, 1,8/27/2026 11:07 AM,8/27/2026 11:09 AM,,2,MC,,"If you choose the answer to this question at random, what is the chance you will be correct?",False,1,25%,UnChecked,1,1
1504b6fd7e5a7334eeb9adc03246a8849b1cb493da600999a9f1d53d1a57baa0, 1,8/27/2026 11:07 AM,8/27/2026 11:09 AM,,2,MC,,"If you choose the answer to this question at random, what is the chance you will be correct?",False,1,50%,UnChecked,1,1
1504b6fd7e5a7334eeb9adc03246a8849b1cb493da600999a9f1d53d1a57baa0, 1,8/27/2026 11:07 AM,8/27/2026 11:09 AM,,2,MC,,"If you choose the answer to this question at random, what is the chance you will be correct?",False,1,60%,Checked,1,1
1504b6fd7e5a7334eeb9adc03246a8849b1cb493da600999a9f1d53d1a57baa0, 1,8/27/2026 11:07 AM,8/27/2026 11:09 AM,,2,MC,,"If you choose the answer to this question at random, what is the chance you will be correct?",False,1,25%,UnChecked,1,1
1504b6fd7e5a7334eeb9adc03246a8849b1cb493da600999a9f1d53d1a57baa0, 1,8/27/2026 11:07 AM,8/27/2026 11:09 AM,,3,T/F,,"Should the word ""Abbreviation"" be shorter?",False,1,True,Checked,1,1
1504b6fd7e5a7334eeb9adc03246a8849b1cb493da600999a9f1d53d1a57baa0, 1,8/27/2026 11:07 AM,8/27/2026 11:09 AM,,3,T/F,,"Should the word ""Abbreviation"" be shorter?",False,1,False,UnChecked,1,1
1504b6fd7e5a7334eeb9adc03246a8849b1cb493da600999a9f1d53d1a57baa0, 1,8/27/2026 11:07 AM,8/27/2026 11:09 AM,,4,MC,,How many letters are in the alphabet?,False,1,11,UnChecked,0,1
1504b6fd7e5a7334eeb9adc03246a8849b1cb493da600999a9f1d53d1a57baa0, 1,8/27/2026 11:07 AM,8/27/2026 11:09 AM,,4,MC,,How many letters are in the alphabet?,False,1,7,UnChecked,0,1
1504b6fd7e5a7334eeb9adc03246a8849b1cb493da600999a9f1d53d1a57baa0, 1,8/27/2026 11:07 AM,8/27/2026 11:09 AM,,4,MC,,How many letters are in the alphabet?,False,1,26,Checked,0,1
1504b6fd7e5a7334eeb9adc03246a8849b1cb493da600999a9f1d53d1a57baa0, 1,8/27/2026 11:07 AM,8/27/2026 11:09 AM,,4,MC,,How many letters are in the alphabet?,False,1,11010,UnChecked,0,1
1504b6fd7e5a7334eeb9adc03246a8849b1cb493da600999a9f1d53d1a57baa0, 1,8/27/2026 11:07 AM,8/27/2026 11:09 AM,,5,MC,,"If you take a ship and replaced all of the parts until none of the original parts of this ship are a part of the ship, what happens?",False,1,Disney sues you,UnChecked,1,1
1504b6fd7e5a7334eeb9adc03246a8849b1cb493da600999a9f1d53d1a57baa0, 1,8/27/2026 11:07 AM,8/27/2026 11:09 AM,,5,MC,,"If you take a ship and replaced all of the parts until none of the original parts of this ship are a part of the ship, what happens?",False,1,Paul Bettany joins you,UnChecked,1,1
1504b6fd7e5a7334eeb9adc03246a8849b1cb493da600999a9f1d53d1a57baa0, 1,8/27/2026 11:07 AM,8/27/2026 11:09 AM,,5,MC,,"If you take a ship and replaced all of the parts until none of the original parts of this ship are a part of the ship, what happens?",False,1,You have two ships,Checked,1,1
1504b6fd7e5a7334eeb9adc03246a8849b1cb493da600999a9f1d53d1a57baa0, 1,8/27/2026 11:07 AM,8/27/2026 11:09 AM,,6,T/F,,Something can be both New and Improved,False,1,True,Checked,0,1
1504b6fd7e5a7334eeb9adc03246a8849b1cb493da600999a9f1d53d1a57baa0, 1,8/27/2026 11:07 AM,8/27/2026 11:09 AM,,6,T/F,,Something can be both New and Improved,False,1,False,UnChecked,0,1
1504b6fd7e5a7334eeb9adc03246a8849b1cb493da600999a9f1d53d1a57baa0, 1,8/27/2026 11:07 AM,8/27/2026 11:09 AM,,7,FIB,,"My bologna has a first name, it's _______ my bologna has a second name, it's _______ ",False,1,Answer for blank # 1,bologna,0,1
1504b6fd7e5a7334eeb9adc03246a8849b1cb493da600999a9f1d53d1a57baa0, 1,8/27/2026 11:07 AM,8/27/2026 11:09 AM,,7,FIB,,"My bologna has a first name, it's _______ my bologna has a second name, it's _______ ",False,1,Answer for blank # 2,bologna 2,0,1
1504b6fd7e5a7334eeb9adc03246a8849b1cb493da600999a9f1d53d1a57baa0, 1,8/27/2026 11:07 AM,8/27/2026 11:09 AM,,8,MC,,Is your answer to this question 'no'?,False,1,yes,Checked,1,1
1504b6fd7e5a7334eeb9adc03246a8849b1cb493da600999a9f1d53d1a57baa0, 1,8/27/2026 11:07 AM,8/27/2026 11:09 AM,,8,MC,,Is your answer to this question 'no'?,False,1,no,UnChecked,1,1
1504b6fd7e5a7334eeb9adc03246a8849b1cb493da600999a9f1d53d1a57baa0, 1,8/27/2026 11:07 AM,8/27/2026 11:09 AM,,9,MC,,"In the word ""scent"", which letter is silent?",False,1,s,UnChecked,0,1
1504b6fd7e5a7334eeb9adc03246a8849b1cb493da600999a9f1d53d1a57baa0, 1,8/27/2026 11:07 AM,8/27/2026 11:09 AM,,9,MC,,"In the word ""scent"", which letter is silent?",False,1,c,Checked,0,1
1504b6fd7e5a7334eeb9adc03246a8849b1cb493da600999a9f1d53d1a57baa0, 1,8/27/2026 11:07 AM,8/27/2026 11:09 AM,,9,MC,,"In the word ""scent"", which letter is silent?",False,1,a,UnChecked,0,1
1504b6fd7e5a7334eeb9adc03246a8849b1cb493da600999a9f1d53d1a57baa0, 1,8/27/2026 11:07 AM,8/27/2026 11:09 AM,,9,MC,,"In the word ""scent"", which letter is silent?",False,1,p,UnChecked,0,1
1504b6fd7e5a7334eeb9adc03246a8849b1cb493da600999a9f1d53d1a57baa0, 1,8/27/2026 11:07 AM,8/27/2026 11:09 AM,,10,MC,,"If revenge is a dish best served cold, and revenge is sweet, then revenge is:",False,1,frozen yogurt,UnChecked,1,1
1504b6fd7e5a7334eeb9adc03246a8849b1cb493da600999a9f1d53d1a57baa0, 1,8/27/2026 11:07 AM,8/27/2026 11:09 AM,,10,MC,,"If revenge is a dish best served cold, and revenge is sweet, then revenge is:",False,1,ice cream,Checked,1,1
1504b6fd7e5a7334eeb9adc03246a8849b1cb493da600999a9f1d53d1a57baa0, 1,8/27/2026 11:07 AM,8/27/2026 11:09 AM,,10,MC,,"If revenge is a dish best served cold, and revenge is sweet, then revenge is:",False,1,a popsicle,UnChecked,1,1
1504b6fd7e5a7334eeb9adc03246a8849b1cb493da600999a9f1d53d1a57baa0, 1,8/27/2026 11:07 AM,8/27/2026 11:09 AM,,10,MC,,"If revenge is a dish best served cold, and revenge is sweet, then revenge is:",False,1,coca cola,UnChecked,1,1
cab8b9be31837d6b0a1080d54e982126dc525777871d50995c1dadf226363cc5, 1,8/27/2026 11:08 AM,8/27/2026 11:11 AM,,1,MC,,"What is the answer to life, the universe, and everything?",False,1,38,UnChecked,0,1
cab8b9be31837d6b0a1080d54e982126dc525777871d50995c1dadf226363cc5, 1,8/27/2026 11:08 AM,8/27/2026 11:11 AM,,1,MC,,"What is the answer to life, the universe, and everything?",False,1,39,UnChecked,0,1
cab8b9be31837d6b0a1080d54e982126dc525777871d50995c1dadf226363cc5, 1,8/27/2026 11:08 AM,8/27/2026 11:11 AM,,1,MC,,"What is the answer to life, the universe, and everything?",False,1,40,UnChecked,0,1
cab8b9be31837d6b0a1080d54e982126dc525777871d50995c1dadf226363cc5, 1,8/27/2026 11:08 AM,8/27/2026 11:11 AM,,1,MC,,"What is the answer to life, the universe, and everything?",False,1,41,Checked,0,1
cab8b9be31837d6b0a1080d54e982126dc525777871d50995c1dadf226363cc5, 1,8/27/2026 11:08 AM,8/27/2026 11:11 AM,,2,MC,,"If you choose the answer to this question at random, what is the chance you will be correct?",False,1,25%,UnChecked,0,1
cab8b9be31837d6b0a1080d54e982126dc525777871d50995c1dadf226363cc5, 1,8/27/2026 11:08 AM,8/27/2026 11:11 AM,,2,MC,,"If you choose the answer to this question at random, what is the chance you will be correct?",False,1,50%,Checked,0,1
cab8b9be31837d6b0a1080d54e982126dc525777871d50995c1dadf226363cc5, 1,8/27/2026 11:08 AM,8/27/2026 11:11 AM,,2,MC,,"If you choose the answer to this question at random, what is the chance you will be correct?",False,1,60%,UnChecked,0,1
cab8b9be31837d6b0a1080d54e982126dc525777871d50995c1dadf226363cc5, 1,8/27/2026 11:08 AM,8/27/2026 11:11 AM,,2,MC,,"If you choose the answer to this question at random, what is the chance you will be correct?",False,1,25%,UnChecked,0,1
cab8b9be31837d6b0a1080d54e982126dc525777871d50995c1dadf226363cc5, 1,8/27/2026 11:08 AM,8/27/2026 11:11 AM,,3,T/F,,"Should the word ""Abbreviation"" be shorter?",False,1,True,UnChecked,0,1
cab8b9be31837d6b0a1080d54e982126dc525777871d50995c1dadf226363cc5, 1,8/27/2026 11:08 AM,8/27/2026 11:11 AM,,3,T/F,,"Should the word ""Abbreviation"" be shorter?",False,1,False,Checked,0,1
cab8b9be31837d6b0a1080d54e982126dc525777871d50995c1dadf226363cc5, 1,8/27/2026 11:08 AM,8/27/2026 11:11 AM,,4,MC,,How many letters are in the alphabet?,False,1,11,UnChecked,0,1
cab8b9be31837d6b0a1080d54e982126dc525777871d50995c1dadf226363cc5, 1,8/27/2026 11:08 AM,8/27/2026 11:11 AM,,4,MC,,How many letters are in the alphabet?,False,1,7,UnChecked,0,1
cab8b9be31837d6b0a1080d54e982126dc525777871d50995c1dadf226363cc5, 1,8/27/2026 11:08 AM,8/27/2026 11:11 AM,,4,MC,,How many letters are in the alphabet?,False,1,26,Checked,0,1
cab8b9be31837d6b0a1080d54e982126dc525777871d50995c1dadf226363cc5, 1,8/27/2026 11:08 AM,8/27/2026 11:11 AM,,4,MC,,How many letters are in the alphabet?,False,1,11010,UnChecked,0,1
cab8b9be31837d6b0a1080d54e982126dc525777871d50995c1dadf226363cc5, 1,8/27/2026 11:08 AM,8/27/2026 11:11 AM,,5,MC,,"If you take a ship and replaced all of the parts until none of the original parts of this ship are a part of the ship, what happens?",False,1,Disney sues you,UnChecked,1,1
cab8b9be31837d6b0a1080d54e982126dc525777871d50995c1dadf226363cc5, 1,8/27/2026 11:08 AM,8/27/2026 11:11 AM,,5,MC,,"If you take a ship and replaced all of the parts until none of the original parts of this ship are a part of the ship, what happens?",False,1,Paul Bettany joins you,UnChecked,1,1
cab8b9be31837d6b0a1080d54e982126dc525777871d50995c1dadf226363cc5, 1,8/27/2026 11:08 AM,8/27/2026 11:11 AM,,5,MC,,"If you take a ship and replaced all of the parts until none of the original parts of this ship are a part of the ship, what happens?",False,1,You have two ships,Checked,1,1
cab8b9be31837d6b0a1080d54e982126dc525777871d50995c1dadf226363cc5, 1,8/27/2026 11:08 AM,8/27/2026 11:11 AM,,6,T/F,,Something can be both New and Improved,False,1,True,Checked,0,1
cab8b9be31837d6b0a1080d54e982126dc525777871d50995c1dadf226363cc5, 1,8/27/2026 11:08 AM,8/27/2026 11:11 AM,,6,T/F,,Something can be both New and Improved,False,1,False,UnChecked,0,1
cab8b9be31837d6b0a1080d54e982126dc525777871d50995c1dadf226363cc5, 1,8/27/2026 11:08 AM,8/27/2026 11:11 AM,,7,FIB,,"My bologna has a first name, it's _______ my bologna has a second name, it's _______ ",False,1,Answer for blank # 1,Al,0,1
cab8b9be31837d6b0a1080d54e982126dc525777871d50995c1dadf226363cc5, 1,8/27/2026 11:08 AM,8/27/2026 11:11 AM,,7,FIB,,"My bologna has a first name, it's _______ my bologna has a second name, it's _______ ",False,1,Answer for blank # 2,yankovic,0,1
cab8b9be31837d6b0a1080d54e982126dc525777871d50995c1dadf226363cc5, 1,8/27/2026 11:08 AM,8/27/2026 11:11 AM,,8,MC,,Is your answer to this question 'no'?,False,1,yes,Checked,1,1
cab8b9be31837d6b0a1080d54e982126dc525777871d50995c1dadf226363cc5, 1,8/27/2026 11:08 AM,8/27/2026 11:11 AM,,8,MC,,Is your answer to this question 'no'?,False,1,no,UnChecked,1,1
cab8b9be31837d6b0a1080d54e982126dc525777871d50995c1dadf226363cc5, 1,8/27/2026 11:08 AM,8/27/2026 11:11 AM,,9,MC,,"In the word ""scent"", which letter is silent?",False,1,s,UnChecked,0,1
cab8b9be31837d6b0a1080d54e982126dc525777871d50995c1dadf226363cc5, 1,8/27/2026 11:08 AM,8/27/2026 11:11 AM,,9,MC,,"In the word ""scent"", which letter is silent?",False,1,c,Checked,0,1
cab8b9be31837d6b0a1080d54e982126dc525777871d50995c1dadf226363cc5, 1,8/27/2026 11:08 AM,8/27/2026 11:11 AM,,9,MC,,"In the word ""scent"", which letter is silent?",False,1,a,UnChecked,0,1
cab8b9be31837d6b0a1080d54e982126dc525777871d50995c1dadf226363cc5, 1,8/27/2026 11:08 AM,8/27/2026 11:11 AM,,9,MC,,"In the word ""scent"", which letter is silent?",False,1,p,UnChecked,0,1
cab8b9be31837d6b0a1080d54e982126dc525777871d50995c1dadf226363cc5, 1,8/27/2026 11:08 AM,8/27/2026 11:11 AM,,10,MC,,"If revenge is a dish best served cold, and revenge is sweet, then revenge is:",False,1,ice cream,Checked,1,1
cab8b9be31837d6b0a1080d54e982126dc525777871d50995c1dadf226363cc5, 1,8/27/2026 11:08 AM,8/27/2026 11:11 AM,,10,MC,,"If revenge is a dish best served cold, and revenge is sweet, then revenge is:",False,1,a popsicle,UnChecked,1,1
cab8b9be31837d6b0a1080d54e982126dc525777871d50995c1dadf226363cc5, 1,8/27/2026 11:08 AM,8/27/2026 11:11 AM,,10,MC,,"If revenge is a dish best served cold, and revenge is sweet, then revenge is:",False,1,frozen yogurt,UnChecked,1,1
cab8b9be31837d6b0a1080d54e982126dc525777871d50995c1dadf226363cc5, 1,8/27/2026 11:08 AM,8/27/2026 11:11 AM,,10,MC,,"If revenge is a dish best served cold, and revenge is sweet, then revenge is:",False,1,coca cola,UnChecked,1,1
91ac17356d65df93442ab4e4ac8a3f49eb8318e801f6ced126d07f6311f0960b, 1,8/27/2026 11:05 AM,8/27/2026 11:09 AM,,1,MC,,"What is the answer to life, the universe, and everything?",False,1,38,UnChecked,0,1
91ac17356d65df93442ab4e4ac8a3f49eb8318e801f6ced126d07f6311f0960b, 1,8/27/2026 11:05 AM,8/27/2026 11:09 AM,,1,MC,,"What is the answer to life, the universe, and everything?",False,1,39,UnChecked,0,1
91ac17356d65df93442ab4e4ac8a3f49eb8318e801f6ced126d07f6311f0960b, 1,8/27/2026 11:05 AM,8/27/2026 11:09 AM,,1,MC,,"What is the answer to life, the universe, and everything?",False,1,40,Checked,0,1
91ac17356d65df93442ab4e4ac8a3f49eb8318e801f6ced126d07f6311f0960b, 1,8/27/2026 11:05 AM,8/27/2026 11:09 AM,,1,MC,,"What is the answer to life, the universe, and everything?",False,1,41,UnChecked,0,1
91ac17356d65df93442ab4e4ac8a3f49eb8318e801f6ced126d07f6311f0960b, 1,8/27/2026 11:05 AM,8/27/2026 11:09 AM,,2,MC,,"If you choose the answer to this question at random, what is the chance you will be correct?",False,1,25%,UnChecked,0,1
91ac17356d65df93442ab4e4ac8a3f49eb8318e801f6ced126d07f6311f0960b, 1,8/27/2026 11:05 AM,8/27/2026 11:09 AM,,2,MC,,"If you choose the answer to this question at random, what is the chance you will be correct?",False,1,50%,UnChecked,0,1
91ac17356d65df93442ab4e4ac8a3f49eb8318e801f6ced126d07f6311f0960b, 1,8/27/2026 11:05 AM,8/27/2026 11:09 AM,,2,MC,,"If you choose the answer to this question at random, what is the chance you will be correct?",False,1,60%,UnChecked,0,1
91ac17356d65df93442ab4e4ac8a3f49eb8318e801f6ced126d07f6311f0960b, 1,8/27/2026 11:05 AM,8/27/2026 11:09 AM,,2,MC,,"If you choose the answer to this question at random, what is the chance you will be correct?",False,1,25%,Checked,0,1
91ac17356d65df93442ab4e4ac8a3f49eb8318e801f6ced126d07f6311f0960b, 1,8/27/2026 11:05 AM,8/27/2026 11:09 AM,,3,T/F,,"Should the word ""Abbreviation"" be shorter?",False,1,True,Checked,1,1
91ac17356d65df93442ab4e4ac8a3f49eb8318e801f6ced126d07f6311f0960b, 1,8/27/2026 11:05 AM,8/27/2026 11:09 AM,,3,T/F,,"Should the word ""Abbreviation"" be shorter?",False,1,False,UnChecked,1,1
91ac17356d65df93442ab4e4ac8a3f49eb8318e801f6ced126d07f6311f0960b, 1,8/27/2026 11:05 AM,8/27/2026 11:09 AM,,4,MC,,How many letters are in the alphabet?,False,1,11,UnChecked,0,1
91ac17356d65df93442ab4e4ac8a3f49eb8318e801f6ced126d07f6311f0960b, 1,8/27/2026 11:05 AM,8/27/2026 11:09 AM,,4,MC,,How many letters are in the alphabet?,False,1,7,UnChecked,0,1
91ac17356d65df93442ab4e4ac8a3f49eb8318e801f6ced126d07f6311f0960b, 1,8/27/2026 11:05 AM,8/27/2026 11:09 AM,,4,MC,,How many letters are in the alphabet?,False,1,26,UnChecked,0,1
91ac17356d65df93442ab4e4ac8a3f49eb8318e801f6ced126d07f6311f0960b, 1,8/27/2026 11:05 AM,8/27/2026 11:09 AM,,4,MC,,How many letters are in the alphabet?,False,1,11010,Checked,0,1
91ac17356d65df93442ab4e4ac8a3f49eb8318e801f6ced126d07f6311f0960b, 1,8/27/2026 11:05 AM,8/27/2026 11:09 AM,,5,MC,,"If you take a ship and replaced all of the parts until none of the original parts of this ship are a part of the ship, what happens?",False,1,Disney sues you,Checked,0,1
91ac17356d65df93442ab4e4ac8a3f49eb8318e801f6ced126d07f6311f0960b, 1,8/27/2026 11:05 AM,8/27/2026 11:09 AM,,5,MC,,"If you take a ship and replaced all of the parts until none of the original parts of this ship are a part of the ship, what happens?",False,1,Paul Bettany joins you,UnChecked,0,1
91ac17356d65df93442ab4e4ac8a3f49eb8318e801f6ced126d07f6311f0960b, 1,8/27/2026 11:05 AM,8/27/2026 11:09 AM,,5,MC,,"If you take a ship and replaced all of the parts until none of the original parts of this ship are a part of the ship, what happens?",False,1,You have two ships,UnChecked,0,1
91ac17356d65df93442ab4e4ac8a3f49eb8318e801f6ced126d07f6311f0960b, 1,8/27/2026 11:05 AM,8/27/2026 11:09 AM,,6,T/F,,Something can be both New and Improved,False,1,True,Checked,0,1
91ac17356d65df93442ab4e4ac8a3f49eb8318e801f6ced126d07f6311f0960b, 1,8/27/2026 11:05 AM,8/27/2026 11:09 AM,,6,T/F,,Something can be both New and Improved,False,1,False,UnChecked,0,1
91ac17356d65df93442ab4e4ac8a3f49eb8318e801f6ced126d07f6311f0960b, 1,8/27/2026 11:05 AM,8/27/2026 11:09 AM,,7,FIB,,"My bologna has a first name, it's _______ my bologna has a second name, it's _______ ",False,1,Answer for blank # 1,Your,0,1
91ac17356d65df93442ab4e4ac8a3f49eb8318e801f6ced126d07f6311f0960b, 1,8/27/2026 11:05 AM,8/27/2026 11:09 AM,,7,FIB,,"My bologna has a first name, it's _______ my bologna has a second name, it's _______ ",False,1,Answer for blank # 2,You're,0,1
91ac17356d65df93442ab4e4ac8a3f49eb8318e801f6ced126d07f6311f0960b, 1,8/27/2026 11:05 AM,8/27/2026 11:09 AM,,8,MC,,Is your answer to this question 'no'?,False,1,yes,Checked,1,1
91ac17356d65df93442ab4e4ac8a3f49eb8318e801f6ced126d07f6311f0960b, 1,8/27/2026 11:05 AM,8/27/2026 11:09 AM,,8,MC,,Is your answer to this question 'no'?,False,1,no,UnChecked,1,1
91ac17356d65df93442ab4e4ac8a3f49eb8318e801f6ced126d07f6311f0960b, 1,8/27/2026 11:05 AM,8/27/2026 11:09 AM,,9,MC,,"In the word ""scent"", which letter is silent?",False,1,s,UnChecked,0,1
91ac17356d65df93442ab4e4ac8a3f49eb8318e801f6ced126d07f6311f0960b, 1,8/27/2026 11:05 AM,8/27/2026 11:09 AM,,9,MC,,"In the word ""scent"", which letter is silent?",False,1,c,Checked,0,1
91ac17356d65df93442ab4e4ac8a3f49eb8318e801f6ced126d07f6311f0960b, 1,8/27/2026 11:05 AM,8/27/2026 11:09 AM,,9,MC,,"In the word ""scent"", which letter is silent?",False,1,a,UnChecked,0,1
91ac17356d65df93442ab4e4ac8a3f49eb8318e801f6ced126d07f6311f0960b, 1,8/27/2026 11:05 AM,8/27/2026 11:09 AM,,9,MC,,"In the word ""scent"", which letter is silent?",False,1,p,UnChecked,0,1
91ac17356d65df93442ab4e4ac8a3f49eb8318e801f6ced126d07f6311f0960b, 1,8/27/2026 11:05 AM,8/27/2026 11:09 AM,,10,MC,,"If revenge is a dish best served cold, and revenge is sweet, then revenge is:",False,1,coca cola,Checked,0,1
91ac17356d65df93442ab4e4ac8a3f49eb8318e801f6ced126d07f6311f0960b, 1,8/27/2026 11:05 AM,8/27/2026 11:09 AM,,10,MC,,"If revenge is a dish best served cold, and revenge is sweet, then revenge is:",False,1,ice cream,UnChecked,0,1
91ac17356d65df93442ab4e4ac8a3f49eb8318e801f6ced126d07f6311f0960b, 1,8/27/2026 11:05 AM,8/27/2026 11:09 AM,,10,MC,,"If revenge is a dish best served cold, and revenge is sweet, then revenge is:",False,1,a popsicle,UnChecked,0,1
91ac17356d65df93442ab4e4ac8a3f49eb8318e801f6ced126d07f6311f0960b, 1,8/27/2026 11:05 AM,8/27/2026 11:09 AM,,10,MC,,"If revenge is a dish best served cold, and revenge is sweet, then revenge is:",False,1,frozen yogurt,UnChecked,0,1
23641564d124e740309d8d1653829c0069974bd653e9b305b74176ba0732c92a, 1,8/27/2026 11:03 AM,8/27/2026 11:09 AM,,1,MC,,"What is the answer to life, the universe, and everything?",False,1,38,UnChecked,0,1
23641564d124e740309d8d1653829c0069974bd653e9b305b74176ba0732c92a, 1,8/27/2026 11:03 AM,8/27/2026 11:09 AM,,1,MC,,"What is the answer to life, the universe, and everything?",False,1,39,UnChecked,0,1
23641564d124e740309d8d1653829c0069974bd653e9b305b74176ba0732c92a, 1,8/27/2026 11:03 AM,8/27/2026 11:09 AM,,1,MC,,"What is the answer to life, the universe, and everything?",False,1,40,Checked,0,1
23641564d124e740309d8d1653829c0069974bd653e9b305b74176ba0732c92a, 1,8/27/2026 11:03 AM,8/27/2026 11:09 AM,,1,MC,,"What is the answer to life, the universe, and everything?",False,1,41,UnChecked,0,1
23641564d124e740309d8d1653829c0069974bd653e9b305b74176ba0732c92a, 1,8/27/2026 11:03 AM,8/27/2026 11:09 AM,,2,MC,,"If you choose the answer to this question at random, what is the chance you will be correct?",False,1,25%,Checked,0,1
23641564d124e740309d8d1653829c0069974bd653e9b305b74176ba0732c92a, 1,8/27/2026 11:03 AM,8/27/2026 11:09 AM,,2,MC,,"If you choose the answer to this question at random, what is the chance you will be correct?",False,1,50%,UnChecked,0,1
23641564d124e740309d8d1653829c0069974bd653e9b305b74176ba0732c92a, 1,8/27/2026 11:03 AM,8/27/2026 11:09 AM,,2,MC,,"If you choose the answer to this question at random, what is the chance you will be correct?",False,1,60%,UnChecked,0,1
23641564d124e740309d8d1653829c0069974bd653e9b305b74176ba0732c92a, 1,8/27/2026 11:03 AM,8/27/2026 11:09 AM,,2,MC,,"If you choose the answer to this question at random, what is the chance you will be correct?",False,1,25%,UnChecked,0,1
23641564d124e740309d8d1653829c0069974bd653e9b305b74176ba0732c92a, 1,8/27/2026 11:03 AM,8/27/2026 11:09 AM,,3,T/F,,"Should the word ""Abbreviation"" be shorter?",False,1,True,Checked,1,1
23641564d124e740309d8d1653829c0069974bd653e9b305b74176ba0732c92a, 1,8/27/2026 11:03 AM,8/27/2026 11:09 AM,,3,T/F,,"Should the word ""Abbreviation"" be shorter?",False,1,False,UnChecked,1,1
23641564d124e740309d8d1653829c0069974bd653e9b305b74176ba0732c92a, 1,8/27/2026 11:03 AM,8/27/2026 11:09 AM,,4,MC,,How many letters are in the alphabet?,False,1,11,UnChecked,0,1
23641564d124e740309d8d1653829c0069974bd653e9b305b74176ba0732c92a, 1,8/27/2026 11:03 AM,8/27/2026 11:09 AM,,4,MC,,How many letters are in the alphabet?,False,1,7,UnChecked,0,1
23641564d124e740309d8d1653829c0069974bd653e9b305b74176ba0732c92a, 1,8/27/2026 11:03 AM,8/27/2026 11:09 AM,,4,MC,,How many letters are in the alphabet?,False,1,26,Checked,0,1
23641564d124e740309d8d1653829c0069974bd653e9b305b74176ba0732c92a, 1,8/27/2026 11:03 AM,8/27/2026 11:09 AM,,4,MC,,How many letters are in the alphabet?,False,1,11010,UnChecked,0,1
23641564d124e740309d8d1653829c0069974bd653e9b305b74176ba0732c92a, 1,8/27/2026 11:03 AM,8/27/2026 11:09 AM,,5,MC,,"If you take a ship and replaced all of the parts until none of the original parts of this ship are a part of the ship, what happens?",False,1,Disney sues you,Checked,0,1
23641564d124e740309d8d1653829c0069974bd653e9b305b74176ba0732c92a, 1,8/27/2026 11:03 AM,8/27/2026 11:09 AM,,5,MC,,"If you take a ship and replaced all of the parts until none of the original parts of this ship are a part of the ship, what happens?",False,1,Paul Bettany joins you,UnChecked,0,1
23641564d124e740309d8d1653829c0069974bd653e9b305b74176ba0732c92a, 1,8/27/2026 11:03 AM,8/27/2026 11:09 AM,,5,MC,,"If you take a ship and replaced all of the parts until none of the original parts of this ship are a part of the ship, what happens?",False,1,You have two ships,UnChecked,0,1
23641564d124e740309d8d1653829c0069974bd653e9b305b74176ba0732c92a, 1,8/27/2026 11:03 AM,8/27/2026 11:09 AM,,6,T/F,,Something can be both New and Improved,False,1,True,Checked,0,1
23641564d124e740309d8d1653829c0069974bd653e9b305b74176ba0732c92a, 1,8/27/2026 11:03 AM,8/27/2026 11:09 AM,,6,T/F,,Something can be both New and Improved,False,1,False,UnChecked,0,1
23641564d124e740309d8d1653829c0069974bd653e9b305b74176ba0732c92a, 1,8/27/2026 11:03 AM,8/27/2026 11:09 AM,,7,FIB,,"My bologna has a first name, it's _______ my bologna has a second name, it's _______ ",False,1,Answer for blank # 1,gawd,0,1
23641564d124e740309d8d1653829c0069974bd653e9b305b74176ba0732c92a, 1,8/27/2026 11:03 AM,8/27/2026 11:09 AM,,7,FIB,,"My bologna has a first name, it's _______ my bologna has a second name, it's _______ ",False,1,Answer for blank # 2,damn,0,1
23641564d124e740309d8d1653829c0069974bd653e9b305b74176ba0732c92a, 1,8/27/2026 11:03 AM,8/27/2026 11:09 AM,,8,MC,,Is your answer to this question 'no'?,False,1,yes,UnChecked,0,1
23641564d124e740309d8d1653829c0069974bd653e9b305b74176ba0732c92a, 1,8/27/2026 11:03 AM,8/27/2026 11:09 AM,,8,MC,,Is your answer to this question 'no'?,False,1,no,Checked,0,1
23641564d124e740309d8d1653829c0069974bd653e9b305b74176ba0732c92a, 1,8/27/2026 11:03 AM,8/27/2026 11:09 AM,,9,MC,,"In the word ""scent"", which letter is silent?",False,1,s,UnChecked,0,1
23641564d124e740309d8d1653829c0069974bd653e9b305b74176ba0732c92a, 1,8/27/2026 11:03 AM,8/27/2026 11:09 AM,,9,MC,,"In the word ""scent"", which letter is silent?",False,1,c,UnChecked,0,1
23641564d124e740309d8d1653829c0069974bd653e9b305b74176ba0732c92a, 1,8/27/2026 11:03 AM,8/27/2026 11:09 AM,,9,MC,,"In the word ""scent"", which letter is silent?",False,1,a,UnChecked,0,1
23641564d124e740309d8d1653829c0069974bd653e9b305b74176ba0732c92a, 1,8/27/2026 11:03 AM,8/27/2026 11:09 AM,,9,MC,,"In the word ""scent"", which letter is silent?",False,1,p,Checked,0,1
23641564d124e740309d8d1653829c0069974bd653e9b305b74176ba0732c92a, 1,8/27/2026 11:03 AM,8/27/2026 11:09 AM,,10,MC,,"If revenge is a dish best served cold, and revenge is sweet, then revenge is:",False,1,a popsicle,UnChecked,0,1
23641564d124e740309d8d1653829c0069974bd653e9b305b74176ba0732c92a, 1,8/27/2026 11:03 AM,8/27/2026 11:09 AM,,10,MC,,"If revenge is a dish best served cold, and revenge is sweet, then revenge is:",False,1,ice cream,UnChecked,0,1
23641564d124e740309d8d1653829c0069974bd653e9b305b74176ba0732c92a, 1,8/27/2026 11:03 AM,8/27/2026 11:09 AM,,10,MC,,"If revenge is a dish best served cold, and revenge is sweet, then revenge is:",False,1,frozen yogurt,UnChecked,0,1
23641564d124e740309d8d1653829c0069974bd653e9b305b74176ba0732c92a, 1,8/27/2026 11:03 AM,8/27/2026 11:09 AM,,10,MC,,"If revenge is a dish best served cold, and revenge is sweet, then revenge is:",False,1,coca cola,Checked,0,1
30d4d5a92ba9959a404f7fe25004f7caad54d79b8e0f91d0b0e6bff015974f48, 1,8/27/2026 11:07 AM,8/27/2026 11:09 AM,,1,MC,,"What is the answer to life, the universe, and everything?",False,1,38,UnChecked,0,1
30d4d5a92ba9959a404f7fe25004f7caad54d79b8e0f91d0b0e6bff015974f48, 1,8/27/2026 11:07 AM,8/27/2026 11:09 AM,,1,MC,,"What is the answer to life, the universe, and everything?",False,1,39,UnChecked,0,1
30d4d5a92ba9959a404f7fe25004f7caad54d79b8e0f91d0b0e6bff015974f48, 1,8/27/2026 11:07 AM,8/27/2026 11:09 AM,,1,MC,,"What is the answer to life, the universe, and everything?",False,1,40,UnChecked,0,1
30d4d5a92ba9959a404f7fe25004f7caad54d79b8e0f91d0b0e6bff015974f48, 1,8/27/2026 11:07 AM,8/27/2026 11:09 AM,,1,MC,,"What is the answer to life, the universe, and everything?",False,1,41,Checked,0,1
30d4d5a92ba9959a404f7fe25004f7caad54d79b8e0f91d0b0e6bff015974f48, 1,8/27/2026 11:07 AM,8/27/2026 11:09 AM,,2,MC,,"If you choose the answer to this question at random, what is the chance you will be correct?",False,1,25%,Checked,0,1
30d4d5a92ba9959a404f7fe25004f7caad54d79b8e0f91d0b0e6bff015974f48, 1,8/27/2026 11:07 AM,8/27/2026 11:09 AM,,2,MC,,"If you choose the answer to this question at random, what is the chance you will be correct?",False,1,50%,UnChecked,0,1
30d4d5a92ba9959a404f7fe25004f7caad54d79b8e0f91d0b0e6bff015974f48, 1,8/27/2026 11:07 AM,8/27/2026 11:09 AM,,2,MC,,"If you choose the answer to this question at random, what is the chance you will be correct?",False,1,60%,UnChecked,0,1
30d4d5a92ba9959a404f7fe25004f7caad54d79b8e0f91d0b0e6bff015974f48, 1,8/27/2026 11:07 AM,8/27/2026 11:09 AM,,2,MC,,"If you choose the answer to this question at random, what is the chance you will be correct?",False,1,25%,UnChecked,0,1
30d4d5a92ba9959a404f7fe25004f7caad54d79b8e0f91d0b0e6bff015974f48, 1,8/27/2026 11:07 AM,8/27/2026 11:09 AM,,3,T/F,,"Should the word ""Abbreviation"" be shorter?",False,1,True,Checked,1,1
30d4d5a92ba9959a404f7fe25004f7caad54d79b8e0f91d0b0e6bff015974f48, 1,8/27/2026 11:07 AM,8/27/2026 11:09 AM,,3,T/F,,"Should the word ""Abbreviation"" be shorter?",False,1,False,UnChecked,1,1
30d4d5a92ba9959a404f7fe25004f7caad54d79b8e0f91d0b0e6bff015974f48, 1,8/27/2026 11:07 AM,8/27/2026 11:09 AM,,4,MC,,How many letters are in the alphabet?,False,1,11,UnChecked,0,1
30d4d5a92ba9959a404f7fe25004f7caad54d79b8e0f91d0b0e6bff015974f48, 1,8/27/2026 11:07 AM,8/27/2026 11:09 AM,,4,MC,,How many letters are in the alphabet?,False,1,7,UnChecked,0,1
30d4d5a92ba9959a404f7fe25004f7caad54d79b8e0f91d0b0e6bff015974f48, 1,8/27/2026 11:07 AM,8/27/2026 11:09 AM,,4,MC,,How many letters are in the alphabet?,False,1,26,UnChecked,0,1
30d4d5a92ba9959a404f7fe25004f7caad54d79b8e0f91d0b0e6bff015974f48, 1,8/27/2026 11:07 AM,8/27/2026 11:09 AM,,4,MC,,How many letters are in the alphabet?,False,1,11010,Checked,0,1
30d4d5a92ba9959a404f7fe25004f7caad54d79b8e0f91d0b0e6bff015974f48, 1,8/27/2026 11:07 AM,8/27/2026 11:09 AM,,5,MC,,"If you take a ship and replaced all of the parts until none of the original parts of this ship are a part of the ship, what happens?",False,1,Disney sues you,Checked,0,1
30d4d5a92ba9959a404f7fe25004f7caad54d79b8e0f91d0b0e6bff015974f48, 1,8/27/2026 11:07 AM,8/27/2026 11:09 AM,,5,MC,,"If you take a ship and replaced all of the parts until none of the original parts of this ship are a part of the ship, what happens?",False,1,Paul Bettany joins you,UnChecked,0,1
30d4d5a92ba9959a404f7fe25004f7caad54d79b8e0f91d0b0e6bff015974f48, 1,8/27/2026 11:07 AM,8/27/2026 11:09 AM,,5,MC,,"If you take a ship and replaced all of the parts until none of the original parts of this ship are a part of the ship, what happens?",False,1,You have two ships,UnChecked,0,1
30d4d5a92ba9959a404f7fe25004f7caad54d79b8e0f91d0b0e6bff015974f48, 1,8/27/2026 11:07 AM,8/27/2026 11:09 AM,,6,T/F,,Something can be both New and Improved,False,1,True,Checked,0,1
30d4d5a92ba9959a404f7fe25004f7caad54d79b8e0f91d0b0e6bff015974f48, 1,8/27/2026 11:07 AM,8/27/2026 11:09 AM,,6,T/F,,Something can be both New and Improved,False,1,False,UnChecked,0,1
30d4d5a92ba9959a404f7fe25004f7caad54d79b8e0f91d0b0e6bff015974f48, 1,8/27/2026 11:07 AM,8/27/2026 11:09 AM,,7,FIB,,"My bologna has a first name, it's _______ my bologna has a second name, it's _______ ",False,1,Answer for blank # 1,bob,0,1
30d4d5a92ba9959a404f7fe25004f7caad54d79b8e0f91d0b0e6bff015974f48, 1,8/27/2026 11:07 AM,8/27/2026 11:09 AM,,7,FIB,,"My bologna has a first name, it's _______ my bologna has a second name, it's _______ ",False,1,Answer for blank # 2,bob,0,1
30d4d5a92ba9959a404f7fe25004f7caad54d79b8e0f91d0b0e6bff015974f48, 1,8/27/2026 11:07 AM,8/27/2026 11:09 AM,,8,MC,,Is your answer to this question 'no'?,False,1,yes,Checked,1,1
30d4d5a92ba9959a404f7fe25004f7caad54d79b8e0f91d0b0e6bff015974f48, 1,8/27/2026 11:07 AM,8/27/2026 11:09 AM,,8,MC,,Is your answer to this question 'no'?,False,1,no,UnChecked,1,1
30d4d5a92ba9959a404f7fe25004f7caad54d79b8e0f91d0b0e6bff015974f48, 1,8/27/2026 11:07 AM,8/27/2026 11:09 AM,,9,MC,,"In the word ""scent"", which letter is silent?",False,1,s,Checked,0,1
30d4d5a92ba9959a404f7fe25004f7caad54d79b8e0f91d0b0e6bff015974f48, 1,8/27/2026 11:07 AM,8/27/2026 11:09 AM,,9,MC,,"In the word ""scent"", which letter is silent?",False,1,c,UnChecked,0,1
30d4d5a92ba9959a404f7fe25004f7caad54d79b8e0f91d0b0e6bff015974f48, 1,8/27/2026 11:07 AM,8/27/2026 11:09 AM,,9,MC,,"In the word ""scent"", which letter is silent?",False,1,a,UnChecked,0,1
30d4d5a92ba9959a404f7fe25004f7caad54d79b8e0f91d0b0e6bff015974f48, 1,8/27/2026 11:07 AM,8/27/2026 11:09 AM,,9,MC,,"In the word ""scent"", which letter is silent?",False,1,p,UnChecked,0,1
30d4d5a92ba9959a404f7fe25004f7caad54d79b8e0f91d0b0e6bff015974f48, 1,8/27/2026 11:07 AM,8/27/2026 11:09 AM,,10,MC,,"If revenge is a dish best served cold, and revenge is sweet, then revenge is:",False,1,frozen yogurt,UnChecked,1,1
30d4d5a92ba9959a404f7fe25004f7caad54d79b8e0f91d0b0e6bff015974f48, 1,8/27/2026 11:07 AM,8/27/2026 11:09 AM,,10,MC,,"If revenge is a dish best served cold, and revenge is sweet, then revenge is:",False,1,coca cola,UnChecked,1,1
30d4d5a92ba9959a404f7fe25004f7caad54d79b8e0f91d0b0e6bff015974f48, 1,8/27/2026 11:07 AM,8/27/2026 11:09 AM,,10,MC,,"If revenge is a dish best served cold, and revenge is sweet, then revenge is:",False,1,ice cream,Checked,1,1
30d4d5a92ba9959a404f7fe25004f7caad54d79b8e0f91d0b0e6bff015974f48, 1,8/27/2026 11:07 AM,8/27/2026 11:09 AM,,10,MC,,"If revenge is a dish best served cold, and revenge is sweet, then revenge is:",False,1,a popsicle,UnChecked,1,1
